==============================================================================================================
============================******************************************************============================
==============================================================================================================
=====================================================================
========= Poker Table Summary: #Hand: 1

| 3♠ | 2♣ | 8♣ | 3♦ | Q♠ | 

Player ID: , Position: CutOff, Holding Cards: | 2♠ | K♥ | , Action: AllIn, 
Best Hand: 4147, Money: 2.250000, Reward: 2.250000
Bandit Agent 
    |     CO      |     DE      |    DE_CO    |     SB      |    SB_CO    |    SB_DE    |  SB_CO_DE   |    BB_CO    |    BB_DE    |    BB_SB    |  BB_CO_DE   |  BB_CO_SB   |  BB_DE_SB   | BB_CO_DE_SB |
22o | A 0.0000000 | A 0.0000000 | A 0.0000000 | A 0.0000000 | A 0.0000000 | A 0.0000000 | A 0.0000000 | A 0.0000000 | A 0.0000000 | A 0.0000000 | A 0.0000000 | A 0.0000000 | A 0.0000000 | A 0.0000000 |
32o | A 0.0000000 | A 0.0000000 | A 0.0000000 | A 0.0000000 | A 0.0000000 | A 0.0000000 | A 0.0000000 | A 0.0000000 | A 0.0000000 | A 0.0000000 | A 0.0000000 | A 0.0000000 | A 0.0000000 | A 0.0000000 |
32s | A 0.0000000 | A 0.0000000 | A 0.0000000 | A 0.0000000 | A 0.0000000 | A 0.0000000 | A 0.0000000 | A 0.0000000 | A 0.0000000 | A 0.0000000 | A 0.0000000 | A 0.0000000 | A 0.0000000 | A 0.0000000 |
33o | A 0.0000000 | A 0.0000000 | A 0.0000000 | A 0.0000000 | A 0.0000000 | A 0.0000000 | A 0.0000000 | A 0.0000000 | A 0.0000000 | A 0.0000000 | A 0.0000000 | A 0.0000000 | A 0.0000000 | A 0.0000000 |
42o | A 0.0000000 | A 0.0000000 | A 0.0000000 | A 0.0000000 | A 0.0000000 | A 0.0000000 | A 0.0000000 | A 0.0000000 | A 0.0000000 | A 0.0000000 | A 0.0000000 | A 0.0000000 | A 0.0000000 | A 0.0000000 |
42s | A 0.0000000 | A 0.0000000 | A 0.0000000 | A 0.0000000 | A 0.0000000 | A 0.0000000 | A 0.0000000 | A 0.0000000 | A 0.0000000 | A 0.0000000 | A 0.0000000 | A 0.0000000 | A 0.0000000 | A 0.0000000 |
43o | A 0.0000000 | A 0.0000000 | A 0.0000000 | A 0.0000000 | A 0.0000000 | A 0.0000000 | A 0.0000000 | A 0.0000000 | A 0.0000000 | A 0.0000000 | A 0.0000000 | A 0.0000000 | A 0.0000000 | A 0.0000000 |
43s | A 0.0000000 | A 0.0000000 | A 0.0000000 | A 0.0000000 | A 0.0000000 | A 0.0000000 | A 0.0000000 | A 0.0000000 | A 0.0000000 | A 0.0000000 | A 0.0000000 | A 0.0000000 | A 0.0000000 | A 0.0000000 |
44o | A 0.0000000 | A 0.0000000 | A 0.0000000 | A 0.0000000 | A 0.0000000 | A 0.0000000 | A 0.0000000 | A 0.0000000 | A 0.0000000 | A 0.0000000 | A 0.0000000 | A 0.0000000 | A 0.0000000 | A 0.0000000 |
52o | A 0.0000000 | A 0.0000000 | A 0.0000000 | A 0.0000000 | A 0.0000000 | A 0.0000000 | A 0.0000000 | A 0.0000000 | A 0.0000000 | A 0.0000000 | A 0.0000000 | A 0.0000000 | A 0.0000000 | A 0.0000000 |
52s | A 0.0000000 | A 0.0000000 | A 0.0000000 | A 0.0000000 | A 0.0000000 | A 0.0000000 | A 0.0000000 | A 0.0000000 | A 0.0000000 | A 0.0000000 | A 0.0000000 | A 0.0000000 | A 0.0000000 | A 0.0000000 |
53o | A 0.0000000 | A 0.0000000 | A 0.0000000 | A 0.0000000 | A 0.0000000 | A 0.0000000 | A 0.0000000 | A 0.0000000 | A 0.0000000 | A 0.0000000 | A 0.0000000 | A 0.0000000 | A 0.0000000 | A 0.0000000 |
53s | A 0.0000000 | A 0.0000000 | A 0.0000000 | A 0.0000000 | A 0.0000000 | A 0.0000000 | A 0.0000000 | A 0.0000000 | A 0.0000000 | A 0.0000000 | A 0.0000000 | A 0.0000000 | A 0.0000000 | A 0.0000000 |
54o | A 0.0000000 | A 0.0000000 | A 0.0000000 | A 0.0000000 | A 0.0000000 | A 0.0000000 | A 0.0000000 | A 0.0000000 | A 0.0000000 | A 0.0000000 | A 0.0000000 | A 0.0000000 | A 0.0000000 | A 0.0000000 |
54s | A 0.0000000 | A 0.0000000 | A 0.0000000 | A 0.0000000 | A 0.0000000 | A 0.0000000 | A 0.0000000 | A 0.0000000 | A 0.0000000 | A 0.0000000 | A 0.0000000 | A 0.0000000 | A 0.0000000 | A 0.0000000 |
55o | A 0.0000000 | A 0.0000000 | A 0.0000000 | A 0.0000000 | A 0.0000000 | A 0.0000000 | A 0.0000000 | A 0.0000000 | A 0.0000000 | A 0.0000000 | A 0.0000000 | A 0.0000000 | A 0.0000000 | A 0.0000000 |
62o | A 0.0000000 | A 0.0000000 | A 0.0000000 | A 0.0000000 | A 0.0000000 | A 0.0000000 | A 0.0000000 | A 0.0000000 | A 0.0000000 | A 0.0000000 | A 0.0000000 | A 0.0000000 | A 0.0000000 | A 0.0000000 |
62s | A 0.0000000 | A 0.0000000 | A 0.0000000 | A 0.0000000 | A 0.0000000 | A 0.0000000 | A 0.0000000 | A 0.0000000 | A 0.0000000 | A 0.0000000 | A 0.0000000 | A 0.0000000 | A 0.0000000 | A 0.0000000 |
63o | A 0.0000000 | A 0.0000000 | A 0.0000000 | A 0.0000000 | A 0.0000000 | A 0.0000000 | A 0.0000000 | A 0.0000000 | A 0.0000000 | A 0.0000000 | A 0.0000000 | A 0.0000000 | A 0.0000000 | A 0.0000000 |
63s | A 0.0000000 | A 0.0000000 | A 0.0000000 | A 0.0000000 | A 0.0000000 | A 0.0000000 | A 0.0000000 | A 0.0000000 | A 0.0000000 | A 0.0000000 | A 0.0000000 | A 0.0000000 | A 0.0000000 | A 0.0000000 |
64o | A 0.0000000 | A 0.0000000 | A 0.0000000 | A 0.0000000 | A 0.0000000 | A 0.0000000 | A 0.0000000 | A 0.0000000 | A 0.0000000 | A 0.0000000 | A 0.0000000 | A 0.0000000 | A 0.0000000 | A 0.0000000 |
64s | A 0.0000000 | A 0.0000000 | A 0.0000000 | A 0.0000000 | A 0.0000000 | A 0.0000000 | A 0.0000000 | A 0.0000000 | A 0.0000000 | A 0.0000000 | A 0.0000000 | A 0.0000000 | A 0.0000000 | A 0.0000000 |
65o | A 0.0000000 | A 0.0000000 | A 0.0000000 | A 0.0000000 | A 0.0000000 | A 0.0000000 | A 0.0000000 | A 0.0000000 | A 0.0000000 | A 0.0000000 | A 0.0000000 | A 0.0000000 | A 0.0000000 | A 0.0000000 |
65s | A 0.0000000 | A 0.0000000 | A 0.0000000 | A 0.0000000 | A 0.0000000 | A 0.0000000 | A 0.0000000 | A 0.0000000 | A 0.0000000 | A 0.0000000 | A 0.0000000 | A 0.0000000 | A 0.0000000 | A 0.0000000 |
66o | A 0.0000000 | A 0.0000000 | A 0.0000000 | A 0.0000000 | A 0.0000000 | A 0.0000000 | A 0.0000000 | A 0.0000000 | A 0.0000000 | A 0.0000000 | A 0.0000000 | A 0.0000000 | A 0.0000000 | A 0.0000000 |
72o | A 0.0000000 | A 0.0000000 | A 0.0000000 | A 0.0000000 | A 0.0000000 | A 0.0000000 | A 0.0000000 | A 0.0000000 | A 0.0000000 | A 0.0000000 | A 0.0000000 | A 0.0000000 | A 0.0000000 | A 0.0000000 |
72s | A 0.0000000 | A 0.0000000 | A 0.0000000 | A 0.0000000 | A 0.0000000 | A 0.0000000 | A 0.0000000 | A 0.0000000 | A 0.0000000 | A 0.0000000 | A 0.0000000 | A 0.0000000 | A 0.0000000 | A 0.0000000 |
73o | A 0.0000000 | A 0.0000000 | A 0.0000000 | A 0.0000000 | A 0.0000000 | A 0.0000000 | A 0.0000000 | A 0.0000000 | A 0.0000000 | A 0.0000000 | A 0.0000000 | A 0.0000000 | A 0.0000000 | A 0.0000000 |
73s | A 0.0000000 | A 0.0000000 | A 0.0000000 | A 0.0000000 | A 0.0000000 | A 0.0000000 | A 0.0000000 | A 0.0000000 | A 0.0000000 | A 0.0000000 | A 0.0000000 | A 0.0000000 | A 0.0000000 | A 0.0000000 |
74o | A 0.0000000 | A 0.0000000 | A 0.0000000 | A 0.0000000 | A 0.0000000 | A 0.0000000 | A 0.0000000 | A 0.0000000 | A 0.0000000 | A 0.0000000 | A 0.0000000 | A 0.0000000 | A 0.0000000 | A 0.0000000 |
74s | A 0.0000000 | A 0.0000000 | A 0.0000000 | A 0.0000000 | A 0.0000000 | A 0.0000000 | A 0.0000000 | A 0.0000000 | A 0.0000000 | A 0.0000000 | A 0.0000000 | A 0.0000000 | A 0.0000000 | A 0.0000000 |
75o | A 0.0000000 | A 0.0000000 | A 0.0000000 | A 0.0000000 | A 0.0000000 | A 0.0000000 | A 0.0000000 | A 0.0000000 | A 0.0000000 | A 0.0000000 | A 0.0000000 | A 0.0000000 | A 0.0000000 | A 0.0000000 |
75s | A 0.0000000 | A 0.0000000 | A 0.0000000 | A 0.0000000 | A 0.0000000 | A 0.0000000 | A 0.0000000 | A 0.0000000 | A 0.0000000 | A 0.0000000 | A 0.0000000 | A 0.0000000 | A 0.0000000 | A 0.0000000 |
76o | A 0.0000000 | A 0.0000000 | A 0.0000000 | A 0.0000000 | A 0.0000000 | A 0.0000000 | A 0.0000000 | A 0.0000000 | A 0.0000000 | A 0.0000000 | A 0.0000000 | A 0.0000000 | A 0.0000000 | A 0.0000000 |
76s | A 0.0000000 | A 0.0000000 | A 0.0000000 | A 0.0000000 | A 0.0000000 | A 0.0000000 | A 0.0000000 | A 0.0000000 | A 0.0000000 | A 0.0000000 | A 0.0000000 | A 0.0000000 | A 0.0000000 | A 0.0000000 |
77o | A 0.0000000 | A 0.0000000 | A 0.0000000 | A 0.0000000 | A 0.0000000 | A 0.0000000 | A 0.0000000 | A 0.0000000 | A 0.0000000 | A 0.0000000 | A 0.0000000 | A 0.0000000 | A 0.0000000 | A 0.0000000 |
82o | A 0.0000000 | A 0.0000000 | A 0.0000000 | A 0.0000000 | A 0.0000000 | A 0.0000000 | A 0.0000000 | A 0.0000000 | A 0.0000000 | A 0.0000000 | A 0.0000000 | A 0.0000000 | A 0.0000000 | A 0.0000000 |
82s | A 0.0000000 | A 0.0000000 | A 0.0000000 | A 0.0000000 | A 0.0000000 | A 0.0000000 | A 0.0000000 | A 0.0000000 | A 0.0000000 | A 0.0000000 | A 0.0000000 | A 0.0000000 | A 0.0000000 | A 0.0000000 |
83o | A 0.0000000 | A 0.0000000 | A 0.0000000 | A 0.0000000 | A 0.0000000 | A 0.0000000 | A 0.0000000 | A 0.0000000 | A 0.0000000 | A 0.0000000 | A 0.0000000 | A 0.0000000 | A 0.0000000 | A 0.0000000 |
83s | A 0.0000000 | A 0.0000000 | A 0.0000000 | A 0.0000000 | A 0.0000000 | A 0.0000000 | A 0.0000000 | A 0.0000000 | A 0.0000000 | A 0.0000000 | A 0.0000000 | A 0.0000000 | A 0.0000000 | A 0.0000000 |
84o | A 0.0000000 | A 0.0000000 | A 0.0000000 | A 0.0000000 | A 0.0000000 | A 0.0000000 | A 0.0000000 | A 0.0000000 | A 0.0000000 | A 0.0000000 | A 0.0000000 | A 0.0000000 | A 0.0000000 | A 0.0000000 |
84s | A 0.0000000 | A 0.0000000 | A 0.0000000 | A 0.0000000 | A 0.0000000 | A 0.0000000 | A 0.0000000 | A 0.0000000 | A 0.0000000 | A 0.0000000 | A 0.0000000 | A 0.0000000 | A 0.0000000 | A 0.0000000 |
85o | A 0.0000000 | A 0.0000000 | A 0.0000000 | A 0.0000000 | A 0.0000000 | A 0.0000000 | A 0.0000000 | A 0.0000000 | A 0.0000000 | A 0.0000000 | A 0.0000000 | A 0.0000000 | A 0.0000000 | A 0.0000000 |
85s | A 0.0000000 | A 0.0000000 | A 0.0000000 | A 0.0000000 | A 0.0000000 | A 0.0000000 | A 0.0000000 | A 0.0000000 | A 0.0000000 | A 0.0000000 | A 0.0000000 | A 0.0000000 | A 0.0000000 | A 0.0000000 |
86o | A 0.0000000 | A 0.0000000 | A 0.0000000 | A 0.0000000 | A 0.0000000 | A 0.0000000 | A 0.0000000 | A 0.0000000 | A 0.0000000 | A 0.0000000 | A 0.0000000 | A 0.0000000 | A 0.0000000 | A 0.0000000 |
86s | A 0.0000000 | A 0.0000000 | A 0.0000000 | A 0.0000000 | A 0.0000000 | A 0.0000000 | A 0.0000000 | A 0.0000000 | A 0.0000000 | A 0.0000000 | A 0.0000000 | A 0.0000000 | A 0.0000000 | A 0.0000000 |
87o | A 0.0000000 | A 0.0000000 | A 0.0000000 | A 0.0000000 | A 0.0000000 | A 0.0000000 | A 0.0000000 | A 0.0000000 | A 0.0000000 | A 0.0000000 | A 0.0000000 | A 0.0000000 | A 0.0000000 | A 0.0000000 |
87s | A 0.0000000 | A 0.0000000 | A 0.0000000 | A 0.0000000 | A 0.0000000 | A 0.0000000 | A 0.0000000 | A 0.0000000 | A 0.0000000 | A 0.0000000 | A 0.0000000 | A 0.0000000 | A 0.0000000 | A 0.0000000 |
88o | A 0.0000000 | A 0.0000000 | A 0.0000000 | A 0.0000000 | A 0.0000000 | A 0.0000000 | A 0.0000000 | A 0.0000000 | A 0.0000000 | A 0.0000000 | A 0.0000000 | A 0.0000000 | A 0.0000000 | A 0.0000000 |
92o | A 0.0000000 | A 0.0000000 | A 0.0000000 | A 0.0000000 | A 0.0000000 | A 0.0000000 | A 0.0000000 | A 0.0000000 | A 0.0000000 | A 0.0000000 | A 0.0000000 | A 0.0000000 | A 0.0000000 | A 0.0000000 |
92s | A 0.0000000 | A 0.0000000 | A 0.0000000 | A 0.0000000 | A 0.0000000 | A 0.0000000 | A 0.0000000 | A 0.0000000 | A 0.0000000 | A 0.0000000 | A 0.0000000 | A 0.0000000 | A 0.0000000 | A 0.0000000 |
93o | A 0.0000000 | A 0.0000000 | A 0.0000000 | A 0.0000000 | A 0.0000000 | A 0.0000000 | A 0.0000000 | A 0.0000000 | A 0.0000000 | A 0.0000000 | A 0.0000000 | A 0.0000000 | A 0.0000000 | A 0.0000000 |
93s | A 0.0000000 | A 0.0000000 | A 0.0000000 | A 0.0000000 | A 0.0000000 | A 0.0000000 | A 0.0000000 | A 0.0000000 | A 0.0000000 | A 0.0000000 | A 0.0000000 | A 0.0000000 | A 0.0000000 | A 0.0000000 |
94o | A 0.0000000 | A 0.0000000 | A 0.0000000 | A 0.0000000 | A 0.0000000 | A 0.0000000 | A 0.0000000 | A 0.0000000 | A 0.0000000 | A 0.0000000 | A 0.0000000 | A 0.0000000 | A 0.0000000 | A 0.0000000 |
94s | A 0.0000000 | A 0.0000000 | A 0.0000000 | A 0.0000000 | A 0.0000000 | A 0.0000000 | A 0.0000000 | A 0.0000000 | A 0.0000000 | A 0.0000000 | A 0.0000000 | A 0.0000000 | A 0.0000000 | A 0.0000000 |
95o | A 0.0000000 | A 0.0000000 | A 0.0000000 | A 0.0000000 | A 0.0000000 | A 0.0000000 | A 0.0000000 | A 0.0000000 | A 0.0000000 | A 0.0000000 | A 0.0000000 | A 0.0000000 | A 0.0000000 | A 0.0000000 |
95s | A 0.0000000 | A 0.0000000 | A 0.0000000 | A 0.0000000 | A 0.0000000 | A 0.0000000 | A 0.0000000 | A 0.0000000 | A 0.0000000 | A 0.0000000 | A 0.0000000 | A 0.0000000 | A 0.0000000 | A 0.0000000 |
96o | A 0.0000000 | A 0.0000000 | A 0.0000000 | A 0.0000000 | A 0.0000000 | A 0.0000000 | A 0.0000000 | A 0.0000000 | A 0.0000000 | A 0.0000000 | A 0.0000000 | A 0.0000000 | A 0.0000000 | A 0.0000000 |
96s | A 0.0000000 | A 0.0000000 | A 0.0000000 | A 0.0000000 | A 0.0000000 | A 0.0000000 | A 0.0000000 | A 0.0000000 | A 0.0000000 | A 0.0000000 | A 0.0000000 | A 0.0000000 | A 0.0000000 | A 0.0000000 |
97o | A 0.0000000 | A 0.0000000 | A 0.0000000 | A 0.0000000 | A 0.0000000 | A 0.0000000 | A 0.0000000 | A 0.0000000 | A 0.0000000 | A 0.0000000 | A 0.0000000 | A 0.0000000 | A 0.0000000 | A 0.0000000 |
97s | A 0.0000000 | A 0.0000000 | A 0.0000000 | A 0.0000000 | A 0.0000000 | A 0.0000000 | A 0.0000000 | A 0.0000000 | A 0.0000000 | A 0.0000000 | A 0.0000000 | A 0.0000000 | A 0.0000000 | A 0.0000000 |
98o | A 0.0000000 | A 0.0000000 | A 0.0000000 | A 0.0000000 | A 0.0000000 | A 0.0000000 | A 0.0000000 | A 0.0000000 | A 0.0000000 | A 0.0000000 | A 0.0000000 | A 0.0000000 | A 0.0000000 | A 0.0000000 |
98s | A 0.0000000 | A 0.0000000 | A 0.0000000 | A 0.0000000 | A 0.0000000 | A 0.0000000 | A 0.0000000 | A 0.0000000 | A 0.0000000 | A 0.0000000 | A 0.0000000 | A 0.0000000 | A 0.0000000 | A 0.0000000 |
99o | A 0.0000000 | A 0.0000000 | A 0.0000000 | A 0.0000000 | A 0.0000000 | A 0.0000000 | A 0.0000000 | A 0.0000000 | A 0.0000000 | A 0.0000000 | A 0.0000000 | A 0.0000000 | A 0.0000000 | A 0.0000000 |
T2o | A 0.0000000 | A 0.0000000 | A 0.0000000 | A 0.0000000 | A 0.0000000 | A 0.0000000 | A 0.0000000 | A 0.0000000 | A 0.0000000 | A 0.0000000 | A 0.0000000 | A 0.0000000 | A 0.0000000 | A 0.0000000 |
T2s | A 0.0000000 | A 0.0000000 | A 0.0000000 | A 0.0000000 | A 0.0000000 | A 0.0000000 | A 0.0000000 | A 0.0000000 | A 0.0000000 | A 0.0000000 | A 0.0000000 | A 0.0000000 | A 0.0000000 | A 0.0000000 |
T3o | A 0.0000000 | A 0.0000000 | A 0.0000000 | A 0.0000000 | A 0.0000000 | A 0.0000000 | A 0.0000000 | A 0.0000000 | A 0.0000000 | A 0.0000000 | A 0.0000000 | A 0.0000000 | A 0.0000000 | A 0.0000000 |
T3s | A 0.0000000 | A 0.0000000 | A 0.0000000 | A 0.0000000 | A 0.0000000 | A 0.0000000 | A 0.0000000 | A 0.0000000 | A 0.0000000 | A 0.0000000 | A 0.0000000 | A 0.0000000 | A 0.0000000 | A 0.0000000 |
T4o | A 0.0000000 | A 0.0000000 | A 0.0000000 | A 0.0000000 | A 0.0000000 | A 0.0000000 | A 0.0000000 | A 0.0000000 | A 0.0000000 | A 0.0000000 | A 0.0000000 | A 0.0000000 | A 0.0000000 | A 0.0000000 |
T4s | A 0.0000000 | A 0.0000000 | A 0.0000000 | A 0.0000000 | A 0.0000000 | A 0.0000000 | A 0.0000000 | A 0.0000000 | A 0.0000000 | A 0.0000000 | A 0.0000000 | A 0.0000000 | A 0.0000000 | A 0.0000000 |
T5o | A 0.0000000 | A 0.0000000 | A 0.0000000 | A 0.0000000 | A 0.0000000 | A 0.0000000 | A 0.0000000 | A 0.0000000 | A 0.0000000 | A 0.0000000 | A 0.0000000 | A 0.0000000 | A 0.0000000 | A 0.0000000 |
T5s | A 0.0000000 | A 0.0000000 | A 0.0000000 | A 0.0000000 | A 0.0000000 | A 0.0000000 | A 0.0000000 | A 0.0000000 | A 0.0000000 | A 0.0000000 | A 0.0000000 | A 0.0000000 | A 0.0000000 | A 0.0000000 |
T6o | A 0.0000000 | A 0.0000000 | A 0.0000000 | A 0.0000000 | A 0.0000000 | A 0.0000000 | A 0.0000000 | A 0.0000000 | A 0.0000000 | A 0.0000000 | A 0.0000000 | A 0.0000000 | A 0.0000000 | A 0.0000000 |
T6s | A 0.0000000 | A 0.0000000 | A 0.0000000 | A 0.0000000 | A 0.0000000 | A 0.0000000 | A 0.0000000 | A 0.0000000 | A 0.0000000 | A 0.0000000 | A 0.0000000 | A 0.0000000 | A 0.0000000 | A 0.0000000 |
T7o | A 0.0000000 | A 0.0000000 | A 0.0000000 | A 0.0000000 | A 0.0000000 | A 0.0000000 | A 0.0000000 | A 0.0000000 | A 0.0000000 | A 0.0000000 | A 0.0000000 | A 0.0000000 | A 0.0000000 | A 0.0000000 |
T7s | A 0.0000000 | A 0.0000000 | A 0.0000000 | A 0.0000000 | A 0.0000000 | A 0.0000000 | A 0.0000000 | A 0.0000000 | A 0.0000000 | A 0.0000000 | A 0.0000000 | A 0.0000000 | A 0.0000000 | A 0.0000000 |
T8o | A 0.0000000 | A 0.0000000 | A 0.0000000 | A 0.0000000 | A 0.0000000 | A 0.0000000 | A 0.0000000 | A 0.0000000 | A 0.0000000 | A 0.0000000 | A 0.0000000 | A 0.0000000 | A 0.0000000 | A 0.0000000 |
T8s | A 0.0000000 | A 0.0000000 | A 0.0000000 | A 0.0000000 | A 0.0000000 | A 0.0000000 | A 0.0000000 | A 0.0000000 | A 0.0000000 | A 0.0000000 | A 0.0000000 | A 0.0000000 | A 0.0000000 | A 0.0000000 |
T9o | A 0.0000000 | A 0.0000000 | A 0.0000000 | A 0.0000000 | A 0.0000000 | A 0.0000000 | A 0.0000000 | A 0.0000000 | A 0.0000000 | A 0.0000000 | A 0.0000000 | A 0.0000000 | A 0.0000000 | A 0.0000000 |
T9s | A 0.0000000 | A 0.0000000 | A 0.0000000 | A 0.0000000 | A 0.0000000 | A 0.0000000 | A 0.0000000 | A 0.0000000 | A 0.0000000 | A 0.0000000 | A 0.0000000 | A 0.0000000 | A 0.0000000 | A 0.0000000 |
TTo | A 0.0000000 | A 0.0000000 | A 0.0000000 | A 0.0000000 | A 0.0000000 | A 0.0000000 | A 0.0000000 | A 0.0000000 | A 0.0000000 | A 0.0000000 | A 0.0000000 | A 0.0000000 | A 0.0000000 | A 0.0000000 |
J2o | A 0.0000000 | A 0.0000000 | A 0.0000000 | A 0.0000000 | A 0.0000000 | A 0.0000000 | A 0.0000000 | A 0.0000000 | A 0.0000000 | A 0.0000000 | A 0.0000000 | A 0.0000000 | A 0.0000000 | A 0.0000000 |
J2s | A 0.0000000 | A 0.0000000 | A 0.0000000 | A 0.0000000 | A 0.0000000 | A 0.0000000 | A 0.0000000 | A 0.0000000 | A 0.0000000 | A 0.0000000 | A 0.0000000 | A 0.0000000 | A 0.0000000 | A 0.0000000 |
J3o | A 0.0000000 | A 0.0000000 | A 0.0000000 | A 0.0000000 | A 0.0000000 | A 0.0000000 | A 0.0000000 | A 0.0000000 | A 0.0000000 | A 0.0000000 | A 0.0000000 | A 0.0000000 | A 0.0000000 | A 0.0000000 |
J3s | A 0.0000000 | A 0.0000000 | A 0.0000000 | A 0.0000000 | A 0.0000000 | A 0.0000000 | A 0.0000000 | A 0.0000000 | A 0.0000000 | A 0.0000000 | A 0.0000000 | A 0.0000000 | A 0.0000000 | A 0.0000000 |
J4o | A 0.0000000 | A 0.0000000 | A 0.0000000 | A 0.0000000 | A 0.0000000 | A 0.0000000 | A 0.0000000 | A 0.0000000 | A 0.0000000 | A 0.0000000 | A 0.0000000 | A 0.0000000 | A 0.0000000 | A 0.0000000 |
J4s | A 0.0000000 | A 0.0000000 | A 0.0000000 | A 0.0000000 | A 0.0000000 | A 0.0000000 | A 0.0000000 | A 0.0000000 | A 0.0000000 | A 0.0000000 | A 0.0000000 | A 0.0000000 | A 0.0000000 | A 0.0000000 |
J5o | A 0.0000000 | A 0.0000000 | A 0.0000000 | A 0.0000000 | A 0.0000000 | A 0.0000000 | A 0.0000000 | A 0.0000000 | A 0.0000000 | A 0.0000000 | A 0.0000000 | A 0.0000000 | A 0.0000000 | A 0.0000000 |
J5s | A 0.0000000 | A 0.0000000 | A 0.0000000 | A 0.0000000 | A 0.0000000 | A 0.0000000 | A 0.0000000 | A 0.0000000 | A 0.0000000 | A 0.0000000 | A 0.0000000 | A 0.0000000 | A 0.0000000 | A 0.0000000 |
J6o | A 0.0000000 | A 0.0000000 | A 0.0000000 | A 0.0000000 | A 0.0000000 | A 0.0000000 | A 0.0000000 | A 0.0000000 | A 0.0000000 | A 0.0000000 | A 0.0000000 | A 0.0000000 | A 0.0000000 | A 0.0000000 |
J6s | A 0.0000000 | A 0.0000000 | A 0.0000000 | A 0.0000000 | A 0.0000000 | A 0.0000000 | A 0.0000000 | A 0.0000000 | A 0.0000000 | A 0.0000000 | A 0.0000000 | A 0.0000000 | A 0.0000000 | A 0.0000000 |
J7o | A 0.0000000 | A 0.0000000 | A 0.0000000 | A 0.0000000 | A 0.0000000 | A 0.0000000 | A 0.0000000 | A 0.0000000 | A 0.0000000 | A 0.0000000 | A 0.0000000 | A 0.0000000 | A 0.0000000 | A 0.0000000 |
J7s | A 0.0000000 | A 0.0000000 | A 0.0000000 | A 0.0000000 | A 0.0000000 | A 0.0000000 | A 0.0000000 | A 0.0000000 | A 0.0000000 | A 0.0000000 | A 0.0000000 | A 0.0000000 | A 0.0000000 | A 0.0000000 |
J8o | A 0.0000000 | A 0.0000000 | A 0.0000000 | A 0.0000000 | A 0.0000000 | A 0.0000000 | A 0.0000000 | A 0.0000000 | A 0.0000000 | A 0.0000000 | A 0.0000000 | A 0.0000000 | A 0.0000000 | A 0.0000000 |
J8s | A 0.0000000 | A 0.0000000 | A 0.0000000 | A 0.0000000 | A 0.0000000 | A 0.0000000 | A 0.0000000 | A 0.0000000 | A 0.0000000 | A 0.0000000 | A 0.0000000 | A 0.0000000 | A 0.0000000 | A 0.0000000 |
J9o | A 0.0000000 | A 0.0000000 | A 0.0000000 | A 0.0000000 | A 0.0000000 | A 0.0000000 | A 0.0000000 | A 0.0000000 | A 0.0000000 | A 0.0000000 | A 0.0000000 | A 0.0000000 | A 0.0000000 | A 0.0000000 |
J9s | A 0.0000000 | A 0.0000000 | A 0.0000000 | A 0.0000000 | A 0.0000000 | A 0.0000000 | A 0.0000000 | A 0.0000000 | A 0.0000000 | A 0.0000000 | A 0.0000000 | A 0.0000000 | A 0.0000000 | A 0.0000000 |
JTo | A 0.0000000 | A 0.0000000 | A 0.0000000 | A 0.0000000 | A 0.0000000 | A 0.0000000 | A 0.0000000 | A 0.0000000 | A 0.0000000 | A 0.0000000 | A 0.0000000 | A 0.0000000 | A 0.0000000 | A 0.0000000 |
JTs | A 0.0000000 | A 0.0000000 | A 0.0000000 | A 0.0000000 | A 0.0000000 | A 0.0000000 | A 0.0000000 | A 0.0000000 | A 0.0000000 | A 0.0000000 | A 0.0000000 | A 0.0000000 | A 0.0000000 | A 0.0000000 |
JJo | A 0.0000000 | A 0.0000000 | A 0.0000000 | A 0.0000000 | A 0.0000000 | A 0.0000000 | A 0.0000000 | A 0.0000000 | A 0.0000000 | A 0.0000000 | A 0.0000000 | A 0.0000000 | A 0.0000000 | A 0.0000000 |
Q2o | A 0.0000000 | A 0.0000000 | A 0.0000000 | A 0.0000000 | A 0.0000000 | A 0.0000000 | A 0.0000000 | A 0.0000000 | A 0.0000000 | A 0.0000000 | A 0.0000000 | A 0.0000000 | A 0.0000000 | A 0.0000000 |
Q2s | A 0.0000000 | A 0.0000000 | A 0.0000000 | A 0.0000000 | A 0.0000000 | A 0.0000000 | A 0.0000000 | A 0.0000000 | A 0.0000000 | A 0.0000000 | A 0.0000000 | A 0.0000000 | A 0.0000000 | A 0.0000000 |
Q3o | A 0.0000000 | A 0.0000000 | A 0.0000000 | A 0.0000000 | A 0.0000000 | A 0.0000000 | A 0.0000000 | A 0.0000000 | A 0.0000000 | A 0.0000000 | A 0.0000000 | A 0.0000000 | A 0.0000000 | A 0.0000000 |
Q3s | A 0.0000000 | A 0.0000000 | A 0.0000000 | A 0.0000000 | A 0.0000000 | A 0.0000000 | A 0.0000000 | A 0.0000000 | A 0.0000000 | A 0.0000000 | A 0.0000000 | A 0.0000000 | A 0.0000000 | A 0.0000000 |
Q4o | A 0.0000000 | A 0.0000000 | A 0.0000000 | A 0.0000000 | A 0.0000000 | A 0.0000000 | A 0.0000000 | A 0.0000000 | A 0.0000000 | A 0.0000000 | A 0.0000000 | A 0.0000000 | A 0.0000000 | A 0.0000000 |
Q4s | A 0.0000000 | A 0.0000000 | A 0.0000000 | A 0.0000000 | A 0.0000000 | A 0.0000000 | A 0.0000000 | A 0.0000000 | A 0.0000000 | A 0.0000000 | A 0.0000000 | A 0.0000000 | A 0.0000000 | A 0.0000000 |
Q5o | A 0.0000000 | A 0.0000000 | A 0.0000000 | A 0.0000000 | A 0.0000000 | A 0.0000000 | A 0.0000000 | A 0.0000000 | A 0.0000000 | A 0.0000000 | A 0.0000000 | A 0.0000000 | A 0.0000000 | A 0.0000000 |
Q5s | A 0.0000000 | A 0.0000000 | A 0.0000000 | A 0.0000000 | A 0.0000000 | A 0.0000000 | A 0.0000000 | A 0.0000000 | A 0.0000000 | A 0.0000000 | A 0.0000000 | A 0.0000000 | A 0.0000000 | A 0.0000000 |
Q6o | A 0.0000000 | A 0.0000000 | A 0.0000000 | A 0.0000000 | A 0.0000000 | A 0.0000000 | A 0.0000000 | A 0.0000000 | A 0.0000000 | A 0.0000000 | A 0.0000000 | A 0.0000000 | A 0.0000000 | A 0.0000000 |
Q6s | A 0.0000000 | A 0.0000000 | A 0.0000000 | A 0.0000000 | A 0.0000000 | A 0.0000000 | A 0.0000000 | A 0.0000000 | A 0.0000000 | A 0.0000000 | A 0.0000000 | A 0.0000000 | A 0.0000000 | A 0.0000000 |
Q7o | A 0.0000000 | A 0.0000000 | A 0.0000000 | A 0.0000000 | A 0.0000000 | A 0.0000000 | A 0.0000000 | A 0.0000000 | A 0.0000000 | A 0.0000000 | A 0.0000000 | A 0.0000000 | A 0.0000000 | A 0.0000000 |
Q7s | A 0.0000000 | A 0.0000000 | A 0.0000000 | A 0.0000000 | A 0.0000000 | A 0.0000000 | A 0.0000000 | A 0.0000000 | A 0.0000000 | A 0.0000000 | A 0.0000000 | A 0.0000000 | A 0.0000000 | A 0.0000000 |
Q8o | A 0.0000000 | A 0.0000000 | A 0.0000000 | A 0.0000000 | A 0.0000000 | A 0.0000000 | A 0.0000000 | A 0.0000000 | A 0.0000000 | A 0.0000000 | A 0.0000000 | A 0.0000000 | A 0.0000000 | A 0.0000000 |
Q8s | A 0.0000000 | A 0.0000000 | A 0.0000000 | A 0.0000000 | A 0.0000000 | A 0.0000000 | A 0.0000000 | A 0.0000000 | A 0.0000000 | A 0.0000000 | A 0.0000000 | A 0.0000000 | A 0.0000000 | A 0.0000000 |
Q9o | A 0.0000000 | A 0.0000000 | A 0.0000000 | A 0.0000000 | A 0.0000000 | A 0.0000000 | A 0.0000000 | A 0.0000000 | A 0.0000000 | A 0.0000000 | A 0.0000000 | A 0.0000000 | A 0.0000000 | A 0.0000000 |
Q9s | A 0.0000000 | A 0.0000000 | A 0.0000000 | A 0.0000000 | A 0.0000000 | A 0.0000000 | A 0.0000000 | A 0.0000000 | A 0.0000000 | A 0.0000000 | A 0.0000000 | A 0.0000000 | A 0.0000000 | A 0.0000000 |
QTo | A 0.0000000 | A 0.0000000 | A 0.0000000 | A 0.0000000 | A 0.0000000 | A 0.0000000 | A 0.0000000 | A 0.0000000 | A 0.0000000 | A 0.0000000 | A 0.0000000 | A 0.0000000 | A 0.0000000 | A 0.0000000 |
QTs | A 0.0000000 | A 0.0000000 | A 0.0000000 | A 0.0000000 | A 0.0000000 | A 0.0000000 | A 0.0000000 | A 0.0000000 | A 0.0000000 | A 0.0000000 | A 0.0000000 | A 0.0000000 | A 0.0000000 | A 0.0000000 |
QJo | A 0.0000000 | A 0.0000000 | A 0.0000000 | A 0.0000000 | A 0.0000000 | A 0.0000000 | A 0.0000000 | A 0.0000000 | A 0.0000000 | A 0.0000000 | A 0.0000000 | A 0.0000000 | A 0.0000000 | A 0.0000000 |
QJs | A 0.0000000 | A 0.0000000 | A 0.0000000 | A 0.0000000 | A 0.0000000 | A 0.0000000 | A 0.0000000 | A 0.0000000 | A 0.0000000 | A 0.0000000 | A 0.0000000 | A 0.0000000 | A 0.0000000 | A 0.0000000 |
QQo | A 0.0000000 | A 0.0000000 | A 0.0000000 | A 0.0000000 | A 0.0000000 | A 0.0000000 | A 0.0000000 | A 0.0000000 | A 0.0000000 | A 0.0000000 | A 0.0000000 | A 0.0000000 | A 0.0000000 | A 0.0000000 |
K2o | A 2.2500000 | A 0.0000000 | A 0.0000000 | A 0.0000000 | A 0.0000000 | A 0.0000000 | A 0.0000000 | A 0.0000000 | A 0.0000000 | A 0.0000000 | A 0.0000000 | A 0.0000000 | A 0.0000000 | A 0.0000000 |
K2s | A 0.0000000 | A 0.0000000 | A 0.0000000 | A 0.0000000 | A 0.0000000 | A 0.0000000 | A 0.0000000 | A 0.0000000 | A 0.0000000 | A 0.0000000 | A 0.0000000 | A 0.0000000 | A 0.0000000 | A 0.0000000 |
K3o | A 0.0000000 | A 0.0000000 | A 0.0000000 | A 0.0000000 | A 0.0000000 | A 0.0000000 | A 0.0000000 | A 0.0000000 | A 0.0000000 | A 0.0000000 | A 0.0000000 | A 0.0000000 | A 0.0000000 | A 0.0000000 |
K3s | A 0.0000000 | A 0.0000000 | A 0.0000000 | A 0.0000000 | A 0.0000000 | A 0.0000000 | A 0.0000000 | A 0.0000000 | A 0.0000000 | A 0.0000000 | A 0.0000000 | A 0.0000000 | A 0.0000000 | A 0.0000000 |
K4o | A 0.0000000 | A 0.0000000 | A 0.0000000 | A 0.0000000 | A 0.0000000 | A 0.0000000 | A 0.0000000 | A 0.0000000 | A 0.0000000 | A 0.0000000 | A 0.0000000 | A 0.0000000 | A 0.0000000 | A 0.0000000 |
K4s | A 0.0000000 | A 0.0000000 | A 0.0000000 | A 0.0000000 | A 0.0000000 | A 0.0000000 | A 0.0000000 | A 0.0000000 | A 0.0000000 | A 0.0000000 | A 0.0000000 | A 0.0000000 | A 0.0000000 | A 0.0000000 |
K5o | A 0.0000000 | A 0.0000000 | A 0.0000000 | A 0.0000000 | A 0.0000000 | A 0.0000000 | A 0.0000000 | A 0.0000000 | A 0.0000000 | A 0.0000000 | A 0.0000000 | A 0.0000000 | A 0.0000000 | A 0.0000000 |
K5s | A 0.0000000 | A 0.0000000 | A 0.0000000 | A 0.0000000 | A 0.0000000 | A 0.0000000 | A 0.0000000 | A 0.0000000 | A 0.0000000 | A 0.0000000 | A 0.0000000 | A 0.0000000 | A 0.0000000 | A 0.0000000 |
K6o | A 0.0000000 | A 0.0000000 | A 0.0000000 | A 0.0000000 | A 0.0000000 | A 0.0000000 | A 0.0000000 | A 0.0000000 | A 0.0000000 | A 0.0000000 | A 0.0000000 | A 0.0000000 | A 0.0000000 | A 0.0000000 |
K6s | A 0.0000000 | A 0.0000000 | A 0.0000000 | A 0.0000000 | A 0.0000000 | A 0.0000000 | A 0.0000000 | A 0.0000000 | A 0.0000000 | A 0.0000000 | A 0.0000000 | A 0.0000000 | A 0.0000000 | A 0.0000000 |
K7o | A 0.0000000 | A 0.0000000 | A 0.0000000 | A 0.0000000 | A 0.0000000 | A 0.0000000 | A 0.0000000 | A 0.0000000 | A 0.0000000 | A 0.0000000 | A 0.0000000 | A 0.0000000 | A 0.0000000 | A 0.0000000 |
K7s | A 0.0000000 | A 0.0000000 | A 0.0000000 | A 0.0000000 | A 0.0000000 | A 0.0000000 | A 0.0000000 | A 0.0000000 | A 0.0000000 | A 0.0000000 | A 0.0000000 | A 0.0000000 | A 0.0000000 | A 0.0000000 |
K8o | A 0.0000000 | A 0.0000000 | A 0.0000000 | A 0.0000000 | A 0.0000000 | A 0.0000000 | A 0.0000000 | A 0.0000000 | A 0.0000000 | A 0.0000000 | A 0.0000000 | A 0.0000000 | A 0.0000000 | A 0.0000000 |
K8s | A 0.0000000 | A 0.0000000 | A 0.0000000 | A 0.0000000 | A 0.0000000 | A 0.0000000 | A 0.0000000 | A 0.0000000 | A 0.0000000 | A 0.0000000 | A 0.0000000 | A 0.0000000 | A 0.0000000 | A 0.0000000 |
K9o | A 0.0000000 | A 0.0000000 | A 0.0000000 | A 0.0000000 | A 0.0000000 | A 0.0000000 | A 0.0000000 | A 0.0000000 | A 0.0000000 | A 0.0000000 | A 0.0000000 | A 0.0000000 | A 0.0000000 | A 0.0000000 |
K9s | A 0.0000000 | A 0.0000000 | A 0.0000000 | A 0.0000000 | A 0.0000000 | A 0.0000000 | A 0.0000000 | A 0.0000000 | A 0.0000000 | A 0.0000000 | A 0.0000000 | A 0.0000000 | A 0.0000000 | A 0.0000000 |
KTo | A 0.0000000 | A 0.0000000 | A 0.0000000 | A 0.0000000 | A 0.0000000 | A 0.0000000 | A 0.0000000 | A 0.0000000 | A 0.0000000 | A 0.0000000 | A 0.0000000 | A 0.0000000 | A 0.0000000 | A 0.0000000 |
KTs | A 0.0000000 | A 0.0000000 | A 0.0000000 | A 0.0000000 | A 0.0000000 | A 0.0000000 | A 0.0000000 | A 0.0000000 | A 0.0000000 | A 0.0000000 | A 0.0000000 | A 0.0000000 | A 0.0000000 | A 0.0000000 |
KJo | A 0.0000000 | A 0.0000000 | A 0.0000000 | A 0.0000000 | A 0.0000000 | A 0.0000000 | A 0.0000000 | A 0.0000000 | A 0.0000000 | A 0.0000000 | A 0.0000000 | A 0.0000000 | A 0.0000000 | A 0.0000000 |
KJs | A 0.0000000 | A 0.0000000 | A 0.0000000 | A 0.0000000 | A 0.0000000 | A 0.0000000 | A 0.0000000 | A 0.0000000 | A 0.0000000 | A 0.0000000 | A 0.0000000 | A 0.0000000 | A 0.0000000 | A 0.0000000 |
KQo | A 0.0000000 | A 0.0000000 | A 0.0000000 | A 0.0000000 | A 0.0000000 | A 0.0000000 | A 0.0000000 | A 0.0000000 | A 0.0000000 | A 0.0000000 | A 0.0000000 | A 0.0000000 | A 0.0000000 | A 0.0000000 |
KQs | A 0.0000000 | A 0.0000000 | A 0.0000000 | A 0.0000000 | A 0.0000000 | A 0.0000000 | A 0.0000000 | A 0.0000000 | A 0.0000000 | A 0.0000000 | A 0.0000000 | A 0.0000000 | A 0.0000000 | A 0.0000000 |
KKo | A 0.0000000 | A 0.0000000 | A 0.0000000 | A 0.0000000 | A 0.0000000 | A 0.0000000 | A 0.0000000 | A 0.0000000 | A 0.0000000 | A 0.0000000 | A 0.0000000 | A 0.0000000 | A 0.0000000 | A 0.0000000 |
A2o | A 0.0000000 | A 0.0000000 | A 0.0000000 | A 0.0000000 | A 0.0000000 | A 0.0000000 | A 0.0000000 | A 0.0000000 | A 0.0000000 | A 0.0000000 | A 0.0000000 | A 0.0000000 | A 0.0000000 | A 0.0000000 |
A2s | A 0.0000000 | A 0.0000000 | A 0.0000000 | A 0.0000000 | A 0.0000000 | A 0.0000000 | A 0.0000000 | A 0.0000000 | A 0.0000000 | A 0.0000000 | A 0.0000000 | A 0.0000000 | A 0.0000000 | A 0.0000000 |
A3o | A 0.0000000 | A 0.0000000 | A 0.0000000 | A 0.0000000 | A 0.0000000 | A 0.0000000 | A 0.0000000 | A 0.0000000 | A 0.0000000 | A 0.0000000 | A 0.0000000 | A 0.0000000 | A 0.0000000 | A 0.0000000 |
A3s | A 0.0000000 | A 0.0000000 | A 0.0000000 | A 0.0000000 | A 0.0000000 | A 0.0000000 | A 0.0000000 | A 0.0000000 | A 0.0000000 | A 0.0000000 | A 0.0000000 | A 0.0000000 | A 0.0000000 | A 0.0000000 |
A4o | A 0.0000000 | A 0.0000000 | A 0.0000000 | A 0.0000000 | A 0.0000000 | A 0.0000000 | A 0.0000000 | A 0.0000000 | A 0.0000000 | A 0.0000000 | A 0.0000000 | A 0.0000000 | A 0.0000000 | A 0.0000000 |
A4s | A 0.0000000 | A 0.0000000 | A 0.0000000 | A 0.0000000 | A 0.0000000 | A 0.0000000 | A 0.0000000 | A 0.0000000 | A 0.0000000 | A 0.0000000 | A 0.0000000 | A 0.0000000 | A 0.0000000 | A 0.0000000 |
A5o | A 0.0000000 | A 0.0000000 | A 0.0000000 | A 0.0000000 | A 0.0000000 | A 0.0000000 | A 0.0000000 | A 0.0000000 | A 0.0000000 | A 0.0000000 | A 0.0000000 | A 0.0000000 | A 0.0000000 | A 0.0000000 |
A5s | A 0.0000000 | A 0.0000000 | A 0.0000000 | A 0.0000000 | A 0.0000000 | A 0.0000000 | A 0.0000000 | A 0.0000000 | A 0.0000000 | A 0.0000000 | A 0.0000000 | A 0.0000000 | A 0.0000000 | A 0.0000000 |
A6o | A 0.0000000 | A 0.0000000 | A 0.0000000 | A 0.0000000 | A 0.0000000 | A 0.0000000 | A 0.0000000 | A 0.0000000 | A 0.0000000 | A 0.0000000 | A 0.0000000 | A 0.0000000 | A 0.0000000 | A 0.0000000 |
A6s | A 0.0000000 | A 0.0000000 | A 0.0000000 | A 0.0000000 | A 0.0000000 | A 0.0000000 | A 0.0000000 | A 0.0000000 | A 0.0000000 | A 0.0000000 | A 0.0000000 | A 0.0000000 | A 0.0000000 | A 0.0000000 |
A7o | A 0.0000000 | A 0.0000000 | A 0.0000000 | A 0.0000000 | A 0.0000000 | A 0.0000000 | A 0.0000000 | A 0.0000000 | A 0.0000000 | A 0.0000000 | A 0.0000000 | A 0.0000000 | A 0.0000000 | A 0.0000000 |
A7s | A 0.0000000 | A 0.0000000 | A 0.0000000 | A 0.0000000 | A 0.0000000 | A 0.0000000 | A 0.0000000 | A 0.0000000 | A 0.0000000 | A 0.0000000 | A 0.0000000 | A 0.0000000 | A 0.0000000 | A 0.0000000 |
A8o | A 0.0000000 | A 0.0000000 | A 0.0000000 | A 0.0000000 | A 0.0000000 | A 0.0000000 | A 0.0000000 | A 0.0000000 | A 0.0000000 | A 0.0000000 | A 0.0000000 | A 0.0000000 | A 0.0000000 | A 0.0000000 |
A8s | A 0.0000000 | A 0.0000000 | A 0.0000000 | A 0.0000000 | A 0.0000000 | A 0.0000000 | A 0.0000000 | A 0.0000000 | A 0.0000000 | A 0.0000000 | A 0.0000000 | A 0.0000000 | A 0.0000000 | A 0.0000000 |
A9o | A 0.0000000 | A 0.0000000 | A 0.0000000 | A 0.0000000 | A 0.0000000 | A 0.0000000 | A 0.0000000 | A 0.0000000 | A 0.0000000 | A 0.0000000 | A 0.0000000 | A 0.0000000 | A 0.0000000 | A 0.0000000 |
A9s | A 0.0000000 | A 0.0000000 | A 0.0000000 | A 0.0000000 | A 0.0000000 | A 0.0000000 | A 0.0000000 | A 0.0000000 | A 0.0000000 | A 0.0000000 | A 0.0000000 | A 0.0000000 | A 0.0000000 | A 0.0000000 |
ATo | A 0.0000000 | A 0.0000000 | A 0.0000000 | A 0.0000000 | A 0.0000000 | A 0.0000000 | A 0.0000000 | A 0.0000000 | A 0.0000000 | A 0.0000000 | A 0.0000000 | A 0.0000000 | A 0.0000000 | A 0.0000000 |
ATs | A 0.0000000 | A 0.0000000 | A 0.0000000 | A 0.0000000 | A 0.0000000 | A 0.0000000 | A 0.0000000 | A 0.0000000 | A 0.0000000 | A 0.0000000 | A 0.0000000 | A 0.0000000 | A 0.0000000 | A 0.0000000 |
AJo | A 0.0000000 | A 0.0000000 | A 0.0000000 | A 0.0000000 | A 0.0000000 | A 0.0000000 | A 0.0000000 | A 0.0000000 | A 0.0000000 | A 0.0000000 | A 0.0000000 | A 0.0000000 | A 0.0000000 | A 0.0000000 |
AJs | A 0.0000000 | A 0.0000000 | A 0.0000000 | A 0.0000000 | A 0.0000000 | A 0.0000000 | A 0.0000000 | A 0.0000000 | A 0.0000000 | A 0.0000000 | A 0.0000000 | A 0.0000000 | A 0.0000000 | A 0.0000000 |
AQo | A 0.0000000 | A 0.0000000 | A 0.0000000 | A 0.0000000 | A 0.0000000 | A 0.0000000 | A 0.0000000 | A 0.0000000 | A 0.0000000 | A 0.0000000 | A 0.0000000 | A 0.0000000 | A 0.0000000 | A 0.0000000 |
AQs | A 0.0000000 | A 0.0000000 | A 0.0000000 | A 0.0000000 | A 0.0000000 | A 0.0000000 | A 0.0000000 | A 0.0000000 | A 0.0000000 | A 0.0000000 | A 0.0000000 | A 0.0000000 | A 0.0000000 | A 0.0000000 |
AKo | A 0.0000000 | A 0.0000000 | A 0.0000000 | A 0.0000000 | A 0.0000000 | A 0.0000000 | A 0.0000000 | A 0.0000000 | A 0.0000000 | A 0.0000000 | A 0.0000000 | A 0.0000000 | A 0.0000000 | A 0.0000000 |
AKs | A 0.0000000 | A 0.0000000 | A 0.0000000 | A 0.0000000 | A 0.0000000 | A 0.0000000 | A 0.0000000 | A 0.0000000 | A 0.0000000 | A 0.0000000 | A 0.0000000 | A 0.0000000 | A 0.0000000 | A 0.0000000 |
AAo | A 0.0000000 | A 0.0000000 | A 0.0000000 | A 0.0000000 | A 0.0000000 | A 0.0000000 | A 0.0000000 | A 0.0000000 | A 0.0000000 | A 0.0000000 | A 0.0000000 | A 0.0000000 | A 0.0000000 | A 0.0000000 |


Player ID: , Position: Dealer, Holding Cards: | T♠ | 9♥ | , Action: Fold, 
Best Hand: 1609, Money: 0.000000, Reward: 0.000000
Bandit Agent 
    |     CO      |     DE      |    DE_CO    |     SB      |    SB_CO    |    SB_DE    |  SB_CO_DE   |    BB_CO    |    BB_DE    |    BB_SB    |  BB_CO_DE   |  BB_CO_SB   |  BB_DE_SB   | BB_CO_DE_SB |
22o | A 0.0000000 | A 0.0000000 | A 0.0000000 | A 0.0000000 | A 0.0000000 | A 0.0000000 | A 0.0000000 | A 0.0000000 | A 0.0000000 | A 0.0000000 | A 0.0000000 | A 0.0000000 | A 0.0000000 | A 0.0000000 |
32o | A 0.0000000 | A 0.0000000 | A 0.0000000 | A 0.0000000 | A 0.0000000 | A 0.0000000 | A 0.0000000 | A 0.0000000 | A 0.0000000 | A 0.0000000 | A 0.0000000 | A 0.0000000 | A 0.0000000 | A 0.0000000 |
32s | A 0.0000000 | A 0.0000000 | A 0.0000000 | A 0.0000000 | A 0.0000000 | A 0.0000000 | A 0.0000000 | A 0.0000000 | A 0.0000000 | A 0.0000000 | A 0.0000000 | A 0.0000000 | A 0.0000000 | A 0.0000000 |
33o | A 0.0000000 | A 0.0000000 | A 0.0000000 | A 0.0000000 | A 0.0000000 | A 0.0000000 | A 0.0000000 | A 0.0000000 | A 0.0000000 | A 0.0000000 | A 0.0000000 | A 0.0000000 | A 0.0000000 | A 0.0000000 |
42o | A 0.0000000 | A 0.0000000 | A 0.0000000 | A 0.0000000 | A 0.0000000 | A 0.0000000 | A 0.0000000 | A 0.0000000 | A 0.0000000 | A 0.0000000 | A 0.0000000 | A 0.0000000 | A 0.0000000 | A 0.0000000 |
42s | A 0.0000000 | A 0.0000000 | A 0.0000000 | A 0.0000000 | A 0.0000000 | A 0.0000000 | A 0.0000000 | A 0.0000000 | A 0.0000000 | A 0.0000000 | A 0.0000000 | A 0.0000000 | A 0.0000000 | A 0.0000000 |
43o | A 0.0000000 | A 0.0000000 | A 0.0000000 | A 0.0000000 | A 0.0000000 | A 0.0000000 | A 0.0000000 | A 0.0000000 | A 0.0000000 | A 0.0000000 | A 0.0000000 | A 0.0000000 | A 0.0000000 | A 0.0000000 |
43s | A 0.0000000 | A 0.0000000 | A 0.0000000 | A 0.0000000 | A 0.0000000 | A 0.0000000 | A 0.0000000 | A 0.0000000 | A 0.0000000 | A 0.0000000 | A 0.0000000 | A 0.0000000 | A 0.0000000 | A 0.0000000 |
44o | A 0.0000000 | A 0.0000000 | A 0.0000000 | A 0.0000000 | A 0.0000000 | A 0.0000000 | A 0.0000000 | A 0.0000000 | A 0.0000000 | A 0.0000000 | A 0.0000000 | A 0.0000000 | A 0.0000000 | A 0.0000000 |
52o | A 0.0000000 | A 0.0000000 | A 0.0000000 | A 0.0000000 | A 0.0000000 | A 0.0000000 | A 0.0000000 | A 0.0000000 | A 0.0000000 | A 0.0000000 | A 0.0000000 | A 0.0000000 | A 0.0000000 | A 0.0000000 |
52s | A 0.0000000 | A 0.0000000 | A 0.0000000 | A 0.0000000 | A 0.0000000 | A 0.0000000 | A 0.0000000 | A 0.0000000 | A 0.0000000 | A 0.0000000 | A 0.0000000 | A 0.0000000 | A 0.0000000 | A 0.0000000 |
53o | A 0.0000000 | A 0.0000000 | A 0.0000000 | A 0.0000000 | A 0.0000000 | A 0.0000000 | A 0.0000000 | A 0.0000000 | A 0.0000000 | A 0.0000000 | A 0.0000000 | A 0.0000000 | A 0.0000000 | A 0.0000000 |
53s | A 0.0000000 | A 0.0000000 | A 0.0000000 | A 0.0000000 | A 0.0000000 | A 0.0000000 | A 0.0000000 | A 0.0000000 | A 0.0000000 | A 0.0000000 | A 0.0000000 | A 0.0000000 | A 0.0000000 | A 0.0000000 |
54o | A 0.0000000 | A 0.0000000 | A 0.0000000 | A 0.0000000 | A 0.0000000 | A 0.0000000 | A 0.0000000 | A 0.0000000 | A 0.0000000 | A 0.0000000 | A 0.0000000 | A 0.0000000 | A 0.0000000 | A 0.0000000 |
54s | A 0.0000000 | A 0.0000000 | A 0.0000000 | A 0.0000000 | A 0.0000000 | A 0.0000000 | A 0.0000000 | A 0.0000000 | A 0.0000000 | A 0.0000000 | A 0.0000000 | A 0.0000000 | A 0.0000000 | A 0.0000000 |
55o | A 0.0000000 | A 0.0000000 | A 0.0000000 | A 0.0000000 | A 0.0000000 | A 0.0000000 | A 0.0000000 | A 0.0000000 | A 0.0000000 | A 0.0000000 | A 0.0000000 | A 0.0000000 | A 0.0000000 | A 0.0000000 |
62o | A 0.0000000 | A 0.0000000 | A 0.0000000 | A 0.0000000 | A 0.0000000 | A 0.0000000 | A 0.0000000 | A 0.0000000 | A 0.0000000 | A 0.0000000 | A 0.0000000 | A 0.0000000 | A 0.0000000 | A 0.0000000 |
62s | A 0.0000000 | A 0.0000000 | A 0.0000000 | A 0.0000000 | A 0.0000000 | A 0.0000000 | A 0.0000000 | A 0.0000000 | A 0.0000000 | A 0.0000000 | A 0.0000000 | A 0.0000000 | A 0.0000000 | A 0.0000000 |
63o | A 0.0000000 | A 0.0000000 | A 0.0000000 | A 0.0000000 | A 0.0000000 | A 0.0000000 | A 0.0000000 | A 0.0000000 | A 0.0000000 | A 0.0000000 | A 0.0000000 | A 0.0000000 | A 0.0000000 | A 0.0000000 |
63s | A 0.0000000 | A 0.0000000 | A 0.0000000 | A 0.0000000 | A 0.0000000 | A 0.0000000 | A 0.0000000 | A 0.0000000 | A 0.0000000 | A 0.0000000 | A 0.0000000 | A 0.0000000 | A 0.0000000 | A 0.0000000 |
64o | A 0.0000000 | A 0.0000000 | A 0.0000000 | A 0.0000000 | A 0.0000000 | A 0.0000000 | A 0.0000000 | A 0.0000000 | A 0.0000000 | A 0.0000000 | A 0.0000000 | A 0.0000000 | A 0.0000000 | A 0.0000000 |
64s | A 0.0000000 | A 0.0000000 | A 0.0000000 | A 0.0000000 | A 0.0000000 | A 0.0000000 | A 0.0000000 | A 0.0000000 | A 0.0000000 | A 0.0000000 | A 0.0000000 | A 0.0000000 | A 0.0000000 | A 0.0000000 |
65o | A 0.0000000 | A 0.0000000 | A 0.0000000 | A 0.0000000 | A 0.0000000 | A 0.0000000 | A 0.0000000 | A 0.0000000 | A 0.0000000 | A 0.0000000 | A 0.0000000 | A 0.0000000 | A 0.0000000 | A 0.0000000 |
65s | A 0.0000000 | A 0.0000000 | A 0.0000000 | A 0.0000000 | A 0.0000000 | A 0.0000000 | A 0.0000000 | A 0.0000000 | A 0.0000000 | A 0.0000000 | A 0.0000000 | A 0.0000000 | A 0.0000000 | A 0.0000000 |
66o | A 0.0000000 | A 0.0000000 | A 0.0000000 | A 0.0000000 | A 0.0000000 | A 0.0000000 | A 0.0000000 | A 0.0000000 | A 0.0000000 | A 0.0000000 | A 0.0000000 | A 0.0000000 | A 0.0000000 | A 0.0000000 |
72o | A 0.0000000 | A 0.0000000 | A 0.0000000 | A 0.0000000 | A 0.0000000 | A 0.0000000 | A 0.0000000 | A 0.0000000 | A 0.0000000 | A 0.0000000 | A 0.0000000 | A 0.0000000 | A 0.0000000 | A 0.0000000 |
72s | A 0.0000000 | A 0.0000000 | A 0.0000000 | A 0.0000000 | A 0.0000000 | A 0.0000000 | A 0.0000000 | A 0.0000000 | A 0.0000000 | A 0.0000000 | A 0.0000000 | A 0.0000000 | A 0.0000000 | A 0.0000000 |
73o | A 0.0000000 | A 0.0000000 | A 0.0000000 | A 0.0000000 | A 0.0000000 | A 0.0000000 | A 0.0000000 | A 0.0000000 | A 0.0000000 | A 0.0000000 | A 0.0000000 | A 0.0000000 | A 0.0000000 | A 0.0000000 |
73s | A 0.0000000 | A 0.0000000 | A 0.0000000 | A 0.0000000 | A 0.0000000 | A 0.0000000 | A 0.0000000 | A 0.0000000 | A 0.0000000 | A 0.0000000 | A 0.0000000 | A 0.0000000 | A 0.0000000 | A 0.0000000 |
74o | A 0.0000000 | A 0.0000000 | A 0.0000000 | A 0.0000000 | A 0.0000000 | A 0.0000000 | A 0.0000000 | A 0.0000000 | A 0.0000000 | A 0.0000000 | A 0.0000000 | A 0.0000000 | A 0.0000000 | A 0.0000000 |
74s | A 0.0000000 | A 0.0000000 | A 0.0000000 | A 0.0000000 | A 0.0000000 | A 0.0000000 | A 0.0000000 | A 0.0000000 | A 0.0000000 | A 0.0000000 | A 0.0000000 | A 0.0000000 | A 0.0000000 | A 0.0000000 |
75o | A 0.0000000 | A 0.0000000 | A 0.0000000 | A 0.0000000 | A 0.0000000 | A 0.0000000 | A 0.0000000 | A 0.0000000 | A 0.0000000 | A 0.0000000 | A 0.0000000 | A 0.0000000 | A 0.0000000 | A 0.0000000 |
75s | A 0.0000000 | A 0.0000000 | A 0.0000000 | A 0.0000000 | A 0.0000000 | A 0.0000000 | A 0.0000000 | A 0.0000000 | A 0.0000000 | A 0.0000000 | A 0.0000000 | A 0.0000000 | A 0.0000000 | A 0.0000000 |
76o | A 0.0000000 | A 0.0000000 | A 0.0000000 | A 0.0000000 | A 0.0000000 | A 0.0000000 | A 0.0000000 | A 0.0000000 | A 0.0000000 | A 0.0000000 | A 0.0000000 | A 0.0000000 | A 0.0000000 | A 0.0000000 |
76s | A 0.0000000 | A 0.0000000 | A 0.0000000 | A 0.0000000 | A 0.0000000 | A 0.0000000 | A 0.0000000 | A 0.0000000 | A 0.0000000 | A 0.0000000 | A 0.0000000 | A 0.0000000 | A 0.0000000 | A 0.0000000 |
77o | A 0.0000000 | A 0.0000000 | A 0.0000000 | A 0.0000000 | A 0.0000000 | A 0.0000000 | A 0.0000000 | A 0.0000000 | A 0.0000000 | A 0.0000000 | A 0.0000000 | A 0.0000000 | A 0.0000000 | A 0.0000000 |
82o | A 0.0000000 | A 0.0000000 | A 0.0000000 | A 0.0000000 | A 0.0000000 | A 0.0000000 | A 0.0000000 | A 0.0000000 | A 0.0000000 | A 0.0000000 | A 0.0000000 | A 0.0000000 | A 0.0000000 | A 0.0000000 |
82s | A 0.0000000 | A 0.0000000 | A 0.0000000 | A 0.0000000 | A 0.0000000 | A 0.0000000 | A 0.0000000 | A 0.0000000 | A 0.0000000 | A 0.0000000 | A 0.0000000 | A 0.0000000 | A 0.0000000 | A 0.0000000 |
83o | A 0.0000000 | A 0.0000000 | A 0.0000000 | A 0.0000000 | A 0.0000000 | A 0.0000000 | A 0.0000000 | A 0.0000000 | A 0.0000000 | A 0.0000000 | A 0.0000000 | A 0.0000000 | A 0.0000000 | A 0.0000000 |
83s | A 0.0000000 | A 0.0000000 | A 0.0000000 | A 0.0000000 | A 0.0000000 | A 0.0000000 | A 0.0000000 | A 0.0000000 | A 0.0000000 | A 0.0000000 | A 0.0000000 | A 0.0000000 | A 0.0000000 | A 0.0000000 |
84o | A 0.0000000 | A 0.0000000 | A 0.0000000 | A 0.0000000 | A 0.0000000 | A 0.0000000 | A 0.0000000 | A 0.0000000 | A 0.0000000 | A 0.0000000 | A 0.0000000 | A 0.0000000 | A 0.0000000 | A 0.0000000 |
84s | A 0.0000000 | A 0.0000000 | A 0.0000000 | A 0.0000000 | A 0.0000000 | A 0.0000000 | A 0.0000000 | A 0.0000000 | A 0.0000000 | A 0.0000000 | A 0.0000000 | A 0.0000000 | A 0.0000000 | A 0.0000000 |
85o | A 0.0000000 | A 0.0000000 | A 0.0000000 | A 0.0000000 | A 0.0000000 | A 0.0000000 | A 0.0000000 | A 0.0000000 | A 0.0000000 | A 0.0000000 | A 0.0000000 | A 0.0000000 | A 0.0000000 | A 0.0000000 |
85s | A 0.0000000 | A 0.0000000 | A 0.0000000 | A 0.0000000 | A 0.0000000 | A 0.0000000 | A 0.0000000 | A 0.0000000 | A 0.0000000 | A 0.0000000 | A 0.0000000 | A 0.0000000 | A 0.0000000 | A 0.0000000 |
86o | A 0.0000000 | A 0.0000000 | A 0.0000000 | A 0.0000000 | A 0.0000000 | A 0.0000000 | A 0.0000000 | A 0.0000000 | A 0.0000000 | A 0.0000000 | A 0.0000000 | A 0.0000000 | A 0.0000000 | A 0.0000000 |
86s | A 0.0000000 | A 0.0000000 | A 0.0000000 | A 0.0000000 | A 0.0000000 | A 0.0000000 | A 0.0000000 | A 0.0000000 | A 0.0000000 | A 0.0000000 | A 0.0000000 | A 0.0000000 | A 0.0000000 | A 0.0000000 |
87o | A 0.0000000 | A 0.0000000 | A 0.0000000 | A 0.0000000 | A 0.0000000 | A 0.0000000 | A 0.0000000 | A 0.0000000 | A 0.0000000 | A 0.0000000 | A 0.0000000 | A 0.0000000 | A 0.0000000 | A 0.0000000 |
87s | A 0.0000000 | A 0.0000000 | A 0.0000000 | A 0.0000000 | A 0.0000000 | A 0.0000000 | A 0.0000000 | A 0.0000000 | A 0.0000000 | A 0.0000000 | A 0.0000000 | A 0.0000000 | A 0.0000000 | A 0.0000000 |
88o | A 0.0000000 | A 0.0000000 | A 0.0000000 | A 0.0000000 | A 0.0000000 | A 0.0000000 | A 0.0000000 | A 0.0000000 | A 0.0000000 | A 0.0000000 | A 0.0000000 | A 0.0000000 | A 0.0000000 | A 0.0000000 |
92o | A 0.0000000 | A 0.0000000 | A 0.0000000 | A 0.0000000 | A 0.0000000 | A 0.0000000 | A 0.0000000 | A 0.0000000 | A 0.0000000 | A 0.0000000 | A 0.0000000 | A 0.0000000 | A 0.0000000 | A 0.0000000 |
92s | A 0.0000000 | A 0.0000000 | A 0.0000000 | A 0.0000000 | A 0.0000000 | A 0.0000000 | A 0.0000000 | A 0.0000000 | A 0.0000000 | A 0.0000000 | A 0.0000000 | A 0.0000000 | A 0.0000000 | A 0.0000000 |
93o | A 0.0000000 | A 0.0000000 | A 0.0000000 | A 0.0000000 | A 0.0000000 | A 0.0000000 | A 0.0000000 | A 0.0000000 | A 0.0000000 | A 0.0000000 | A 0.0000000 | A 0.0000000 | A 0.0000000 | A 0.0000000 |
93s | A 0.0000000 | A 0.0000000 | A 0.0000000 | A 0.0000000 | A 0.0000000 | A 0.0000000 | A 0.0000000 | A 0.0000000 | A 0.0000000 | A 0.0000000 | A 0.0000000 | A 0.0000000 | A 0.0000000 | A 0.0000000 |
94o | A 0.0000000 | A 0.0000000 | A 0.0000000 | A 0.0000000 | A 0.0000000 | A 0.0000000 | A 0.0000000 | A 0.0000000 | A 0.0000000 | A 0.0000000 | A 0.0000000 | A 0.0000000 | A 0.0000000 | A 0.0000000 |
94s | A 0.0000000 | A 0.0000000 | A 0.0000000 | A 0.0000000 | A 0.0000000 | A 0.0000000 | A 0.0000000 | A 0.0000000 | A 0.0000000 | A 0.0000000 | A 0.0000000 | A 0.0000000 | A 0.0000000 | A 0.0000000 |
95o | A 0.0000000 | A 0.0000000 | A 0.0000000 | A 0.0000000 | A 0.0000000 | A 0.0000000 | A 0.0000000 | A 0.0000000 | A 0.0000000 | A 0.0000000 | A 0.0000000 | A 0.0000000 | A 0.0000000 | A 0.0000000 |
95s | A 0.0000000 | A 0.0000000 | A 0.0000000 | A 0.0000000 | A 0.0000000 | A 0.0000000 | A 0.0000000 | A 0.0000000 | A 0.0000000 | A 0.0000000 | A 0.0000000 | A 0.0000000 | A 0.0000000 | A 0.0000000 |
96o | A 0.0000000 | A 0.0000000 | A 0.0000000 | A 0.0000000 | A 0.0000000 | A 0.0000000 | A 0.0000000 | A 0.0000000 | A 0.0000000 | A 0.0000000 | A 0.0000000 | A 0.0000000 | A 0.0000000 | A 0.0000000 |
96s | A 0.0000000 | A 0.0000000 | A 0.0000000 | A 0.0000000 | A 0.0000000 | A 0.0000000 | A 0.0000000 | A 0.0000000 | A 0.0000000 | A 0.0000000 | A 0.0000000 | A 0.0000000 | A 0.0000000 | A 0.0000000 |
97o | A 0.0000000 | A 0.0000000 | A 0.0000000 | A 0.0000000 | A 0.0000000 | A 0.0000000 | A 0.0000000 | A 0.0000000 | A 0.0000000 | A 0.0000000 | A 0.0000000 | A 0.0000000 | A 0.0000000 | A 0.0000000 |
97s | A 0.0000000 | A 0.0000000 | A 0.0000000 | A 0.0000000 | A 0.0000000 | A 0.0000000 | A 0.0000000 | A 0.0000000 | A 0.0000000 | A 0.0000000 | A 0.0000000 | A 0.0000000 | A 0.0000000 | A 0.0000000 |
98o | A 0.0000000 | A 0.0000000 | A 0.0000000 | A 0.0000000 | A 0.0000000 | A 0.0000000 | A 0.0000000 | A 0.0000000 | A 0.0000000 | A 0.0000000 | A 0.0000000 | A 0.0000000 | A 0.0000000 | A 0.0000000 |
98s | A 0.0000000 | A 0.0000000 | A 0.0000000 | A 0.0000000 | A 0.0000000 | A 0.0000000 | A 0.0000000 | A 0.0000000 | A 0.0000000 | A 0.0000000 | A 0.0000000 | A 0.0000000 | A 0.0000000 | A 0.0000000 |
99o | A 0.0000000 | A 0.0000000 | A 0.0000000 | A 0.0000000 | A 0.0000000 | A 0.0000000 | A 0.0000000 | A 0.0000000 | A 0.0000000 | A 0.0000000 | A 0.0000000 | A 0.0000000 | A 0.0000000 | A 0.0000000 |
T2o | A 0.0000000 | A 0.0000000 | A 0.0000000 | A 0.0000000 | A 0.0000000 | A 0.0000000 | A 0.0000000 | A 0.0000000 | A 0.0000000 | A 0.0000000 | A 0.0000000 | A 0.0000000 | A 0.0000000 | A 0.0000000 |
T2s | A 0.0000000 | A 0.0000000 | A 0.0000000 | A 0.0000000 | A 0.0000000 | A 0.0000000 | A 0.0000000 | A 0.0000000 | A 0.0000000 | A 0.0000000 | A 0.0000000 | A 0.0000000 | A 0.0000000 | A 0.0000000 |
T3o | A 0.0000000 | A 0.0000000 | A 0.0000000 | A 0.0000000 | A 0.0000000 | A 0.0000000 | A 0.0000000 | A 0.0000000 | A 0.0000000 | A 0.0000000 | A 0.0000000 | A 0.0000000 | A 0.0000000 | A 0.0000000 |
T3s | A 0.0000000 | A 0.0000000 | A 0.0000000 | A 0.0000000 | A 0.0000000 | A 0.0000000 | A 0.0000000 | A 0.0000000 | A 0.0000000 | A 0.0000000 | A 0.0000000 | A 0.0000000 | A 0.0000000 | A 0.0000000 |
T4o | A 0.0000000 | A 0.0000000 | A 0.0000000 | A 0.0000000 | A 0.0000000 | A 0.0000000 | A 0.0000000 | A 0.0000000 | A 0.0000000 | A 0.0000000 | A 0.0000000 | A 0.0000000 | A 0.0000000 | A 0.0000000 |
T4s | A 0.0000000 | A 0.0000000 | A 0.0000000 | A 0.0000000 | A 0.0000000 | A 0.0000000 | A 0.0000000 | A 0.0000000 | A 0.0000000 | A 0.0000000 | A 0.0000000 | A 0.0000000 | A 0.0000000 | A 0.0000000 |
T5o | A 0.0000000 | A 0.0000000 | A 0.0000000 | A 0.0000000 | A 0.0000000 | A 0.0000000 | A 0.0000000 | A 0.0000000 | A 0.0000000 | A 0.0000000 | A 0.0000000 | A 0.0000000 | A 0.0000000 | A 0.0000000 |
T5s | A 0.0000000 | A 0.0000000 | A 0.0000000 | A 0.0000000 | A 0.0000000 | A 0.0000000 | A 0.0000000 | A 0.0000000 | A 0.0000000 | A 0.0000000 | A 0.0000000 | A 0.0000000 | A 0.0000000 | A 0.0000000 |
T6o | A 0.0000000 | A 0.0000000 | A 0.0000000 | A 0.0000000 | A 0.0000000 | A 0.0000000 | A 0.0000000 | A 0.0000000 | A 0.0000000 | A 0.0000000 | A 0.0000000 | A 0.0000000 | A 0.0000000 | A 0.0000000 |
T6s | A 0.0000000 | A 0.0000000 | A 0.0000000 | A 0.0000000 | A 0.0000000 | A 0.0000000 | A 0.0000000 | A 0.0000000 | A 0.0000000 | A 0.0000000 | A 0.0000000 | A 0.0000000 | A 0.0000000 | A 0.0000000 |
T7o | A 0.0000000 | A 0.0000000 | A 0.0000000 | A 0.0000000 | A 0.0000000 | A 0.0000000 | A 0.0000000 | A 0.0000000 | A 0.0000000 | A 0.0000000 | A 0.0000000 | A 0.0000000 | A 0.0000000 | A 0.0000000 |
T7s | A 0.0000000 | A 0.0000000 | A 0.0000000 | A 0.0000000 | A 0.0000000 | A 0.0000000 | A 0.0000000 | A 0.0000000 | A 0.0000000 | A 0.0000000 | A 0.0000000 | A 0.0000000 | A 0.0000000 | A 0.0000000 |
T8o | A 0.0000000 | A 0.0000000 | A 0.0000000 | A 0.0000000 | A 0.0000000 | A 0.0000000 | A 0.0000000 | A 0.0000000 | A 0.0000000 | A 0.0000000 | A 0.0000000 | A 0.0000000 | A 0.0000000 | A 0.0000000 |
T8s | A 0.0000000 | A 0.0000000 | A 0.0000000 | A 0.0000000 | A 0.0000000 | A 0.0000000 | A 0.0000000 | A 0.0000000 | A 0.0000000 | A 0.0000000 | A 0.0000000 | A 0.0000000 | A 0.0000000 | A 0.0000000 |
T9o | A 0.0000000 | A 0.0000000 | A 0.0000000 | A 0.0000000 | A 0.0000000 | A 0.0000000 | A 0.0000000 | A 0.0000000 | A 0.0000000 | A 0.0000000 | A 0.0000000 | A 0.0000000 | A 0.0000000 | A 0.0000000 |
T9s | A 0.0000000 | A 0.0000000 | A 0.0000000 | A 0.0000000 | A 0.0000000 | A 0.0000000 | A 0.0000000 | A 0.0000000 | A 0.0000000 | A 0.0000000 | A 0.0000000 | A 0.0000000 | A 0.0000000 | A 0.0000000 |
TTo | A 0.0000000 | A 0.0000000 | A 0.0000000 | A 0.0000000 | A 0.0000000 | A 0.0000000 | A 0.0000000 | A 0.0000000 | A 0.0000000 | A 0.0000000 | A 0.0000000 | A 0.0000000 | A 0.0000000 | A 0.0000000 |
J2o | A 0.0000000 | A 0.0000000 | A 0.0000000 | A 0.0000000 | A 0.0000000 | A 0.0000000 | A 0.0000000 | A 0.0000000 | A 0.0000000 | A 0.0000000 | A 0.0000000 | A 0.0000000 | A 0.0000000 | A 0.0000000 |
J2s | A 0.0000000 | A 0.0000000 | A 0.0000000 | A 0.0000000 | A 0.0000000 | A 0.0000000 | A 0.0000000 | A 0.0000000 | A 0.0000000 | A 0.0000000 | A 0.0000000 | A 0.0000000 | A 0.0000000 | A 0.0000000 |
J3o | A 0.0000000 | A 0.0000000 | A 0.0000000 | A 0.0000000 | A 0.0000000 | A 0.0000000 | A 0.0000000 | A 0.0000000 | A 0.0000000 | A 0.0000000 | A 0.0000000 | A 0.0000000 | A 0.0000000 | A 0.0000000 |
J3s | A 0.0000000 | A 0.0000000 | A 0.0000000 | A 0.0000000 | A 0.0000000 | A 0.0000000 | A 0.0000000 | A 0.0000000 | A 0.0000000 | A 0.0000000 | A 0.0000000 | A 0.0000000 | A 0.0000000 | A 0.0000000 |
J4o | A 0.0000000 | A 0.0000000 | A 0.0000000 | A 0.0000000 | A 0.0000000 | A 0.0000000 | A 0.0000000 | A 0.0000000 | A 0.0000000 | A 0.0000000 | A 0.0000000 | A 0.0000000 | A 0.0000000 | A 0.0000000 |
J4s | A 0.0000000 | A 0.0000000 | A 0.0000000 | A 0.0000000 | A 0.0000000 | A 0.0000000 | A 0.0000000 | A 0.0000000 | A 0.0000000 | A 0.0000000 | A 0.0000000 | A 0.0000000 | A 0.0000000 | A 0.0000000 |
J5o | A 0.0000000 | A 0.0000000 | A 0.0000000 | A 0.0000000 | A 0.0000000 | A 0.0000000 | A 0.0000000 | A 0.0000000 | A 0.0000000 | A 0.0000000 | A 0.0000000 | A 0.0000000 | A 0.0000000 | A 0.0000000 |
J5s | A 0.0000000 | A 0.0000000 | A 0.0000000 | A 0.0000000 | A 0.0000000 | A 0.0000000 | A 0.0000000 | A 0.0000000 | A 0.0000000 | A 0.0000000 | A 0.0000000 | A 0.0000000 | A 0.0000000 | A 0.0000000 |
J6o | A 0.0000000 | A 0.0000000 | A 0.0000000 | A 0.0000000 | A 0.0000000 | A 0.0000000 | A 0.0000000 | A 0.0000000 | A 0.0000000 | A 0.0000000 | A 0.0000000 | A 0.0000000 | A 0.0000000 | A 0.0000000 |
J6s | A 0.0000000 | A 0.0000000 | A 0.0000000 | A 0.0000000 | A 0.0000000 | A 0.0000000 | A 0.0000000 | A 0.0000000 | A 0.0000000 | A 0.0000000 | A 0.0000000 | A 0.0000000 | A 0.0000000 | A 0.0000000 |
J7o | A 0.0000000 | A 0.0000000 | A 0.0000000 | A 0.0000000 | A 0.0000000 | A 0.0000000 | A 0.0000000 | A 0.0000000 | A 0.0000000 | A 0.0000000 | A 0.0000000 | A 0.0000000 | A 0.0000000 | A 0.0000000 |
J7s | A 0.0000000 | A 0.0000000 | A 0.0000000 | A 0.0000000 | A 0.0000000 | A 0.0000000 | A 0.0000000 | A 0.0000000 | A 0.0000000 | A 0.0000000 | A 0.0000000 | A 0.0000000 | A 0.0000000 | A 0.0000000 |
J8o | A 0.0000000 | A 0.0000000 | A 0.0000000 | A 0.0000000 | A 0.0000000 | A 0.0000000 | A 0.0000000 | A 0.0000000 | A 0.0000000 | A 0.0000000 | A 0.0000000 | A 0.0000000 | A 0.0000000 | A 0.0000000 |
J8s | A 0.0000000 | A 0.0000000 | A 0.0000000 | A 0.0000000 | A 0.0000000 | A 0.0000000 | A 0.0000000 | A 0.0000000 | A 0.0000000 | A 0.0000000 | A 0.0000000 | A 0.0000000 | A 0.0000000 | A 0.0000000 |
J9o | A 0.0000000 | A 0.0000000 | A 0.0000000 | A 0.0000000 | A 0.0000000 | A 0.0000000 | A 0.0000000 | A 0.0000000 | A 0.0000000 | A 0.0000000 | A 0.0000000 | A 0.0000000 | A 0.0000000 | A 0.0000000 |
J9s | A 0.0000000 | A 0.0000000 | A 0.0000000 | A 0.0000000 | A 0.0000000 | A 0.0000000 | A 0.0000000 | A 0.0000000 | A 0.0000000 | A 0.0000000 | A 0.0000000 | A 0.0000000 | A 0.0000000 | A 0.0000000 |
JTo | A 0.0000000 | A 0.0000000 | A 0.0000000 | A 0.0000000 | A 0.0000000 | A 0.0000000 | A 0.0000000 | A 0.0000000 | A 0.0000000 | A 0.0000000 | A 0.0000000 | A 0.0000000 | A 0.0000000 | A 0.0000000 |
JTs | A 0.0000000 | A 0.0000000 | A 0.0000000 | A 0.0000000 | A 0.0000000 | A 0.0000000 | A 0.0000000 | A 0.0000000 | A 0.0000000 | A 0.0000000 | A 0.0000000 | A 0.0000000 | A 0.0000000 | A 0.0000000 |
JJo | A 0.0000000 | A 0.0000000 | A 0.0000000 | A 0.0000000 | A 0.0000000 | A 0.0000000 | A 0.0000000 | A 0.0000000 | A 0.0000000 | A 0.0000000 | A 0.0000000 | A 0.0000000 | A 0.0000000 | A 0.0000000 |
Q2o | A 0.0000000 | A 0.0000000 | A 0.0000000 | A 0.0000000 | A 0.0000000 | A 0.0000000 | A 0.0000000 | A 0.0000000 | A 0.0000000 | A 0.0000000 | A 0.0000000 | A 0.0000000 | A 0.0000000 | A 0.0000000 |
Q2s | A 0.0000000 | A 0.0000000 | A 0.0000000 | A 0.0000000 | A 0.0000000 | A 0.0000000 | A 0.0000000 | A 0.0000000 | A 0.0000000 | A 0.0000000 | A 0.0000000 | A 0.0000000 | A 0.0000000 | A 0.0000000 |
Q3o | A 0.0000000 | A 0.0000000 | A 0.0000000 | A 0.0000000 | A 0.0000000 | A 0.0000000 | A 0.0000000 | A 0.0000000 | A 0.0000000 | A 0.0000000 | A 0.0000000 | A 0.0000000 | A 0.0000000 | A 0.0000000 |
Q3s | A 0.0000000 | A 0.0000000 | A 0.0000000 | A 0.0000000 | A 0.0000000 | A 0.0000000 | A 0.0000000 | A 0.0000000 | A 0.0000000 | A 0.0000000 | A 0.0000000 | A 0.0000000 | A 0.0000000 | A 0.0000000 |
Q4o | A 0.0000000 | A 0.0000000 | A 0.0000000 | A 0.0000000 | A 0.0000000 | A 0.0000000 | A 0.0000000 | A 0.0000000 | A 0.0000000 | A 0.0000000 | A 0.0000000 | A 0.0000000 | A 0.0000000 | A 0.0000000 |
Q4s | A 0.0000000 | A 0.0000000 | A 0.0000000 | A 0.0000000 | A 0.0000000 | A 0.0000000 | A 0.0000000 | A 0.0000000 | A 0.0000000 | A 0.0000000 | A 0.0000000 | A 0.0000000 | A 0.0000000 | A 0.0000000 |
Q5o | A 0.0000000 | A 0.0000000 | A 0.0000000 | A 0.0000000 | A 0.0000000 | A 0.0000000 | A 0.0000000 | A 0.0000000 | A 0.0000000 | A 0.0000000 | A 0.0000000 | A 0.0000000 | A 0.0000000 | A 0.0000000 |
Q5s | A 0.0000000 | A 0.0000000 | A 0.0000000 | A 0.0000000 | A 0.0000000 | A 0.0000000 | A 0.0000000 | A 0.0000000 | A 0.0000000 | A 0.0000000 | A 0.0000000 | A 0.0000000 | A 0.0000000 | A 0.0000000 |
Q6o | A 0.0000000 | A 0.0000000 | A 0.0000000 | A 0.0000000 | A 0.0000000 | A 0.0000000 | A 0.0000000 | A 0.0000000 | A 0.0000000 | A 0.0000000 | A 0.0000000 | A 0.0000000 | A 0.0000000 | A 0.0000000 |
Q6s | A 0.0000000 | A 0.0000000 | A 0.0000000 | A 0.0000000 | A 0.0000000 | A 0.0000000 | A 0.0000000 | A 0.0000000 | A 0.0000000 | A 0.0000000 | A 0.0000000 | A 0.0000000 | A 0.0000000 | A 0.0000000 |
Q7o | A 0.0000000 | A 0.0000000 | A 0.0000000 | A 0.0000000 | A 0.0000000 | A 0.0000000 | A 0.0000000 | A 0.0000000 | A 0.0000000 | A 0.0000000 | A 0.0000000 | A 0.0000000 | A 0.0000000 | A 0.0000000 |
Q7s | A 0.0000000 | A 0.0000000 | A 0.0000000 | A 0.0000000 | A 0.0000000 | A 0.0000000 | A 0.0000000 | A 0.0000000 | A 0.0000000 | A 0.0000000 | A 0.0000000 | A 0.0000000 | A 0.0000000 | A 0.0000000 |
Q8o | A 0.0000000 | A 0.0000000 | A 0.0000000 | A 0.0000000 | A 0.0000000 | A 0.0000000 | A 0.0000000 | A 0.0000000 | A 0.0000000 | A 0.0000000 | A 0.0000000 | A 0.0000000 | A 0.0000000 | A 0.0000000 |
Q8s | A 0.0000000 | A 0.0000000 | A 0.0000000 | A 0.0000000 | A 0.0000000 | A 0.0000000 | A 0.0000000 | A 0.0000000 | A 0.0000000 | A 0.0000000 | A 0.0000000 | A 0.0000000 | A 0.0000000 | A 0.0000000 |
Q9o | A 0.0000000 | A 0.0000000 | A 0.0000000 | A 0.0000000 | A 0.0000000 | A 0.0000000 | A 0.0000000 | A 0.0000000 | A 0.0000000 | A 0.0000000 | A 0.0000000 | A 0.0000000 | A 0.0000000 | A 0.0000000 |
Q9s | A 0.0000000 | A 0.0000000 | A 0.0000000 | A 0.0000000 | A 0.0000000 | A 0.0000000 | A 0.0000000 | A 0.0000000 | A 0.0000000 | A 0.0000000 | A 0.0000000 | A 0.0000000 | A 0.0000000 | A 0.0000000 |
QTo | A 0.0000000 | A 0.0000000 | A 0.0000000 | A 0.0000000 | A 0.0000000 | A 0.0000000 | A 0.0000000 | A 0.0000000 | A 0.0000000 | A 0.0000000 | A 0.0000000 | A 0.0000000 | A 0.0000000 | A 0.0000000 |
QTs | A 0.0000000 | A 0.0000000 | A 0.0000000 | A 0.0000000 | A 0.0000000 | A 0.0000000 | A 0.0000000 | A 0.0000000 | A 0.0000000 | A 0.0000000 | A 0.0000000 | A 0.0000000 | A 0.0000000 | A 0.0000000 |
QJo | A 0.0000000 | A 0.0000000 | A 0.0000000 | A 0.0000000 | A 0.0000000 | A 0.0000000 | A 0.0000000 | A 0.0000000 | A 0.0000000 | A 0.0000000 | A 0.0000000 | A 0.0000000 | A 0.0000000 | A 0.0000000 |
QJs | A 0.0000000 | A 0.0000000 | A 0.0000000 | A 0.0000000 | A 0.0000000 | A 0.0000000 | A 0.0000000 | A 0.0000000 | A 0.0000000 | A 0.0000000 | A 0.0000000 | A 0.0000000 | A 0.0000000 | A 0.0000000 |
QQo | A 0.0000000 | A 0.0000000 | A 0.0000000 | A 0.0000000 | A 0.0000000 | A 0.0000000 | A 0.0000000 | A 0.0000000 | A 0.0000000 | A 0.0000000 | A 0.0000000 | A 0.0000000 | A 0.0000000 | A 0.0000000 |
K2o | A 0.0000000 | A 0.0000000 | A 0.0000000 | A 0.0000000 | A 0.0000000 | A 0.0000000 | A 0.0000000 | A 0.0000000 | A 0.0000000 | A 0.0000000 | A 0.0000000 | A 0.0000000 | A 0.0000000 | A 0.0000000 |
K2s | A 0.0000000 | A 0.0000000 | A 0.0000000 | A 0.0000000 | A 0.0000000 | A 0.0000000 | A 0.0000000 | A 0.0000000 | A 0.0000000 | A 0.0000000 | A 0.0000000 | A 0.0000000 | A 0.0000000 | A 0.0000000 |
K3o | A 0.0000000 | A 0.0000000 | A 0.0000000 | A 0.0000000 | A 0.0000000 | A 0.0000000 | A 0.0000000 | A 0.0000000 | A 0.0000000 | A 0.0000000 | A 0.0000000 | A 0.0000000 | A 0.0000000 | A 0.0000000 |
K3s | A 0.0000000 | A 0.0000000 | A 0.0000000 | A 0.0000000 | A 0.0000000 | A 0.0000000 | A 0.0000000 | A 0.0000000 | A 0.0000000 | A 0.0000000 | A 0.0000000 | A 0.0000000 | A 0.0000000 | A 0.0000000 |
K4o | A 0.0000000 | A 0.0000000 | A 0.0000000 | A 0.0000000 | A 0.0000000 | A 0.0000000 | A 0.0000000 | A 0.0000000 | A 0.0000000 | A 0.0000000 | A 0.0000000 | A 0.0000000 | A 0.0000000 | A 0.0000000 |
K4s | A 0.0000000 | A 0.0000000 | A 0.0000000 | A 0.0000000 | A 0.0000000 | A 0.0000000 | A 0.0000000 | A 0.0000000 | A 0.0000000 | A 0.0000000 | A 0.0000000 | A 0.0000000 | A 0.0000000 | A 0.0000000 |
K5o | A 0.0000000 | A 0.0000000 | A 0.0000000 | A 0.0000000 | A 0.0000000 | A 0.0000000 | A 0.0000000 | A 0.0000000 | A 0.0000000 | A 0.0000000 | A 0.0000000 | A 0.0000000 | A 0.0000000 | A 0.0000000 |
K5s | A 0.0000000 | A 0.0000000 | A 0.0000000 | A 0.0000000 | A 0.0000000 | A 0.0000000 | A 0.0000000 | A 0.0000000 | A 0.0000000 | A 0.0000000 | A 0.0000000 | A 0.0000000 | A 0.0000000 | A 0.0000000 |
K6o | A 0.0000000 | A 0.0000000 | A 0.0000000 | A 0.0000000 | A 0.0000000 | A 0.0000000 | A 0.0000000 | A 0.0000000 | A 0.0000000 | A 0.0000000 | A 0.0000000 | A 0.0000000 | A 0.0000000 | A 0.0000000 |
K6s | A 0.0000000 | A 0.0000000 | A 0.0000000 | A 0.0000000 | A 0.0000000 | A 0.0000000 | A 0.0000000 | A 0.0000000 | A 0.0000000 | A 0.0000000 | A 0.0000000 | A 0.0000000 | A 0.0000000 | A 0.0000000 |
K7o | A 0.0000000 | A 0.0000000 | A 0.0000000 | A 0.0000000 | A 0.0000000 | A 0.0000000 | A 0.0000000 | A 0.0000000 | A 0.0000000 | A 0.0000000 | A 0.0000000 | A 0.0000000 | A 0.0000000 | A 0.0000000 |
K7s | A 0.0000000 | A 0.0000000 | A 0.0000000 | A 0.0000000 | A 0.0000000 | A 0.0000000 | A 0.0000000 | A 0.0000000 | A 0.0000000 | A 0.0000000 | A 0.0000000 | A 0.0000000 | A 0.0000000 | A 0.0000000 |
K8o | A 0.0000000 | A 0.0000000 | A 0.0000000 | A 0.0000000 | A 0.0000000 | A 0.0000000 | A 0.0000000 | A 0.0000000 | A 0.0000000 | A 0.0000000 | A 0.0000000 | A 0.0000000 | A 0.0000000 | A 0.0000000 |
K8s | A 0.0000000 | A 0.0000000 | A 0.0000000 | A 0.0000000 | A 0.0000000 | A 0.0000000 | A 0.0000000 | A 0.0000000 | A 0.0000000 | A 0.0000000 | A 0.0000000 | A 0.0000000 | A 0.0000000 | A 0.0000000 |
K9o | A 0.0000000 | A 0.0000000 | A 0.0000000 | A 0.0000000 | A 0.0000000 | A 0.0000000 | A 0.0000000 | A 0.0000000 | A 0.0000000 | A 0.0000000 | A 0.0000000 | A 0.0000000 | A 0.0000000 | A 0.0000000 |
K9s | A 0.0000000 | A 0.0000000 | A 0.0000000 | A 0.0000000 | A 0.0000000 | A 0.0000000 | A 0.0000000 | A 0.0000000 | A 0.0000000 | A 0.0000000 | A 0.0000000 | A 0.0000000 | A 0.0000000 | A 0.0000000 |
KTo | A 0.0000000 | A 0.0000000 | A 0.0000000 | A 0.0000000 | A 0.0000000 | A 0.0000000 | A 0.0000000 | A 0.0000000 | A 0.0000000 | A 0.0000000 | A 0.0000000 | A 0.0000000 | A 0.0000000 | A 0.0000000 |
KTs | A 0.0000000 | A 0.0000000 | A 0.0000000 | A 0.0000000 | A 0.0000000 | A 0.0000000 | A 0.0000000 | A 0.0000000 | A 0.0000000 | A 0.0000000 | A 0.0000000 | A 0.0000000 | A 0.0000000 | A 0.0000000 |
KJo | A 0.0000000 | A 0.0000000 | A 0.0000000 | A 0.0000000 | A 0.0000000 | A 0.0000000 | A 0.0000000 | A 0.0000000 | A 0.0000000 | A 0.0000000 | A 0.0000000 | A 0.0000000 | A 0.0000000 | A 0.0000000 |
KJs | A 0.0000000 | A 0.0000000 | A 0.0000000 | A 0.0000000 | A 0.0000000 | A 0.0000000 | A 0.0000000 | A 0.0000000 | A 0.0000000 | A 0.0000000 | A 0.0000000 | A 0.0000000 | A 0.0000000 | A 0.0000000 |
KQo | A 0.0000000 | A 0.0000000 | A 0.0000000 | A 0.0000000 | A 0.0000000 | A 0.0000000 | A 0.0000000 | A 0.0000000 | A 0.0000000 | A 0.0000000 | A 0.0000000 | A 0.0000000 | A 0.0000000 | A 0.0000000 |
KQs | A 0.0000000 | A 0.0000000 | A 0.0000000 | A 0.0000000 | A 0.0000000 | A 0.0000000 | A 0.0000000 | A 0.0000000 | A 0.0000000 | A 0.0000000 | A 0.0000000 | A 0.0000000 | A 0.0000000 | A 0.0000000 |
KKo | A 0.0000000 | A 0.0000000 | A 0.0000000 | A 0.0000000 | A 0.0000000 | A 0.0000000 | A 0.0000000 | A 0.0000000 | A 0.0000000 | A 0.0000000 | A 0.0000000 | A 0.0000000 | A 0.0000000 | A 0.0000000 |
A2o | A 0.0000000 | A 0.0000000 | A 0.0000000 | A 0.0000000 | A 0.0000000 | A 0.0000000 | A 0.0000000 | A 0.0000000 | A 0.0000000 | A 0.0000000 | A 0.0000000 | A 0.0000000 | A 0.0000000 | A 0.0000000 |
A2s | A 0.0000000 | A 0.0000000 | A 0.0000000 | A 0.0000000 | A 0.0000000 | A 0.0000000 | A 0.0000000 | A 0.0000000 | A 0.0000000 | A 0.0000000 | A 0.0000000 | A 0.0000000 | A 0.0000000 | A 0.0000000 |
A3o | A 0.0000000 | A 0.0000000 | A 0.0000000 | A 0.0000000 | A 0.0000000 | A 0.0000000 | A 0.0000000 | A 0.0000000 | A 0.0000000 | A 0.0000000 | A 0.0000000 | A 0.0000000 | A 0.0000000 | A 0.0000000 |
A3s | A 0.0000000 | A 0.0000000 | A 0.0000000 | A 0.0000000 | A 0.0000000 | A 0.0000000 | A 0.0000000 | A 0.0000000 | A 0.0000000 | A 0.0000000 | A 0.0000000 | A 0.0000000 | A 0.0000000 | A 0.0000000 |
A4o | A 0.0000000 | A 0.0000000 | A 0.0000000 | A 0.0000000 | A 0.0000000 | A 0.0000000 | A 0.0000000 | A 0.0000000 | A 0.0000000 | A 0.0000000 | A 0.0000000 | A 0.0000000 | A 0.0000000 | A 0.0000000 |
A4s | A 0.0000000 | A 0.0000000 | A 0.0000000 | A 0.0000000 | A 0.0000000 | A 0.0000000 | A 0.0000000 | A 0.0000000 | A 0.0000000 | A 0.0000000 | A 0.0000000 | A 0.0000000 | A 0.0000000 | A 0.0000000 |
A5o | A 0.0000000 | A 0.0000000 | A 0.0000000 | A 0.0000000 | A 0.0000000 | A 0.0000000 | A 0.0000000 | A 0.0000000 | A 0.0000000 | A 0.0000000 | A 0.0000000 | A 0.0000000 | A 0.0000000 | A 0.0000000 |
A5s | A 0.0000000 | A 0.0000000 | A 0.0000000 | A 0.0000000 | A 0.0000000 | A 0.0000000 | A 0.0000000 | A 0.0000000 | A 0.0000000 | A 0.0000000 | A 0.0000000 | A 0.0000000 | A 0.0000000 | A 0.0000000 |
A6o | A 0.0000000 | A 0.0000000 | A 0.0000000 | A 0.0000000 | A 0.0000000 | A 0.0000000 | A 0.0000000 | A 0.0000000 | A 0.0000000 | A 0.0000000 | A 0.0000000 | A 0.0000000 | A 0.0000000 | A 0.0000000 |
A6s | A 0.0000000 | A 0.0000000 | A 0.0000000 | A 0.0000000 | A 0.0000000 | A 0.0000000 | A 0.0000000 | A 0.0000000 | A 0.0000000 | A 0.0000000 | A 0.0000000 | A 0.0000000 | A 0.0000000 | A 0.0000000 |
A7o | A 0.0000000 | A 0.0000000 | A 0.0000000 | A 0.0000000 | A 0.0000000 | A 0.0000000 | A 0.0000000 | A 0.0000000 | A 0.0000000 | A 0.0000000 | A 0.0000000 | A 0.0000000 | A 0.0000000 | A 0.0000000 |
A7s | A 0.0000000 | A 0.0000000 | A 0.0000000 | A 0.0000000 | A 0.0000000 | A 0.0000000 | A 0.0000000 | A 0.0000000 | A 0.0000000 | A 0.0000000 | A 0.0000000 | A 0.0000000 | A 0.0000000 | A 0.0000000 |
A8o | A 0.0000000 | A 0.0000000 | A 0.0000000 | A 0.0000000 | A 0.0000000 | A 0.0000000 | A 0.0000000 | A 0.0000000 | A 0.0000000 | A 0.0000000 | A 0.0000000 | A 0.0000000 | A 0.0000000 | A 0.0000000 |
A8s | A 0.0000000 | A 0.0000000 | A 0.0000000 | A 0.0000000 | A 0.0000000 | A 0.0000000 | A 0.0000000 | A 0.0000000 | A 0.0000000 | A 0.0000000 | A 0.0000000 | A 0.0000000 | A 0.0000000 | A 0.0000000 |
A9o | A 0.0000000 | A 0.0000000 | A 0.0000000 | A 0.0000000 | A 0.0000000 | A 0.0000000 | A 0.0000000 | A 0.0000000 | A 0.0000000 | A 0.0000000 | A 0.0000000 | A 0.0000000 | A 0.0000000 | A 0.0000000 |
A9s | A 0.0000000 | A 0.0000000 | A 0.0000000 | A 0.0000000 | A 0.0000000 | A 0.0000000 | A 0.0000000 | A 0.0000000 | A 0.0000000 | A 0.0000000 | A 0.0000000 | A 0.0000000 | A 0.0000000 | A 0.0000000 |
ATo | A 0.0000000 | A 0.0000000 | A 0.0000000 | A 0.0000000 | A 0.0000000 | A 0.0000000 | A 0.0000000 | A 0.0000000 | A 0.0000000 | A 0.0000000 | A 0.0000000 | A 0.0000000 | A 0.0000000 | A 0.0000000 |
ATs | A 0.0000000 | A 0.0000000 | A 0.0000000 | A 0.0000000 | A 0.0000000 | A 0.0000000 | A 0.0000000 | A 0.0000000 | A 0.0000000 | A 0.0000000 | A 0.0000000 | A 0.0000000 | A 0.0000000 | A 0.0000000 |
AJo | A 0.0000000 | A 0.0000000 | A 0.0000000 | A 0.0000000 | A 0.0000000 | A 0.0000000 | A 0.0000000 | A 0.0000000 | A 0.0000000 | A 0.0000000 | A 0.0000000 | A 0.0000000 | A 0.0000000 | A 0.0000000 |
AJs | A 0.0000000 | A 0.0000000 | A 0.0000000 | A 0.0000000 | A 0.0000000 | A 0.0000000 | A 0.0000000 | A 0.0000000 | A 0.0000000 | A 0.0000000 | A 0.0000000 | A 0.0000000 | A 0.0000000 | A 0.0000000 |
AQo | A 0.0000000 | A 0.0000000 | A 0.0000000 | A 0.0000000 | A 0.0000000 | A 0.0000000 | A 0.0000000 | A 0.0000000 | A 0.0000000 | A 0.0000000 | A 0.0000000 | A 0.0000000 | A 0.0000000 | A 0.0000000 |
AQs | A 0.0000000 | A 0.0000000 | A 0.0000000 | A 0.0000000 | A 0.0000000 | A 0.0000000 | A 0.0000000 | A 0.0000000 | A 0.0000000 | A 0.0000000 | A 0.0000000 | A 0.0000000 | A 0.0000000 | A 0.0000000 |
AKo | A 0.0000000 | A 0.0000000 | A 0.0000000 | A 0.0000000 | A 0.0000000 | A 0.0000000 | A 0.0000000 | A 0.0000000 | A 0.0000000 | A 0.0000000 | A 0.0000000 | A 0.0000000 | A 0.0000000 | A 0.0000000 |
AKs | A 0.0000000 | A 0.0000000 | A 0.0000000 | A 0.0000000 | A 0.0000000 | A 0.0000000 | A 0.0000000 | A 0.0000000 | A 0.0000000 | A 0.0000000 | A 0.0000000 | A 0.0000000 | A 0.0000000 | A 0.0000000 |
AAo | A 0.0000000 | A 0.0000000 | A 0.0000000 | A 0.0000000 | A 0.0000000 | A 0.0000000 | A 0.0000000 | A 0.0000000 | A 0.0000000 | A 0.0000000 | A 0.0000000 | A 0.0000000 | A 0.0000000 | A 0.0000000 |


Player ID: , Position: SmallBlind, Holding Cards: | 7♥ | 5♠ | , Action: AllIn, 
Best Hand: 1596, Money: -2.000000, Reward: -2.000000
Bandit Agent 
    |     CO      |     DE      |    DE_CO    |     SB      |    SB_CO    |    SB_DE    |  SB_CO_DE   |    BB_CO    |    BB_DE    |    BB_SB    |  BB_CO_DE   |  BB_CO_SB   |  BB_DE_SB   | BB_CO_DE_SB |
22o | A 0.0000000 | A 0.0000000 | A 0.0000000 | A 0.0000000 | A 0.0000000 | A 0.0000000 | A 0.0000000 | A 0.0000000 | A 0.0000000 | A 0.0000000 | A 0.0000000 | A 0.0000000 | A 0.0000000 | A 0.0000000 |
32o | A 0.0000000 | A 0.0000000 | A 0.0000000 | A 0.0000000 | A 0.0000000 | A 0.0000000 | A 0.0000000 | A 0.0000000 | A 0.0000000 | A 0.0000000 | A 0.0000000 | A 0.0000000 | A 0.0000000 | A 0.0000000 |
32s | A 0.0000000 | A 0.0000000 | A 0.0000000 | A 0.0000000 | A 0.0000000 | A 0.0000000 | A 0.0000000 | A 0.0000000 | A 0.0000000 | A 0.0000000 | A 0.0000000 | A 0.0000000 | A 0.0000000 | A 0.0000000 |
33o | A 0.0000000 | A 0.0000000 | A 0.0000000 | A 0.0000000 | A 0.0000000 | A 0.0000000 | A 0.0000000 | A 0.0000000 | A 0.0000000 | A 0.0000000 | A 0.0000000 | A 0.0000000 | A 0.0000000 | A 0.0000000 |
42o | A 0.0000000 | A 0.0000000 | A 0.0000000 | A 0.0000000 | A 0.0000000 | A 0.0000000 | A 0.0000000 | A 0.0000000 | A 0.0000000 | A 0.0000000 | A 0.0000000 | A 0.0000000 | A 0.0000000 | A 0.0000000 |
42s | A 0.0000000 | A 0.0000000 | A 0.0000000 | A 0.0000000 | A 0.0000000 | A 0.0000000 | A 0.0000000 | A 0.0000000 | A 0.0000000 | A 0.0000000 | A 0.0000000 | A 0.0000000 | A 0.0000000 | A 0.0000000 |
43o | A 0.0000000 | A 0.0000000 | A 0.0000000 | A 0.0000000 | A 0.0000000 | A 0.0000000 | A 0.0000000 | A 0.0000000 | A 0.0000000 | A 0.0000000 | A 0.0000000 | A 0.0000000 | A 0.0000000 | A 0.0000000 |
43s | A 0.0000000 | A 0.0000000 | A 0.0000000 | A 0.0000000 | A 0.0000000 | A 0.0000000 | A 0.0000000 | A 0.0000000 | A 0.0000000 | A 0.0000000 | A 0.0000000 | A 0.0000000 | A 0.0000000 | A 0.0000000 |
44o | A 0.0000000 | A 0.0000000 | A 0.0000000 | A 0.0000000 | A 0.0000000 | A 0.0000000 | A 0.0000000 | A 0.0000000 | A 0.0000000 | A 0.0000000 | A 0.0000000 | A 0.0000000 | A 0.0000000 | A 0.0000000 |
52o | A 0.0000000 | A 0.0000000 | A 0.0000000 | A 0.0000000 | A 0.0000000 | A 0.0000000 | A 0.0000000 | A 0.0000000 | A 0.0000000 | A 0.0000000 | A 0.0000000 | A 0.0000000 | A 0.0000000 | A 0.0000000 |
52s | A 0.0000000 | A 0.0000000 | A 0.0000000 | A 0.0000000 | A 0.0000000 | A 0.0000000 | A 0.0000000 | A 0.0000000 | A 0.0000000 | A 0.0000000 | A 0.0000000 | A 0.0000000 | A 0.0000000 | A 0.0000000 |
53o | A 0.0000000 | A 0.0000000 | A 0.0000000 | A 0.0000000 | A 0.0000000 | A 0.0000000 | A 0.0000000 | A 0.0000000 | A 0.0000000 | A 0.0000000 | A 0.0000000 | A 0.0000000 | A 0.0000000 | A 0.0000000 |
53s | A 0.0000000 | A 0.0000000 | A 0.0000000 | A 0.0000000 | A 0.0000000 | A 0.0000000 | A 0.0000000 | A 0.0000000 | A 0.0000000 | A 0.0000000 | A 0.0000000 | A 0.0000000 | A 0.0000000 | A 0.0000000 |
54o | A 0.0000000 | A 0.0000000 | A 0.0000000 | A 0.0000000 | A 0.0000000 | A 0.0000000 | A 0.0000000 | A 0.0000000 | A 0.0000000 | A 0.0000000 | A 0.0000000 | A 0.0000000 | A 0.0000000 | A 0.0000000 |
54s | A 0.0000000 | A 0.0000000 | A 0.0000000 | A 0.0000000 | A 0.0000000 | A 0.0000000 | A 0.0000000 | A 0.0000000 | A 0.0000000 | A 0.0000000 | A 0.0000000 | A 0.0000000 | A 0.0000000 | A 0.0000000 |
55o | A 0.0000000 | A 0.0000000 | A 0.0000000 | A 0.0000000 | A 0.0000000 | A 0.0000000 | A 0.0000000 | A 0.0000000 | A 0.0000000 | A 0.0000000 | A 0.0000000 | A 0.0000000 | A 0.0000000 | A 0.0000000 |
62o | A 0.0000000 | A 0.0000000 | A 0.0000000 | A 0.0000000 | A 0.0000000 | A 0.0000000 | A 0.0000000 | A 0.0000000 | A 0.0000000 | A 0.0000000 | A 0.0000000 | A 0.0000000 | A 0.0000000 | A 0.0000000 |
62s | A 0.0000000 | A 0.0000000 | A 0.0000000 | A 0.0000000 | A 0.0000000 | A 0.0000000 | A 0.0000000 | A 0.0000000 | A 0.0000000 | A 0.0000000 | A 0.0000000 | A 0.0000000 | A 0.0000000 | A 0.0000000 |
63o | A 0.0000000 | A 0.0000000 | A 0.0000000 | A 0.0000000 | A 0.0000000 | A 0.0000000 | A 0.0000000 | A 0.0000000 | A 0.0000000 | A 0.0000000 | A 0.0000000 | A 0.0000000 | A 0.0000000 | A 0.0000000 |
63s | A 0.0000000 | A 0.0000000 | A 0.0000000 | A 0.0000000 | A 0.0000000 | A 0.0000000 | A 0.0000000 | A 0.0000000 | A 0.0000000 | A 0.0000000 | A 0.0000000 | A 0.0000000 | A 0.0000000 | A 0.0000000 |
64o | A 0.0000000 | A 0.0000000 | A 0.0000000 | A 0.0000000 | A 0.0000000 | A 0.0000000 | A 0.0000000 | A 0.0000000 | A 0.0000000 | A 0.0000000 | A 0.0000000 | A 0.0000000 | A 0.0000000 | A 0.0000000 |
64s | A 0.0000000 | A 0.0000000 | A 0.0000000 | A 0.0000000 | A 0.0000000 | A 0.0000000 | A 0.0000000 | A 0.0000000 | A 0.0000000 | A 0.0000000 | A 0.0000000 | A 0.0000000 | A 0.0000000 | A 0.0000000 |
65o | A 0.0000000 | A 0.0000000 | A 0.0000000 | A 0.0000000 | A 0.0000000 | A 0.0000000 | A 0.0000000 | A 0.0000000 | A 0.0000000 | A 0.0000000 | A 0.0000000 | A 0.0000000 | A 0.0000000 | A 0.0000000 |
65s | A 0.0000000 | A 0.0000000 | A 0.0000000 | A 0.0000000 | A 0.0000000 | A 0.0000000 | A 0.0000000 | A 0.0000000 | A 0.0000000 | A 0.0000000 | A 0.0000000 | A 0.0000000 | A 0.0000000 | A 0.0000000 |
66o | A 0.0000000 | A 0.0000000 | A 0.0000000 | A 0.0000000 | A 0.0000000 | A 0.0000000 | A 0.0000000 | A 0.0000000 | A 0.0000000 | A 0.0000000 | A 0.0000000 | A 0.0000000 | A 0.0000000 | A 0.0000000 |
72o | A 0.0000000 | A 0.0000000 | A 0.0000000 | A 0.0000000 | A 0.0000000 | A 0.0000000 | A 0.0000000 | A 0.0000000 | A 0.0000000 | A 0.0000000 | A 0.0000000 | A 0.0000000 | A 0.0000000 | A 0.0000000 |
72s | A 0.0000000 | A 0.0000000 | A 0.0000000 | A 0.0000000 | A 0.0000000 | A 0.0000000 | A 0.0000000 | A 0.0000000 | A 0.0000000 | A 0.0000000 | A 0.0000000 | A 0.0000000 | A 0.0000000 | A 0.0000000 |
73o | A 0.0000000 | A 0.0000000 | A 0.0000000 | A 0.0000000 | A 0.0000000 | A 0.0000000 | A 0.0000000 | A 0.0000000 | A 0.0000000 | A 0.0000000 | A 0.0000000 | A 0.0000000 | A 0.0000000 | A 0.0000000 |
73s | A 0.0000000 | A 0.0000000 | A 0.0000000 | A 0.0000000 | A 0.0000000 | A 0.0000000 | A 0.0000000 | A 0.0000000 | A 0.0000000 | A 0.0000000 | A 0.0000000 | A 0.0000000 | A 0.0000000 | A 0.0000000 |
74o | A 0.0000000 | A 0.0000000 | A 0.0000000 | A 0.0000000 | A 0.0000000 | A 0.0000000 | A 0.0000000 | A 0.0000000 | A 0.0000000 | A 0.0000000 | A 0.0000000 | A 0.0000000 | A 0.0000000 | A 0.0000000 |
74s | A 0.0000000 | A 0.0000000 | A 0.0000000 | A 0.0000000 | A 0.0000000 | A 0.0000000 | A 0.0000000 | A 0.0000000 | A 0.0000000 | A 0.0000000 | A 0.0000000 | A 0.0000000 | A 0.0000000 | A 0.0000000 |
75o | A 0.0000000 | A 0.0000000 | A 0.0000000 | A 0.0000000 | F 2.0000000 | A 0.0000000 | A 0.0000000 | A 0.0000000 | A 0.0000000 | A 0.0000000 | A 0.0000000 | A 0.0000000 | A 0.0000000 | A 0.0000000 |
75s | A 0.0000000 | A 0.0000000 | A 0.0000000 | A 0.0000000 | A 0.0000000 | A 0.0000000 | A 0.0000000 | A 0.0000000 | A 0.0000000 | A 0.0000000 | A 0.0000000 | A 0.0000000 | A 0.0000000 | A 0.0000000 |
76o | A 0.0000000 | A 0.0000000 | A 0.0000000 | A 0.0000000 | A 0.0000000 | A 0.0000000 | A 0.0000000 | A 0.0000000 | A 0.0000000 | A 0.0000000 | A 0.0000000 | A 0.0000000 | A 0.0000000 | A 0.0000000 |
76s | A 0.0000000 | A 0.0000000 | A 0.0000000 | A 0.0000000 | A 0.0000000 | A 0.0000000 | A 0.0000000 | A 0.0000000 | A 0.0000000 | A 0.0000000 | A 0.0000000 | A 0.0000000 | A 0.0000000 | A 0.0000000 |
77o | A 0.0000000 | A 0.0000000 | A 0.0000000 | A 0.0000000 | A 0.0000000 | A 0.0000000 | A 0.0000000 | A 0.0000000 | A 0.0000000 | A 0.0000000 | A 0.0000000 | A 0.0000000 | A 0.0000000 | A 0.0000000 |
82o | A 0.0000000 | A 0.0000000 | A 0.0000000 | A 0.0000000 | A 0.0000000 | A 0.0000000 | A 0.0000000 | A 0.0000000 | A 0.0000000 | A 0.0000000 | A 0.0000000 | A 0.0000000 | A 0.0000000 | A 0.0000000 |
82s | A 0.0000000 | A 0.0000000 | A 0.0000000 | A 0.0000000 | A 0.0000000 | A 0.0000000 | A 0.0000000 | A 0.0000000 | A 0.0000000 | A 0.0000000 | A 0.0000000 | A 0.0000000 | A 0.0000000 | A 0.0000000 |
83o | A 0.0000000 | A 0.0000000 | A 0.0000000 | A 0.0000000 | A 0.0000000 | A 0.0000000 | A 0.0000000 | A 0.0000000 | A 0.0000000 | A 0.0000000 | A 0.0000000 | A 0.0000000 | A 0.0000000 | A 0.0000000 |
83s | A 0.0000000 | A 0.0000000 | A 0.0000000 | A 0.0000000 | A 0.0000000 | A 0.0000000 | A 0.0000000 | A 0.0000000 | A 0.0000000 | A 0.0000000 | A 0.0000000 | A 0.0000000 | A 0.0000000 | A 0.0000000 |
84o | A 0.0000000 | A 0.0000000 | A 0.0000000 | A 0.0000000 | A 0.0000000 | A 0.0000000 | A 0.0000000 | A 0.0000000 | A 0.0000000 | A 0.0000000 | A 0.0000000 | A 0.0000000 | A 0.0000000 | A 0.0000000 |
84s | A 0.0000000 | A 0.0000000 | A 0.0000000 | A 0.0000000 | A 0.0000000 | A 0.0000000 | A 0.0000000 | A 0.0000000 | A 0.0000000 | A 0.0000000 | A 0.0000000 | A 0.0000000 | A 0.0000000 | A 0.0000000 |
85o | A 0.0000000 | A 0.0000000 | A 0.0000000 | A 0.0000000 | A 0.0000000 | A 0.0000000 | A 0.0000000 | A 0.0000000 | A 0.0000000 | A 0.0000000 | A 0.0000000 | A 0.0000000 | A 0.0000000 | A 0.0000000 |
85s | A 0.0000000 | A 0.0000000 | A 0.0000000 | A 0.0000000 | A 0.0000000 | A 0.0000000 | A 0.0000000 | A 0.0000000 | A 0.0000000 | A 0.0000000 | A 0.0000000 | A 0.0000000 | A 0.0000000 | A 0.0000000 |
86o | A 0.0000000 | A 0.0000000 | A 0.0000000 | A 0.0000000 | A 0.0000000 | A 0.0000000 | A 0.0000000 | A 0.0000000 | A 0.0000000 | A 0.0000000 | A 0.0000000 | A 0.0000000 | A 0.0000000 | A 0.0000000 |
86s | A 0.0000000 | A 0.0000000 | A 0.0000000 | A 0.0000000 | A 0.0000000 | A 0.0000000 | A 0.0000000 | A 0.0000000 | A 0.0000000 | A 0.0000000 | A 0.0000000 | A 0.0000000 | A 0.0000000 | A 0.0000000 |
87o | A 0.0000000 | A 0.0000000 | A 0.0000000 | A 0.0000000 | A 0.0000000 | A 0.0000000 | A 0.0000000 | A 0.0000000 | A 0.0000000 | A 0.0000000 | A 0.0000000 | A 0.0000000 | A 0.0000000 | A 0.0000000 |
87s | A 0.0000000 | A 0.0000000 | A 0.0000000 | A 0.0000000 | A 0.0000000 | A 0.0000000 | A 0.0000000 | A 0.0000000 | A 0.0000000 | A 0.0000000 | A 0.0000000 | A 0.0000000 | A 0.0000000 | A 0.0000000 |
88o | A 0.0000000 | A 0.0000000 | A 0.0000000 | A 0.0000000 | A 0.0000000 | A 0.0000000 | A 0.0000000 | A 0.0000000 | A 0.0000000 | A 0.0000000 | A 0.0000000 | A 0.0000000 | A 0.0000000 | A 0.0000000 |
92o | A 0.0000000 | A 0.0000000 | A 0.0000000 | A 0.0000000 | A 0.0000000 | A 0.0000000 | A 0.0000000 | A 0.0000000 | A 0.0000000 | A 0.0000000 | A 0.0000000 | A 0.0000000 | A 0.0000000 | A 0.0000000 |
92s | A 0.0000000 | A 0.0000000 | A 0.0000000 | A 0.0000000 | A 0.0000000 | A 0.0000000 | A 0.0000000 | A 0.0000000 | A 0.0000000 | A 0.0000000 | A 0.0000000 | A 0.0000000 | A 0.0000000 | A 0.0000000 |
93o | A 0.0000000 | A 0.0000000 | A 0.0000000 | A 0.0000000 | A 0.0000000 | A 0.0000000 | A 0.0000000 | A 0.0000000 | A 0.0000000 | A 0.0000000 | A 0.0000000 | A 0.0000000 | A 0.0000000 | A 0.0000000 |
93s | A 0.0000000 | A 0.0000000 | A 0.0000000 | A 0.0000000 | A 0.0000000 | A 0.0000000 | A 0.0000000 | A 0.0000000 | A 0.0000000 | A 0.0000000 | A 0.0000000 | A 0.0000000 | A 0.0000000 | A 0.0000000 |
94o | A 0.0000000 | A 0.0000000 | A 0.0000000 | A 0.0000000 | A 0.0000000 | A 0.0000000 | A 0.0000000 | A 0.0000000 | A 0.0000000 | A 0.0000000 | A 0.0000000 | A 0.0000000 | A 0.0000000 | A 0.0000000 |
94s | A 0.0000000 | A 0.0000000 | A 0.0000000 | A 0.0000000 | A 0.0000000 | A 0.0000000 | A 0.0000000 | A 0.0000000 | A 0.0000000 | A 0.0000000 | A 0.0000000 | A 0.0000000 | A 0.0000000 | A 0.0000000 |
95o | A 0.0000000 | A 0.0000000 | A 0.0000000 | A 0.0000000 | A 0.0000000 | A 0.0000000 | A 0.0000000 | A 0.0000000 | A 0.0000000 | A 0.0000000 | A 0.0000000 | A 0.0000000 | A 0.0000000 | A 0.0000000 |
95s | A 0.0000000 | A 0.0000000 | A 0.0000000 | A 0.0000000 | A 0.0000000 | A 0.0000000 | A 0.0000000 | A 0.0000000 | A 0.0000000 | A 0.0000000 | A 0.0000000 | A 0.0000000 | A 0.0000000 | A 0.0000000 |
96o | A 0.0000000 | A 0.0000000 | A 0.0000000 | A 0.0000000 | A 0.0000000 | A 0.0000000 | A 0.0000000 | A 0.0000000 | A 0.0000000 | A 0.0000000 | A 0.0000000 | A 0.0000000 | A 0.0000000 | A 0.0000000 |
96s | A 0.0000000 | A 0.0000000 | A 0.0000000 | A 0.0000000 | A 0.0000000 | A 0.0000000 | A 0.0000000 | A 0.0000000 | A 0.0000000 | A 0.0000000 | A 0.0000000 | A 0.0000000 | A 0.0000000 | A 0.0000000 |
97o | A 0.0000000 | A 0.0000000 | A 0.0000000 | A 0.0000000 | A 0.0000000 | A 0.0000000 | A 0.0000000 | A 0.0000000 | A 0.0000000 | A 0.0000000 | A 0.0000000 | A 0.0000000 | A 0.0000000 | A 0.0000000 |
97s | A 0.0000000 | A 0.0000000 | A 0.0000000 | A 0.0000000 | A 0.0000000 | A 0.0000000 | A 0.0000000 | A 0.0000000 | A 0.0000000 | A 0.0000000 | A 0.0000000 | A 0.0000000 | A 0.0000000 | A 0.0000000 |
98o | A 0.0000000 | A 0.0000000 | A 0.0000000 | A 0.0000000 | A 0.0000000 | A 0.0000000 | A 0.0000000 | A 0.0000000 | A 0.0000000 | A 0.0000000 | A 0.0000000 | A 0.0000000 | A 0.0000000 | A 0.0000000 |
98s | A 0.0000000 | A 0.0000000 | A 0.0000000 | A 0.0000000 | A 0.0000000 | A 0.0000000 | A 0.0000000 | A 0.0000000 | A 0.0000000 | A 0.0000000 | A 0.0000000 | A 0.0000000 | A 0.0000000 | A 0.0000000 |
99o | A 0.0000000 | A 0.0000000 | A 0.0000000 | A 0.0000000 | A 0.0000000 | A 0.0000000 | A 0.0000000 | A 0.0000000 | A 0.0000000 | A 0.0000000 | A 0.0000000 | A 0.0000000 | A 0.0000000 | A 0.0000000 |
T2o | A 0.0000000 | A 0.0000000 | A 0.0000000 | A 0.0000000 | A 0.0000000 | A 0.0000000 | A 0.0000000 | A 0.0000000 | A 0.0000000 | A 0.0000000 | A 0.0000000 | A 0.0000000 | A 0.0000000 | A 0.0000000 |
T2s | A 0.0000000 | A 0.0000000 | A 0.0000000 | A 0.0000000 | A 0.0000000 | A 0.0000000 | A 0.0000000 | A 0.0000000 | A 0.0000000 | A 0.0000000 | A 0.0000000 | A 0.0000000 | A 0.0000000 | A 0.0000000 |
T3o | A 0.0000000 | A 0.0000000 | A 0.0000000 | A 0.0000000 | A 0.0000000 | A 0.0000000 | A 0.0000000 | A 0.0000000 | A 0.0000000 | A 0.0000000 | A 0.0000000 | A 0.0000000 | A 0.0000000 | A 0.0000000 |
T3s | A 0.0000000 | A 0.0000000 | A 0.0000000 | A 0.0000000 | A 0.0000000 | A 0.0000000 | A 0.0000000 | A 0.0000000 | A 0.0000000 | A 0.0000000 | A 0.0000000 | A 0.0000000 | A 0.0000000 | A 0.0000000 |
T4o | A 0.0000000 | A 0.0000000 | A 0.0000000 | A 0.0000000 | A 0.0000000 | A 0.0000000 | A 0.0000000 | A 0.0000000 | A 0.0000000 | A 0.0000000 | A 0.0000000 | A 0.0000000 | A 0.0000000 | A 0.0000000 |
T4s | A 0.0000000 | A 0.0000000 | A 0.0000000 | A 0.0000000 | A 0.0000000 | A 0.0000000 | A 0.0000000 | A 0.0000000 | A 0.0000000 | A 0.0000000 | A 0.0000000 | A 0.0000000 | A 0.0000000 | A 0.0000000 |
T5o | A 0.0000000 | A 0.0000000 | A 0.0000000 | A 0.0000000 | A 0.0000000 | A 0.0000000 | A 0.0000000 | A 0.0000000 | A 0.0000000 | A 0.0000000 | A 0.0000000 | A 0.0000000 | A 0.0000000 | A 0.0000000 |
T5s | A 0.0000000 | A 0.0000000 | A 0.0000000 | A 0.0000000 | A 0.0000000 | A 0.0000000 | A 0.0000000 | A 0.0000000 | A 0.0000000 | A 0.0000000 | A 0.0000000 | A 0.0000000 | A 0.0000000 | A 0.0000000 |
T6o | A 0.0000000 | A 0.0000000 | A 0.0000000 | A 0.0000000 | A 0.0000000 | A 0.0000000 | A 0.0000000 | A 0.0000000 | A 0.0000000 | A 0.0000000 | A 0.0000000 | A 0.0000000 | A 0.0000000 | A 0.0000000 |
T6s | A 0.0000000 | A 0.0000000 | A 0.0000000 | A 0.0000000 | A 0.0000000 | A 0.0000000 | A 0.0000000 | A 0.0000000 | A 0.0000000 | A 0.0000000 | A 0.0000000 | A 0.0000000 | A 0.0000000 | A 0.0000000 |
T7o | A 0.0000000 | A 0.0000000 | A 0.0000000 | A 0.0000000 | A 0.0000000 | A 0.0000000 | A 0.0000000 | A 0.0000000 | A 0.0000000 | A 0.0000000 | A 0.0000000 | A 0.0000000 | A 0.0000000 | A 0.0000000 |
T7s | A 0.0000000 | A 0.0000000 | A 0.0000000 | A 0.0000000 | A 0.0000000 | A 0.0000000 | A 0.0000000 | A 0.0000000 | A 0.0000000 | A 0.0000000 | A 0.0000000 | A 0.0000000 | A 0.0000000 | A 0.0000000 |
T8o | A 0.0000000 | A 0.0000000 | A 0.0000000 | A 0.0000000 | A 0.0000000 | A 0.0000000 | A 0.0000000 | A 0.0000000 | A 0.0000000 | A 0.0000000 | A 0.0000000 | A 0.0000000 | A 0.0000000 | A 0.0000000 |
T8s | A 0.0000000 | A 0.0000000 | A 0.0000000 | A 0.0000000 | A 0.0000000 | A 0.0000000 | A 0.0000000 | A 0.0000000 | A 0.0000000 | A 0.0000000 | A 0.0000000 | A 0.0000000 | A 0.0000000 | A 0.0000000 |
T9o | A 0.0000000 | A 0.0000000 | A 0.0000000 | A 0.0000000 | A 0.0000000 | A 0.0000000 | A 0.0000000 | A 0.0000000 | A 0.0000000 | A 0.0000000 | A 0.0000000 | A 0.0000000 | A 0.0000000 | A 0.0000000 |
T9s | A 0.0000000 | A 0.0000000 | A 0.0000000 | A 0.0000000 | A 0.0000000 | A 0.0000000 | A 0.0000000 | A 0.0000000 | A 0.0000000 | A 0.0000000 | A 0.0000000 | A 0.0000000 | A 0.0000000 | A 0.0000000 |
TTo | A 0.0000000 | A 0.0000000 | A 0.0000000 | A 0.0000000 | A 0.0000000 | A 0.0000000 | A 0.0000000 | A 0.0000000 | A 0.0000000 | A 0.0000000 | A 0.0000000 | A 0.0000000 | A 0.0000000 | A 0.0000000 |
J2o | A 0.0000000 | A 0.0000000 | A 0.0000000 | A 0.0000000 | A 0.0000000 | A 0.0000000 | A 0.0000000 | A 0.0000000 | A 0.0000000 | A 0.0000000 | A 0.0000000 | A 0.0000000 | A 0.0000000 | A 0.0000000 |
J2s | A 0.0000000 | A 0.0000000 | A 0.0000000 | A 0.0000000 | A 0.0000000 | A 0.0000000 | A 0.0000000 | A 0.0000000 | A 0.0000000 | A 0.0000000 | A 0.0000000 | A 0.0000000 | A 0.0000000 | A 0.0000000 |
J3o | A 0.0000000 | A 0.0000000 | A 0.0000000 | A 0.0000000 | A 0.0000000 | A 0.0000000 | A 0.0000000 | A 0.0000000 | A 0.0000000 | A 0.0000000 | A 0.0000000 | A 0.0000000 | A 0.0000000 | A 0.0000000 |
J3s | A 0.0000000 | A 0.0000000 | A 0.0000000 | A 0.0000000 | A 0.0000000 | A 0.0000000 | A 0.0000000 | A 0.0000000 | A 0.0000000 | A 0.0000000 | A 0.0000000 | A 0.0000000 | A 0.0000000 | A 0.0000000 |
J4o | A 0.0000000 | A 0.0000000 | A 0.0000000 | A 0.0000000 | A 0.0000000 | A 0.0000000 | A 0.0000000 | A 0.0000000 | A 0.0000000 | A 0.0000000 | A 0.0000000 | A 0.0000000 | A 0.0000000 | A 0.0000000 |
J4s | A 0.0000000 | A 0.0000000 | A 0.0000000 | A 0.0000000 | A 0.0000000 | A 0.0000000 | A 0.0000000 | A 0.0000000 | A 0.0000000 | A 0.0000000 | A 0.0000000 | A 0.0000000 | A 0.0000000 | A 0.0000000 |
J5o | A 0.0000000 | A 0.0000000 | A 0.0000000 | A 0.0000000 | A 0.0000000 | A 0.0000000 | A 0.0000000 | A 0.0000000 | A 0.0000000 | A 0.0000000 | A 0.0000000 | A 0.0000000 | A 0.0000000 | A 0.0000000 |
J5s | A 0.0000000 | A 0.0000000 | A 0.0000000 | A 0.0000000 | A 0.0000000 | A 0.0000000 | A 0.0000000 | A 0.0000000 | A 0.0000000 | A 0.0000000 | A 0.0000000 | A 0.0000000 | A 0.0000000 | A 0.0000000 |
J6o | A 0.0000000 | A 0.0000000 | A 0.0000000 | A 0.0000000 | A 0.0000000 | A 0.0000000 | A 0.0000000 | A 0.0000000 | A 0.0000000 | A 0.0000000 | A 0.0000000 | A 0.0000000 | A 0.0000000 | A 0.0000000 |
J6s | A 0.0000000 | A 0.0000000 | A 0.0000000 | A 0.0000000 | A 0.0000000 | A 0.0000000 | A 0.0000000 | A 0.0000000 | A 0.0000000 | A 0.0000000 | A 0.0000000 | A 0.0000000 | A 0.0000000 | A 0.0000000 |
J7o | A 0.0000000 | A 0.0000000 | A 0.0000000 | A 0.0000000 | A 0.0000000 | A 0.0000000 | A 0.0000000 | A 0.0000000 | A 0.0000000 | A 0.0000000 | A 0.0000000 | A 0.0000000 | A 0.0000000 | A 0.0000000 |
J7s | A 0.0000000 | A 0.0000000 | A 0.0000000 | A 0.0000000 | A 0.0000000 | A 0.0000000 | A 0.0000000 | A 0.0000000 | A 0.0000000 | A 0.0000000 | A 0.0000000 | A 0.0000000 | A 0.0000000 | A 0.0000000 |
J8o | A 0.0000000 | A 0.0000000 | A 0.0000000 | A 0.0000000 | A 0.0000000 | A 0.0000000 | A 0.0000000 | A 0.0000000 | A 0.0000000 | A 0.0000000 | A 0.0000000 | A 0.0000000 | A 0.0000000 | A 0.0000000 |
J8s | A 0.0000000 | A 0.0000000 | A 0.0000000 | A 0.0000000 | A 0.0000000 | A 0.0000000 | A 0.0000000 | A 0.0000000 | A 0.0000000 | A 0.0000000 | A 0.0000000 | A 0.0000000 | A 0.0000000 | A 0.0000000 |
J9o | A 0.0000000 | A 0.0000000 | A 0.0000000 | A 0.0000000 | A 0.0000000 | A 0.0000000 | A 0.0000000 | A 0.0000000 | A 0.0000000 | A 0.0000000 | A 0.0000000 | A 0.0000000 | A 0.0000000 | A 0.0000000 |
J9s | A 0.0000000 | A 0.0000000 | A 0.0000000 | A 0.0000000 | A 0.0000000 | A 0.0000000 | A 0.0000000 | A 0.0000000 | A 0.0000000 | A 0.0000000 | A 0.0000000 | A 0.0000000 | A 0.0000000 | A 0.0000000 |
JTo | A 0.0000000 | A 0.0000000 | A 0.0000000 | A 0.0000000 | A 0.0000000 | A 0.0000000 | A 0.0000000 | A 0.0000000 | A 0.0000000 | A 0.0000000 | A 0.0000000 | A 0.0000000 | A 0.0000000 | A 0.0000000 |
JTs | A 0.0000000 | A 0.0000000 | A 0.0000000 | A 0.0000000 | A 0.0000000 | A 0.0000000 | A 0.0000000 | A 0.0000000 | A 0.0000000 | A 0.0000000 | A 0.0000000 | A 0.0000000 | A 0.0000000 | A 0.0000000 |
JJo | A 0.0000000 | A 0.0000000 | A 0.0000000 | A 0.0000000 | A 0.0000000 | A 0.0000000 | A 0.0000000 | A 0.0000000 | A 0.0000000 | A 0.0000000 | A 0.0000000 | A 0.0000000 | A 0.0000000 | A 0.0000000 |
Q2o | A 0.0000000 | A 0.0000000 | A 0.0000000 | A 0.0000000 | A 0.0000000 | A 0.0000000 | A 0.0000000 | A 0.0000000 | A 0.0000000 | A 0.0000000 | A 0.0000000 | A 0.0000000 | A 0.0000000 | A 0.0000000 |
Q2s | A 0.0000000 | A 0.0000000 | A 0.0000000 | A 0.0000000 | A 0.0000000 | A 0.0000000 | A 0.0000000 | A 0.0000000 | A 0.0000000 | A 0.0000000 | A 0.0000000 | A 0.0000000 | A 0.0000000 | A 0.0000000 |
Q3o | A 0.0000000 | A 0.0000000 | A 0.0000000 | A 0.0000000 | A 0.0000000 | A 0.0000000 | A 0.0000000 | A 0.0000000 | A 0.0000000 | A 0.0000000 | A 0.0000000 | A 0.0000000 | A 0.0000000 | A 0.0000000 |
Q3s | A 0.0000000 | A 0.0000000 | A 0.0000000 | A 0.0000000 | A 0.0000000 | A 0.0000000 | A 0.0000000 | A 0.0000000 | A 0.0000000 | A 0.0000000 | A 0.0000000 | A 0.0000000 | A 0.0000000 | A 0.0000000 |
Q4o | A 0.0000000 | A 0.0000000 | A 0.0000000 | A 0.0000000 | A 0.0000000 | A 0.0000000 | A 0.0000000 | A 0.0000000 | A 0.0000000 | A 0.0000000 | A 0.0000000 | A 0.0000000 | A 0.0000000 | A 0.0000000 |
Q4s | A 0.0000000 | A 0.0000000 | A 0.0000000 | A 0.0000000 | A 0.0000000 | A 0.0000000 | A 0.0000000 | A 0.0000000 | A 0.0000000 | A 0.0000000 | A 0.0000000 | A 0.0000000 | A 0.0000000 | A 0.0000000 |
Q5o | A 0.0000000 | A 0.0000000 | A 0.0000000 | A 0.0000000 | A 0.0000000 | A 0.0000000 | A 0.0000000 | A 0.0000000 | A 0.0000000 | A 0.0000000 | A 0.0000000 | A 0.0000000 | A 0.0000000 | A 0.0000000 |
Q5s | A 0.0000000 | A 0.0000000 | A 0.0000000 | A 0.0000000 | A 0.0000000 | A 0.0000000 | A 0.0000000 | A 0.0000000 | A 0.0000000 | A 0.0000000 | A 0.0000000 | A 0.0000000 | A 0.0000000 | A 0.0000000 |
Q6o | A 0.0000000 | A 0.0000000 | A 0.0000000 | A 0.0000000 | A 0.0000000 | A 0.0000000 | A 0.0000000 | A 0.0000000 | A 0.0000000 | A 0.0000000 | A 0.0000000 | A 0.0000000 | A 0.0000000 | A 0.0000000 |
Q6s | A 0.0000000 | A 0.0000000 | A 0.0000000 | A 0.0000000 | A 0.0000000 | A 0.0000000 | A 0.0000000 | A 0.0000000 | A 0.0000000 | A 0.0000000 | A 0.0000000 | A 0.0000000 | A 0.0000000 | A 0.0000000 |
Q7o | A 0.0000000 | A 0.0000000 | A 0.0000000 | A 0.0000000 | A 0.0000000 | A 0.0000000 | A 0.0000000 | A 0.0000000 | A 0.0000000 | A 0.0000000 | A 0.0000000 | A 0.0000000 | A 0.0000000 | A 0.0000000 |
Q7s | A 0.0000000 | A 0.0000000 | A 0.0000000 | A 0.0000000 | A 0.0000000 | A 0.0000000 | A 0.0000000 | A 0.0000000 | A 0.0000000 | A 0.0000000 | A 0.0000000 | A 0.0000000 | A 0.0000000 | A 0.0000000 |
Q8o | A 0.0000000 | A 0.0000000 | A 0.0000000 | A 0.0000000 | A 0.0000000 | A 0.0000000 | A 0.0000000 | A 0.0000000 | A 0.0000000 | A 0.0000000 | A 0.0000000 | A 0.0000000 | A 0.0000000 | A 0.0000000 |
Q8s | A 0.0000000 | A 0.0000000 | A 0.0000000 | A 0.0000000 | A 0.0000000 | A 0.0000000 | A 0.0000000 | A 0.0000000 | A 0.0000000 | A 0.0000000 | A 0.0000000 | A 0.0000000 | A 0.0000000 | A 0.0000000 |
Q9o | A 0.0000000 | A 0.0000000 | A 0.0000000 | A 0.0000000 | A 0.0000000 | A 0.0000000 | A 0.0000000 | A 0.0000000 | A 0.0000000 | A 0.0000000 | A 0.0000000 | A 0.0000000 | A 0.0000000 | A 0.0000000 |
Q9s | A 0.0000000 | A 0.0000000 | A 0.0000000 | A 0.0000000 | A 0.0000000 | A 0.0000000 | A 0.0000000 | A 0.0000000 | A 0.0000000 | A 0.0000000 | A 0.0000000 | A 0.0000000 | A 0.0000000 | A 0.0000000 |
QTo | A 0.0000000 | A 0.0000000 | A 0.0000000 | A 0.0000000 | A 0.0000000 | A 0.0000000 | A 0.0000000 | A 0.0000000 | A 0.0000000 | A 0.0000000 | A 0.0000000 | A 0.0000000 | A 0.0000000 | A 0.0000000 |
QTs | A 0.0000000 | A 0.0000000 | A 0.0000000 | A 0.0000000 | A 0.0000000 | A 0.0000000 | A 0.0000000 | A 0.0000000 | A 0.0000000 | A 0.0000000 | A 0.0000000 | A 0.0000000 | A 0.0000000 | A 0.0000000 |
QJo | A 0.0000000 | A 0.0000000 | A 0.0000000 | A 0.0000000 | A 0.0000000 | A 0.0000000 | A 0.0000000 | A 0.0000000 | A 0.0000000 | A 0.0000000 | A 0.0000000 | A 0.0000000 | A 0.0000000 | A 0.0000000 |
QJs | A 0.0000000 | A 0.0000000 | A 0.0000000 | A 0.0000000 | A 0.0000000 | A 0.0000000 | A 0.0000000 | A 0.0000000 | A 0.0000000 | A 0.0000000 | A 0.0000000 | A 0.0000000 | A 0.0000000 | A 0.0000000 |
QQo | A 0.0000000 | A 0.0000000 | A 0.0000000 | A 0.0000000 | A 0.0000000 | A 0.0000000 | A 0.0000000 | A 0.0000000 | A 0.0000000 | A 0.0000000 | A 0.0000000 | A 0.0000000 | A 0.0000000 | A 0.0000000 |
K2o | A 0.0000000 | A 0.0000000 | A 0.0000000 | A 0.0000000 | A 0.0000000 | A 0.0000000 | A 0.0000000 | A 0.0000000 | A 0.0000000 | A 0.0000000 | A 0.0000000 | A 0.0000000 | A 0.0000000 | A 0.0000000 |
K2s | A 0.0000000 | A 0.0000000 | A 0.0000000 | A 0.0000000 | A 0.0000000 | A 0.0000000 | A 0.0000000 | A 0.0000000 | A 0.0000000 | A 0.0000000 | A 0.0000000 | A 0.0000000 | A 0.0000000 | A 0.0000000 |
K3o | A 0.0000000 | A 0.0000000 | A 0.0000000 | A 0.0000000 | A 0.0000000 | A 0.0000000 | A 0.0000000 | A 0.0000000 | A 0.0000000 | A 0.0000000 | A 0.0000000 | A 0.0000000 | A 0.0000000 | A 0.0000000 |
K3s | A 0.0000000 | A 0.0000000 | A 0.0000000 | A 0.0000000 | A 0.0000000 | A 0.0000000 | A 0.0000000 | A 0.0000000 | A 0.0000000 | A 0.0000000 | A 0.0000000 | A 0.0000000 | A 0.0000000 | A 0.0000000 |
K4o | A 0.0000000 | A 0.0000000 | A 0.0000000 | A 0.0000000 | A 0.0000000 | A 0.0000000 | A 0.0000000 | A 0.0000000 | A 0.0000000 | A 0.0000000 | A 0.0000000 | A 0.0000000 | A 0.0000000 | A 0.0000000 |
K4s | A 0.0000000 | A 0.0000000 | A 0.0000000 | A 0.0000000 | A 0.0000000 | A 0.0000000 | A 0.0000000 | A 0.0000000 | A 0.0000000 | A 0.0000000 | A 0.0000000 | A 0.0000000 | A 0.0000000 | A 0.0000000 |
K5o | A 0.0000000 | A 0.0000000 | A 0.0000000 | A 0.0000000 | A 0.0000000 | A 0.0000000 | A 0.0000000 | A 0.0000000 | A 0.0000000 | A 0.0000000 | A 0.0000000 | A 0.0000000 | A 0.0000000 | A 0.0000000 |
K5s | A 0.0000000 | A 0.0000000 | A 0.0000000 | A 0.0000000 | A 0.0000000 | A 0.0000000 | A 0.0000000 | A 0.0000000 | A 0.0000000 | A 0.0000000 | A 0.0000000 | A 0.0000000 | A 0.0000000 | A 0.0000000 |
K6o | A 0.0000000 | A 0.0000000 | A 0.0000000 | A 0.0000000 | A 0.0000000 | A 0.0000000 | A 0.0000000 | A 0.0000000 | A 0.0000000 | A 0.0000000 | A 0.0000000 | A 0.0000000 | A 0.0000000 | A 0.0000000 |
K6s | A 0.0000000 | A 0.0000000 | A 0.0000000 | A 0.0000000 | A 0.0000000 | A 0.0000000 | A 0.0000000 | A 0.0000000 | A 0.0000000 | A 0.0000000 | A 0.0000000 | A 0.0000000 | A 0.0000000 | A 0.0000000 |
K7o | A 0.0000000 | A 0.0000000 | A 0.0000000 | A 0.0000000 | A 0.0000000 | A 0.0000000 | A 0.0000000 | A 0.0000000 | A 0.0000000 | A 0.0000000 | A 0.0000000 | A 0.0000000 | A 0.0000000 | A 0.0000000 |
K7s | A 0.0000000 | A 0.0000000 | A 0.0000000 | A 0.0000000 | A 0.0000000 | A 0.0000000 | A 0.0000000 | A 0.0000000 | A 0.0000000 | A 0.0000000 | A 0.0000000 | A 0.0000000 | A 0.0000000 | A 0.0000000 |
K8o | A 0.0000000 | A 0.0000000 | A 0.0000000 | A 0.0000000 | A 0.0000000 | A 0.0000000 | A 0.0000000 | A 0.0000000 | A 0.0000000 | A 0.0000000 | A 0.0000000 | A 0.0000000 | A 0.0000000 | A 0.0000000 |
K8s | A 0.0000000 | A 0.0000000 | A 0.0000000 | A 0.0000000 | A 0.0000000 | A 0.0000000 | A 0.0000000 | A 0.0000000 | A 0.0000000 | A 0.0000000 | A 0.0000000 | A 0.0000000 | A 0.0000000 | A 0.0000000 |
K9o | A 0.0000000 | A 0.0000000 | A 0.0000000 | A 0.0000000 | A 0.0000000 | A 0.0000000 | A 0.0000000 | A 0.0000000 | A 0.0000000 | A 0.0000000 | A 0.0000000 | A 0.0000000 | A 0.0000000 | A 0.0000000 |
K9s | A 0.0000000 | A 0.0000000 | A 0.0000000 | A 0.0000000 | A 0.0000000 | A 0.0000000 | A 0.0000000 | A 0.0000000 | A 0.0000000 | A 0.0000000 | A 0.0000000 | A 0.0000000 | A 0.0000000 | A 0.0000000 |
KTo | A 0.0000000 | A 0.0000000 | A 0.0000000 | A 0.0000000 | A 0.0000000 | A 0.0000000 | A 0.0000000 | A 0.0000000 | A 0.0000000 | A 0.0000000 | A 0.0000000 | A 0.0000000 | A 0.0000000 | A 0.0000000 |
KTs | A 0.0000000 | A 0.0000000 | A 0.0000000 | A 0.0000000 | A 0.0000000 | A 0.0000000 | A 0.0000000 | A 0.0000000 | A 0.0000000 | A 0.0000000 | A 0.0000000 | A 0.0000000 | A 0.0000000 | A 0.0000000 |
KJo | A 0.0000000 | A 0.0000000 | A 0.0000000 | A 0.0000000 | A 0.0000000 | A 0.0000000 | A 0.0000000 | A 0.0000000 | A 0.0000000 | A 0.0000000 | A 0.0000000 | A 0.0000000 | A 0.0000000 | A 0.0000000 |
KJs | A 0.0000000 | A 0.0000000 | A 0.0000000 | A 0.0000000 | A 0.0000000 | A 0.0000000 | A 0.0000000 | A 0.0000000 | A 0.0000000 | A 0.0000000 | A 0.0000000 | A 0.0000000 | A 0.0000000 | A 0.0000000 |
KQo | A 0.0000000 | A 0.0000000 | A 0.0000000 | A 0.0000000 | A 0.0000000 | A 0.0000000 | A 0.0000000 | A 0.0000000 | A 0.0000000 | A 0.0000000 | A 0.0000000 | A 0.0000000 | A 0.0000000 | A 0.0000000 |
KQs | A 0.0000000 | A 0.0000000 | A 0.0000000 | A 0.0000000 | A 0.0000000 | A 0.0000000 | A 0.0000000 | A 0.0000000 | A 0.0000000 | A 0.0000000 | A 0.0000000 | A 0.0000000 | A 0.0000000 | A 0.0000000 |
KKo | A 0.0000000 | A 0.0000000 | A 0.0000000 | A 0.0000000 | A 0.0000000 | A 0.0000000 | A 0.0000000 | A 0.0000000 | A 0.0000000 | A 0.0000000 | A 0.0000000 | A 0.0000000 | A 0.0000000 | A 0.0000000 |
A2o | A 0.0000000 | A 0.0000000 | A 0.0000000 | A 0.0000000 | A 0.0000000 | A 0.0000000 | A 0.0000000 | A 0.0000000 | A 0.0000000 | A 0.0000000 | A 0.0000000 | A 0.0000000 | A 0.0000000 | A 0.0000000 |
A2s | A 0.0000000 | A 0.0000000 | A 0.0000000 | A 0.0000000 | A 0.0000000 | A 0.0000000 | A 0.0000000 | A 0.0000000 | A 0.0000000 | A 0.0000000 | A 0.0000000 | A 0.0000000 | A 0.0000000 | A 0.0000000 |
A3o | A 0.0000000 | A 0.0000000 | A 0.0000000 | A 0.0000000 | A 0.0000000 | A 0.0000000 | A 0.0000000 | A 0.0000000 | A 0.0000000 | A 0.0000000 | A 0.0000000 | A 0.0000000 | A 0.0000000 | A 0.0000000 |
A3s | A 0.0000000 | A 0.0000000 | A 0.0000000 | A 0.0000000 | A 0.0000000 | A 0.0000000 | A 0.0000000 | A 0.0000000 | A 0.0000000 | A 0.0000000 | A 0.0000000 | A 0.0000000 | A 0.0000000 | A 0.0000000 |
A4o | A 0.0000000 | A 0.0000000 | A 0.0000000 | A 0.0000000 | A 0.0000000 | A 0.0000000 | A 0.0000000 | A 0.0000000 | A 0.0000000 | A 0.0000000 | A 0.0000000 | A 0.0000000 | A 0.0000000 | A 0.0000000 |
A4s | A 0.0000000 | A 0.0000000 | A 0.0000000 | A 0.0000000 | A 0.0000000 | A 0.0000000 | A 0.0000000 | A 0.0000000 | A 0.0000000 | A 0.0000000 | A 0.0000000 | A 0.0000000 | A 0.0000000 | A 0.0000000 |
A5o | A 0.0000000 | A 0.0000000 | A 0.0000000 | A 0.0000000 | A 0.0000000 | A 0.0000000 | A 0.0000000 | A 0.0000000 | A 0.0000000 | A 0.0000000 | A 0.0000000 | A 0.0000000 | A 0.0000000 | A 0.0000000 |
A5s | A 0.0000000 | A 0.0000000 | A 0.0000000 | A 0.0000000 | A 0.0000000 | A 0.0000000 | A 0.0000000 | A 0.0000000 | A 0.0000000 | A 0.0000000 | A 0.0000000 | A 0.0000000 | A 0.0000000 | A 0.0000000 |
A6o | A 0.0000000 | A 0.0000000 | A 0.0000000 | A 0.0000000 | A 0.0000000 | A 0.0000000 | A 0.0000000 | A 0.0000000 | A 0.0000000 | A 0.0000000 | A 0.0000000 | A 0.0000000 | A 0.0000000 | A 0.0000000 |
A6s | A 0.0000000 | A 0.0000000 | A 0.0000000 | A 0.0000000 | A 0.0000000 | A 0.0000000 | A 0.0000000 | A 0.0000000 | A 0.0000000 | A 0.0000000 | A 0.0000000 | A 0.0000000 | A 0.0000000 | A 0.0000000 |
A7o | A 0.0000000 | A 0.0000000 | A 0.0000000 | A 0.0000000 | A 0.0000000 | A 0.0000000 | A 0.0000000 | A 0.0000000 | A 0.0000000 | A 0.0000000 | A 0.0000000 | A 0.0000000 | A 0.0000000 | A 0.0000000 |
A7s | A 0.0000000 | A 0.0000000 | A 0.0000000 | A 0.0000000 | A 0.0000000 | A 0.0000000 | A 0.0000000 | A 0.0000000 | A 0.0000000 | A 0.0000000 | A 0.0000000 | A 0.0000000 | A 0.0000000 | A 0.0000000 |
A8o | A 0.0000000 | A 0.0000000 | A 0.0000000 | A 0.0000000 | A 0.0000000 | A 0.0000000 | A 0.0000000 | A 0.0000000 | A 0.0000000 | A 0.0000000 | A 0.0000000 | A 0.0000000 | A 0.0000000 | A 0.0000000 |
A8s | A 0.0000000 | A 0.0000000 | A 0.0000000 | A 0.0000000 | A 0.0000000 | A 0.0000000 | A 0.0000000 | A 0.0000000 | A 0.0000000 | A 0.0000000 | A 0.0000000 | A 0.0000000 | A 0.0000000 | A 0.0000000 |
A9o | A 0.0000000 | A 0.0000000 | A 0.0000000 | A 0.0000000 | A 0.0000000 | A 0.0000000 | A 0.0000000 | A 0.0000000 | A 0.0000000 | A 0.0000000 | A 0.0000000 | A 0.0000000 | A 0.0000000 | A 0.0000000 |
A9s | A 0.0000000 | A 0.0000000 | A 0.0000000 | A 0.0000000 | A 0.0000000 | A 0.0000000 | A 0.0000000 | A 0.0000000 | A 0.0000000 | A 0.0000000 | A 0.0000000 | A 0.0000000 | A 0.0000000 | A 0.0000000 |
ATo | A 0.0000000 | A 0.0000000 | A 0.0000000 | A 0.0000000 | A 0.0000000 | A 0.0000000 | A 0.0000000 | A 0.0000000 | A 0.0000000 | A 0.0000000 | A 0.0000000 | A 0.0000000 | A 0.0000000 | A 0.0000000 |
ATs | A 0.0000000 | A 0.0000000 | A 0.0000000 | A 0.0000000 | A 0.0000000 | A 0.0000000 | A 0.0000000 | A 0.0000000 | A 0.0000000 | A 0.0000000 | A 0.0000000 | A 0.0000000 | A 0.0000000 | A 0.0000000 |
AJo | A 0.0000000 | A 0.0000000 | A 0.0000000 | A 0.0000000 | A 0.0000000 | A 0.0000000 | A 0.0000000 | A 0.0000000 | A 0.0000000 | A 0.0000000 | A 0.0000000 | A 0.0000000 | A 0.0000000 | A 0.0000000 |
AJs | A 0.0000000 | A 0.0000000 | A 0.0000000 | A 0.0000000 | A 0.0000000 | A 0.0000000 | A 0.0000000 | A 0.0000000 | A 0.0000000 | A 0.0000000 | A 0.0000000 | A 0.0000000 | A 0.0000000 | A 0.0000000 |
AQo | A 0.0000000 | A 0.0000000 | A 0.0000000 | A 0.0000000 | A 0.0000000 | A 0.0000000 | A 0.0000000 | A 0.0000000 | A 0.0000000 | A 0.0000000 | A 0.0000000 | A 0.0000000 | A 0.0000000 | A 0.0000000 |
AQs | A 0.0000000 | A 0.0000000 | A 0.0000000 | A 0.0000000 | A 0.0000000 | A 0.0000000 | A 0.0000000 | A 0.0000000 | A 0.0000000 | A 0.0000000 | A 0.0000000 | A 0.0000000 | A 0.0000000 | A 0.0000000 |
AKo | A 0.0000000 | A 0.0000000 | A 0.0000000 | A 0.0000000 | A 0.0000000 | A 0.0000000 | A 0.0000000 | A 0.0000000 | A 0.0000000 | A 0.0000000 | A 0.0000000 | A 0.0000000 | A 0.0000000 | A 0.0000000 |
AKs | A 0.0000000 | A 0.0000000 | A 0.0000000 | A 0.0000000 | A 0.0000000 | A 0.0000000 | A 0.0000000 | A 0.0000000 | A 0.0000000 | A 0.0000000 | A 0.0000000 | A 0.0000000 | A 0.0000000 | A 0.0000000 |
AAo | A 0.0000000 | A 0.0000000 | A 0.0000000 | A 0.0000000 | A 0.0000000 | A 0.0000000 | A 0.0000000 | A 0.0000000 | A 0.0000000 | A 0.0000000 | A 0.0000000 | A 0.0000000 | A 0.0000000 | A 0.0000000 |


Player ID: , Position: BigBlind, Holding Cards: | 8♥ | Q♣ | , Action: Fold, 
Best Hand: 4700, Money: -0.250000, Reward: -0.250000
Bandit Agent 
    |     CO      |     DE      |    DE_CO    |     SB      |    SB_CO    |    SB_DE    |  SB_CO_DE   |    BB_CO    |    BB_DE    |    BB_SB    |  BB_CO_DE   |  BB_CO_SB   |  BB_DE_SB   | BB_CO_DE_SB |
22o | A 0.0000000 | A 0.0000000 | A 0.0000000 | A 0.0000000 | A 0.0000000 | A 0.0000000 | A 0.0000000 | A 0.0000000 | A 0.0000000 | A 0.0000000 | A 0.0000000 | A 0.0000000 | A 0.0000000 | A 0.0000000 |
32o | A 0.0000000 | A 0.0000000 | A 0.0000000 | A 0.0000000 | A 0.0000000 | A 0.0000000 | A 0.0000000 | A 0.0000000 | A 0.0000000 | A 0.0000000 | A 0.0000000 | A 0.0000000 | A 0.0000000 | A 0.0000000 |
32s | A 0.0000000 | A 0.0000000 | A 0.0000000 | A 0.0000000 | A 0.0000000 | A 0.0000000 | A 0.0000000 | A 0.0000000 | A 0.0000000 | A 0.0000000 | A 0.0000000 | A 0.0000000 | A 0.0000000 | A 0.0000000 |
33o | A 0.0000000 | A 0.0000000 | A 0.0000000 | A 0.0000000 | A 0.0000000 | A 0.0000000 | A 0.0000000 | A 0.0000000 | A 0.0000000 | A 0.0000000 | A 0.0000000 | A 0.0000000 | A 0.0000000 | A 0.0000000 |
42o | A 0.0000000 | A 0.0000000 | A 0.0000000 | A 0.0000000 | A 0.0000000 | A 0.0000000 | A 0.0000000 | A 0.0000000 | A 0.0000000 | A 0.0000000 | A 0.0000000 | A 0.0000000 | A 0.0000000 | A 0.0000000 |
42s | A 0.0000000 | A 0.0000000 | A 0.0000000 | A 0.0000000 | A 0.0000000 | A 0.0000000 | A 0.0000000 | A 0.0000000 | A 0.0000000 | A 0.0000000 | A 0.0000000 | A 0.0000000 | A 0.0000000 | A 0.0000000 |
43o | A 0.0000000 | A 0.0000000 | A 0.0000000 | A 0.0000000 | A 0.0000000 | A 0.0000000 | A 0.0000000 | A 0.0000000 | A 0.0000000 | A 0.0000000 | A 0.0000000 | A 0.0000000 | A 0.0000000 | A 0.0000000 |
43s | A 0.0000000 | A 0.0000000 | A 0.0000000 | A 0.0000000 | A 0.0000000 | A 0.0000000 | A 0.0000000 | A 0.0000000 | A 0.0000000 | A 0.0000000 | A 0.0000000 | A 0.0000000 | A 0.0000000 | A 0.0000000 |
44o | A 0.0000000 | A 0.0000000 | A 0.0000000 | A 0.0000000 | A 0.0000000 | A 0.0000000 | A 0.0000000 | A 0.0000000 | A 0.0000000 | A 0.0000000 | A 0.0000000 | A 0.0000000 | A 0.0000000 | A 0.0000000 |
52o | A 0.0000000 | A 0.0000000 | A 0.0000000 | A 0.0000000 | A 0.0000000 | A 0.0000000 | A 0.0000000 | A 0.0000000 | A 0.0000000 | A 0.0000000 | A 0.0000000 | A 0.0000000 | A 0.0000000 | A 0.0000000 |
52s | A 0.0000000 | A 0.0000000 | A 0.0000000 | A 0.0000000 | A 0.0000000 | A 0.0000000 | A 0.0000000 | A 0.0000000 | A 0.0000000 | A 0.0000000 | A 0.0000000 | A 0.0000000 | A 0.0000000 | A 0.0000000 |
53o | A 0.0000000 | A 0.0000000 | A 0.0000000 | A 0.0000000 | A 0.0000000 | A 0.0000000 | A 0.0000000 | A 0.0000000 | A 0.0000000 | A 0.0000000 | A 0.0000000 | A 0.0000000 | A 0.0000000 | A 0.0000000 |
53s | A 0.0000000 | A 0.0000000 | A 0.0000000 | A 0.0000000 | A 0.0000000 | A 0.0000000 | A 0.0000000 | A 0.0000000 | A 0.0000000 | A 0.0000000 | A 0.0000000 | A 0.0000000 | A 0.0000000 | A 0.0000000 |
54o | A 0.0000000 | A 0.0000000 | A 0.0000000 | A 0.0000000 | A 0.0000000 | A 0.0000000 | A 0.0000000 | A 0.0000000 | A 0.0000000 | A 0.0000000 | A 0.0000000 | A 0.0000000 | A 0.0000000 | A 0.0000000 |
54s | A 0.0000000 | A 0.0000000 | A 0.0000000 | A 0.0000000 | A 0.0000000 | A 0.0000000 | A 0.0000000 | A 0.0000000 | A 0.0000000 | A 0.0000000 | A 0.0000000 | A 0.0000000 | A 0.0000000 | A 0.0000000 |
55o | A 0.0000000 | A 0.0000000 | A 0.0000000 | A 0.0000000 | A 0.0000000 | A 0.0000000 | A 0.0000000 | A 0.0000000 | A 0.0000000 | A 0.0000000 | A 0.0000000 | A 0.0000000 | A 0.0000000 | A 0.0000000 |
62o | A 0.0000000 | A 0.0000000 | A 0.0000000 | A 0.0000000 | A 0.0000000 | A 0.0000000 | A 0.0000000 | A 0.0000000 | A 0.0000000 | A 0.0000000 | A 0.0000000 | A 0.0000000 | A 0.0000000 | A 0.0000000 |
62s | A 0.0000000 | A 0.0000000 | A 0.0000000 | A 0.0000000 | A 0.0000000 | A 0.0000000 | A 0.0000000 | A 0.0000000 | A 0.0000000 | A 0.0000000 | A 0.0000000 | A 0.0000000 | A 0.0000000 | A 0.0000000 |
63o | A 0.0000000 | A 0.0000000 | A 0.0000000 | A 0.0000000 | A 0.0000000 | A 0.0000000 | A 0.0000000 | A 0.0000000 | A 0.0000000 | A 0.0000000 | A 0.0000000 | A 0.0000000 | A 0.0000000 | A 0.0000000 |
63s | A 0.0000000 | A 0.0000000 | A 0.0000000 | A 0.0000000 | A 0.0000000 | A 0.0000000 | A 0.0000000 | A 0.0000000 | A 0.0000000 | A 0.0000000 | A 0.0000000 | A 0.0000000 | A 0.0000000 | A 0.0000000 |
64o | A 0.0000000 | A 0.0000000 | A 0.0000000 | A 0.0000000 | A 0.0000000 | A 0.0000000 | A 0.0000000 | A 0.0000000 | A 0.0000000 | A 0.0000000 | A 0.0000000 | A 0.0000000 | A 0.0000000 | A 0.0000000 |
64s | A 0.0000000 | A 0.0000000 | A 0.0000000 | A 0.0000000 | A 0.0000000 | A 0.0000000 | A 0.0000000 | A 0.0000000 | A 0.0000000 | A 0.0000000 | A 0.0000000 | A 0.0000000 | A 0.0000000 | A 0.0000000 |
65o | A 0.0000000 | A 0.0000000 | A 0.0000000 | A 0.0000000 | A 0.0000000 | A 0.0000000 | A 0.0000000 | A 0.0000000 | A 0.0000000 | A 0.0000000 | A 0.0000000 | A 0.0000000 | A 0.0000000 | A 0.0000000 |
65s | A 0.0000000 | A 0.0000000 | A 0.0000000 | A 0.0000000 | A 0.0000000 | A 0.0000000 | A 0.0000000 | A 0.0000000 | A 0.0000000 | A 0.0000000 | A 0.0000000 | A 0.0000000 | A 0.0000000 | A 0.0000000 |
66o | A 0.0000000 | A 0.0000000 | A 0.0000000 | A 0.0000000 | A 0.0000000 | A 0.0000000 | A 0.0000000 | A 0.0000000 | A 0.0000000 | A 0.0000000 | A 0.0000000 | A 0.0000000 | A 0.0000000 | A 0.0000000 |
72o | A 0.0000000 | A 0.0000000 | A 0.0000000 | A 0.0000000 | A 0.0000000 | A 0.0000000 | A 0.0000000 | A 0.0000000 | A 0.0000000 | A 0.0000000 | A 0.0000000 | A 0.0000000 | A 0.0000000 | A 0.0000000 |
72s | A 0.0000000 | A 0.0000000 | A 0.0000000 | A 0.0000000 | A 0.0000000 | A 0.0000000 | A 0.0000000 | A 0.0000000 | A 0.0000000 | A 0.0000000 | A 0.0000000 | A 0.0000000 | A 0.0000000 | A 0.0000000 |
73o | A 0.0000000 | A 0.0000000 | A 0.0000000 | A 0.0000000 | A 0.0000000 | A 0.0000000 | A 0.0000000 | A 0.0000000 | A 0.0000000 | A 0.0000000 | A 0.0000000 | A 0.0000000 | A 0.0000000 | A 0.0000000 |
73s | A 0.0000000 | A 0.0000000 | A 0.0000000 | A 0.0000000 | A 0.0000000 | A 0.0000000 | A 0.0000000 | A 0.0000000 | A 0.0000000 | A 0.0000000 | A 0.0000000 | A 0.0000000 | A 0.0000000 | A 0.0000000 |
74o | A 0.0000000 | A 0.0000000 | A 0.0000000 | A 0.0000000 | A 0.0000000 | A 0.0000000 | A 0.0000000 | A 0.0000000 | A 0.0000000 | A 0.0000000 | A 0.0000000 | A 0.0000000 | A 0.0000000 | A 0.0000000 |
74s | A 0.0000000 | A 0.0000000 | A 0.0000000 | A 0.0000000 | A 0.0000000 | A 0.0000000 | A 0.0000000 | A 0.0000000 | A 0.0000000 | A 0.0000000 | A 0.0000000 | A 0.0000000 | A 0.0000000 | A 0.0000000 |
75o | A 0.0000000 | A 0.0000000 | A 0.0000000 | A 0.0000000 | A 0.0000000 | A 0.0000000 | A 0.0000000 | A 0.0000000 | A 0.0000000 | A 0.0000000 | A 0.0000000 | A 0.0000000 | A 0.0000000 | A 0.0000000 |
75s | A 0.0000000 | A 0.0000000 | A 0.0000000 | A 0.0000000 | A 0.0000000 | A 0.0000000 | A 0.0000000 | A 0.0000000 | A 0.0000000 | A 0.0000000 | A 0.0000000 | A 0.0000000 | A 0.0000000 | A 0.0000000 |
76o | A 0.0000000 | A 0.0000000 | A 0.0000000 | A 0.0000000 | A 0.0000000 | A 0.0000000 | A 0.0000000 | A 0.0000000 | A 0.0000000 | A 0.0000000 | A 0.0000000 | A 0.0000000 | A 0.0000000 | A 0.0000000 |
76s | A 0.0000000 | A 0.0000000 | A 0.0000000 | A 0.0000000 | A 0.0000000 | A 0.0000000 | A 0.0000000 | A 0.0000000 | A 0.0000000 | A 0.0000000 | A 0.0000000 | A 0.0000000 | A 0.0000000 | A 0.0000000 |
77o | A 0.0000000 | A 0.0000000 | A 0.0000000 | A 0.0000000 | A 0.0000000 | A 0.0000000 | A 0.0000000 | A 0.0000000 | A 0.0000000 | A 0.0000000 | A 0.0000000 | A 0.0000000 | A 0.0000000 | A 0.0000000 |
82o | A 0.0000000 | A 0.0000000 | A 0.0000000 | A 0.0000000 | A 0.0000000 | A 0.0000000 | A 0.0000000 | A 0.0000000 | A 0.0000000 | A 0.0000000 | A 0.0000000 | A 0.0000000 | A 0.0000000 | A 0.0000000 |
82s | A 0.0000000 | A 0.0000000 | A 0.0000000 | A 0.0000000 | A 0.0000000 | A 0.0000000 | A 0.0000000 | A 0.0000000 | A 0.0000000 | A 0.0000000 | A 0.0000000 | A 0.0000000 | A 0.0000000 | A 0.0000000 |
83o | A 0.0000000 | A 0.0000000 | A 0.0000000 | A 0.0000000 | A 0.0000000 | A 0.0000000 | A 0.0000000 | A 0.0000000 | A 0.0000000 | A 0.0000000 | A 0.0000000 | A 0.0000000 | A 0.0000000 | A 0.0000000 |
83s | A 0.0000000 | A 0.0000000 | A 0.0000000 | A 0.0000000 | A 0.0000000 | A 0.0000000 | A 0.0000000 | A 0.0000000 | A 0.0000000 | A 0.0000000 | A 0.0000000 | A 0.0000000 | A 0.0000000 | A 0.0000000 |
84o | A 0.0000000 | A 0.0000000 | A 0.0000000 | A 0.0000000 | A 0.0000000 | A 0.0000000 | A 0.0000000 | A 0.0000000 | A 0.0000000 | A 0.0000000 | A 0.0000000 | A 0.0000000 | A 0.0000000 | A 0.0000000 |
84s | A 0.0000000 | A 0.0000000 | A 0.0000000 | A 0.0000000 | A 0.0000000 | A 0.0000000 | A 0.0000000 | A 0.0000000 | A 0.0000000 | A 0.0000000 | A 0.0000000 | A 0.0000000 | A 0.0000000 | A 0.0000000 |
85o | A 0.0000000 | A 0.0000000 | A 0.0000000 | A 0.0000000 | A 0.0000000 | A 0.0000000 | A 0.0000000 | A 0.0000000 | A 0.0000000 | A 0.0000000 | A 0.0000000 | A 0.0000000 | A 0.0000000 | A 0.0000000 |
85s | A 0.0000000 | A 0.0000000 | A 0.0000000 | A 0.0000000 | A 0.0000000 | A 0.0000000 | A 0.0000000 | A 0.0000000 | A 0.0000000 | A 0.0000000 | A 0.0000000 | A 0.0000000 | A 0.0000000 | A 0.0000000 |
86o | A 0.0000000 | A 0.0000000 | A 0.0000000 | A 0.0000000 | A 0.0000000 | A 0.0000000 | A 0.0000000 | A 0.0000000 | A 0.0000000 | A 0.0000000 | A 0.0000000 | A 0.0000000 | A 0.0000000 | A 0.0000000 |
86s | A 0.0000000 | A 0.0000000 | A 0.0000000 | A 0.0000000 | A 0.0000000 | A 0.0000000 | A 0.0000000 | A 0.0000000 | A 0.0000000 | A 0.0000000 | A 0.0000000 | A 0.0000000 | A 0.0000000 | A 0.0000000 |
87o | A 0.0000000 | A 0.0000000 | A 0.0000000 | A 0.0000000 | A 0.0000000 | A 0.0000000 | A 0.0000000 | A 0.0000000 | A 0.0000000 | A 0.0000000 | A 0.0000000 | A 0.0000000 | A 0.0000000 | A 0.0000000 |
87s | A 0.0000000 | A 0.0000000 | A 0.0000000 | A 0.0000000 | A 0.0000000 | A 0.0000000 | A 0.0000000 | A 0.0000000 | A 0.0000000 | A 0.0000000 | A 0.0000000 | A 0.0000000 | A 0.0000000 | A 0.0000000 |
88o | A 0.0000000 | A 0.0000000 | A 0.0000000 | A 0.0000000 | A 0.0000000 | A 0.0000000 | A 0.0000000 | A 0.0000000 | A 0.0000000 | A 0.0000000 | A 0.0000000 | A 0.0000000 | A 0.0000000 | A 0.0000000 |
92o | A 0.0000000 | A 0.0000000 | A 0.0000000 | A 0.0000000 | A 0.0000000 | A 0.0000000 | A 0.0000000 | A 0.0000000 | A 0.0000000 | A 0.0000000 | A 0.0000000 | A 0.0000000 | A 0.0000000 | A 0.0000000 |
92s | A 0.0000000 | A 0.0000000 | A 0.0000000 | A 0.0000000 | A 0.0000000 | A 0.0000000 | A 0.0000000 | A 0.0000000 | A 0.0000000 | A 0.0000000 | A 0.0000000 | A 0.0000000 | A 0.0000000 | A 0.0000000 |
93o | A 0.0000000 | A 0.0000000 | A 0.0000000 | A 0.0000000 | A 0.0000000 | A 0.0000000 | A 0.0000000 | A 0.0000000 | A 0.0000000 | A 0.0000000 | A 0.0000000 | A 0.0000000 | A 0.0000000 | A 0.0000000 |
93s | A 0.0000000 | A 0.0000000 | A 0.0000000 | A 0.0000000 | A 0.0000000 | A 0.0000000 | A 0.0000000 | A 0.0000000 | A 0.0000000 | A 0.0000000 | A 0.0000000 | A 0.0000000 | A 0.0000000 | A 0.0000000 |
94o | A 0.0000000 | A 0.0000000 | A 0.0000000 | A 0.0000000 | A 0.0000000 | A 0.0000000 | A 0.0000000 | A 0.0000000 | A 0.0000000 | A 0.0000000 | A 0.0000000 | A 0.0000000 | A 0.0000000 | A 0.0000000 |
94s | A 0.0000000 | A 0.0000000 | A 0.0000000 | A 0.0000000 | A 0.0000000 | A 0.0000000 | A 0.0000000 | A 0.0000000 | A 0.0000000 | A 0.0000000 | A 0.0000000 | A 0.0000000 | A 0.0000000 | A 0.0000000 |
95o | A 0.0000000 | A 0.0000000 | A 0.0000000 | A 0.0000000 | A 0.0000000 | A 0.0000000 | A 0.0000000 | A 0.0000000 | A 0.0000000 | A 0.0000000 | A 0.0000000 | A 0.0000000 | A 0.0000000 | A 0.0000000 |
95s | A 0.0000000 | A 0.0000000 | A 0.0000000 | A 0.0000000 | A 0.0000000 | A 0.0000000 | A 0.0000000 | A 0.0000000 | A 0.0000000 | A 0.0000000 | A 0.0000000 | A 0.0000000 | A 0.0000000 | A 0.0000000 |
96o | A 0.0000000 | A 0.0000000 | A 0.0000000 | A 0.0000000 | A 0.0000000 | A 0.0000000 | A 0.0000000 | A 0.0000000 | A 0.0000000 | A 0.0000000 | A 0.0000000 | A 0.0000000 | A 0.0000000 | A 0.0000000 |
96s | A 0.0000000 | A 0.0000000 | A 0.0000000 | A 0.0000000 | A 0.0000000 | A 0.0000000 | A 0.0000000 | A 0.0000000 | A 0.0000000 | A 0.0000000 | A 0.0000000 | A 0.0000000 | A 0.0000000 | A 0.0000000 |
97o | A 0.0000000 | A 0.0000000 | A 0.0000000 | A 0.0000000 | A 0.0000000 | A 0.0000000 | A 0.0000000 | A 0.0000000 | A 0.0000000 | A 0.0000000 | A 0.0000000 | A 0.0000000 | A 0.0000000 | A 0.0000000 |
97s | A 0.0000000 | A 0.0000000 | A 0.0000000 | A 0.0000000 | A 0.0000000 | A 0.0000000 | A 0.0000000 | A 0.0000000 | A 0.0000000 | A 0.0000000 | A 0.0000000 | A 0.0000000 | A 0.0000000 | A 0.0000000 |
98o | A 0.0000000 | A 0.0000000 | A 0.0000000 | A 0.0000000 | A 0.0000000 | A 0.0000000 | A 0.0000000 | A 0.0000000 | A 0.0000000 | A 0.0000000 | A 0.0000000 | A 0.0000000 | A 0.0000000 | A 0.0000000 |
98s | A 0.0000000 | A 0.0000000 | A 0.0000000 | A 0.0000000 | A 0.0000000 | A 0.0000000 | A 0.0000000 | A 0.0000000 | A 0.0000000 | A 0.0000000 | A 0.0000000 | A 0.0000000 | A 0.0000000 | A 0.0000000 |
99o | A 0.0000000 | A 0.0000000 | A 0.0000000 | A 0.0000000 | A 0.0000000 | A 0.0000000 | A 0.0000000 | A 0.0000000 | A 0.0000000 | A 0.0000000 | A 0.0000000 | A 0.0000000 | A 0.0000000 | A 0.0000000 |
T2o | A 0.0000000 | A 0.0000000 | A 0.0000000 | A 0.0000000 | A 0.0000000 | A 0.0000000 | A 0.0000000 | A 0.0000000 | A 0.0000000 | A 0.0000000 | A 0.0000000 | A 0.0000000 | A 0.0000000 | A 0.0000000 |
T2s | A 0.0000000 | A 0.0000000 | A 0.0000000 | A 0.0000000 | A 0.0000000 | A 0.0000000 | A 0.0000000 | A 0.0000000 | A 0.0000000 | A 0.0000000 | A 0.0000000 | A 0.0000000 | A 0.0000000 | A 0.0000000 |
T3o | A 0.0000000 | A 0.0000000 | A 0.0000000 | A 0.0000000 | A 0.0000000 | A 0.0000000 | A 0.0000000 | A 0.0000000 | A 0.0000000 | A 0.0000000 | A 0.0000000 | A 0.0000000 | A 0.0000000 | A 0.0000000 |
T3s | A 0.0000000 | A 0.0000000 | A 0.0000000 | A 0.0000000 | A 0.0000000 | A 0.0000000 | A 0.0000000 | A 0.0000000 | A 0.0000000 | A 0.0000000 | A 0.0000000 | A 0.0000000 | A 0.0000000 | A 0.0000000 |
T4o | A 0.0000000 | A 0.0000000 | A 0.0000000 | A 0.0000000 | A 0.0000000 | A 0.0000000 | A 0.0000000 | A 0.0000000 | A 0.0000000 | A 0.0000000 | A 0.0000000 | A 0.0000000 | A 0.0000000 | A 0.0000000 |
T4s | A 0.0000000 | A 0.0000000 | A 0.0000000 | A 0.0000000 | A 0.0000000 | A 0.0000000 | A 0.0000000 | A 0.0000000 | A 0.0000000 | A 0.0000000 | A 0.0000000 | A 0.0000000 | A 0.0000000 | A 0.0000000 |
T5o | A 0.0000000 | A 0.0000000 | A 0.0000000 | A 0.0000000 | A 0.0000000 | A 0.0000000 | A 0.0000000 | A 0.0000000 | A 0.0000000 | A 0.0000000 | A 0.0000000 | A 0.0000000 | A 0.0000000 | A 0.0000000 |
T5s | A 0.0000000 | A 0.0000000 | A 0.0000000 | A 0.0000000 | A 0.0000000 | A 0.0000000 | A 0.0000000 | A 0.0000000 | A 0.0000000 | A 0.0000000 | A 0.0000000 | A 0.0000000 | A 0.0000000 | A 0.0000000 |
T6o | A 0.0000000 | A 0.0000000 | A 0.0000000 | A 0.0000000 | A 0.0000000 | A 0.0000000 | A 0.0000000 | A 0.0000000 | A 0.0000000 | A 0.0000000 | A 0.0000000 | A 0.0000000 | A 0.0000000 | A 0.0000000 |
T6s | A 0.0000000 | A 0.0000000 | A 0.0000000 | A 0.0000000 | A 0.0000000 | A 0.0000000 | A 0.0000000 | A 0.0000000 | A 0.0000000 | A 0.0000000 | A 0.0000000 | A 0.0000000 | A 0.0000000 | A 0.0000000 |
T7o | A 0.0000000 | A 0.0000000 | A 0.0000000 | A 0.0000000 | A 0.0000000 | A 0.0000000 | A 0.0000000 | A 0.0000000 | A 0.0000000 | A 0.0000000 | A 0.0000000 | A 0.0000000 | A 0.0000000 | A 0.0000000 |
T7s | A 0.0000000 | A 0.0000000 | A 0.0000000 | A 0.0000000 | A 0.0000000 | A 0.0000000 | A 0.0000000 | A 0.0000000 | A 0.0000000 | A 0.0000000 | A 0.0000000 | A 0.0000000 | A 0.0000000 | A 0.0000000 |
T8o | A 0.0000000 | A 0.0000000 | A 0.0000000 | A 0.0000000 | A 0.0000000 | A 0.0000000 | A 0.0000000 | A 0.0000000 | A 0.0000000 | A 0.0000000 | A 0.0000000 | A 0.0000000 | A 0.0000000 | A 0.0000000 |
T8s | A 0.0000000 | A 0.0000000 | A 0.0000000 | A 0.0000000 | A 0.0000000 | A 0.0000000 | A 0.0000000 | A 0.0000000 | A 0.0000000 | A 0.0000000 | A 0.0000000 | A 0.0000000 | A 0.0000000 | A 0.0000000 |
T9o | A 0.0000000 | A 0.0000000 | A 0.0000000 | A 0.0000000 | A 0.0000000 | A 0.0000000 | A 0.0000000 | A 0.0000000 | A 0.0000000 | A 0.0000000 | A 0.0000000 | A 0.0000000 | A 0.0000000 | A 0.0000000 |
T9s | A 0.0000000 | A 0.0000000 | A 0.0000000 | A 0.0000000 | A 0.0000000 | A 0.0000000 | A 0.0000000 | A 0.0000000 | A 0.0000000 | A 0.0000000 | A 0.0000000 | A 0.0000000 | A 0.0000000 | A 0.0000000 |
TTo | A 0.0000000 | A 0.0000000 | A 0.0000000 | A 0.0000000 | A 0.0000000 | A 0.0000000 | A 0.0000000 | A 0.0000000 | A 0.0000000 | A 0.0000000 | A 0.0000000 | A 0.0000000 | A 0.0000000 | A 0.0000000 |
J2o | A 0.0000000 | A 0.0000000 | A 0.0000000 | A 0.0000000 | A 0.0000000 | A 0.0000000 | A 0.0000000 | A 0.0000000 | A 0.0000000 | A 0.0000000 | A 0.0000000 | A 0.0000000 | A 0.0000000 | A 0.0000000 |
J2s | A 0.0000000 | A 0.0000000 | A 0.0000000 | A 0.0000000 | A 0.0000000 | A 0.0000000 | A 0.0000000 | A 0.0000000 | A 0.0000000 | A 0.0000000 | A 0.0000000 | A 0.0000000 | A 0.0000000 | A 0.0000000 |
J3o | A 0.0000000 | A 0.0000000 | A 0.0000000 | A 0.0000000 | A 0.0000000 | A 0.0000000 | A 0.0000000 | A 0.0000000 | A 0.0000000 | A 0.0000000 | A 0.0000000 | A 0.0000000 | A 0.0000000 | A 0.0000000 |
J3s | A 0.0000000 | A 0.0000000 | A 0.0000000 | A 0.0000000 | A 0.0000000 | A 0.0000000 | A 0.0000000 | A 0.0000000 | A 0.0000000 | A 0.0000000 | A 0.0000000 | A 0.0000000 | A 0.0000000 | A 0.0000000 |
J4o | A 0.0000000 | A 0.0000000 | A 0.0000000 | A 0.0000000 | A 0.0000000 | A 0.0000000 | A 0.0000000 | A 0.0000000 | A 0.0000000 | A 0.0000000 | A 0.0000000 | A 0.0000000 | A 0.0000000 | A 0.0000000 |
J4s | A 0.0000000 | A 0.0000000 | A 0.0000000 | A 0.0000000 | A 0.0000000 | A 0.0000000 | A 0.0000000 | A 0.0000000 | A 0.0000000 | A 0.0000000 | A 0.0000000 | A 0.0000000 | A 0.0000000 | A 0.0000000 |
J5o | A 0.0000000 | A 0.0000000 | A 0.0000000 | A 0.0000000 | A 0.0000000 | A 0.0000000 | A 0.0000000 | A 0.0000000 | A 0.0000000 | A 0.0000000 | A 0.0000000 | A 0.0000000 | A 0.0000000 | A 0.0000000 |
J5s | A 0.0000000 | A 0.0000000 | A 0.0000000 | A 0.0000000 | A 0.0000000 | A 0.0000000 | A 0.0000000 | A 0.0000000 | A 0.0000000 | A 0.0000000 | A 0.0000000 | A 0.0000000 | A 0.0000000 | A 0.0000000 |
J6o | A 0.0000000 | A 0.0000000 | A 0.0000000 | A 0.0000000 | A 0.0000000 | A 0.0000000 | A 0.0000000 | A 0.0000000 | A 0.0000000 | A 0.0000000 | A 0.0000000 | A 0.0000000 | A 0.0000000 | A 0.0000000 |
J6s | A 0.0000000 | A 0.0000000 | A 0.0000000 | A 0.0000000 | A 0.0000000 | A 0.0000000 | A 0.0000000 | A 0.0000000 | A 0.0000000 | A 0.0000000 | A 0.0000000 | A 0.0000000 | A 0.0000000 | A 0.0000000 |
J7o | A 0.0000000 | A 0.0000000 | A 0.0000000 | A 0.0000000 | A 0.0000000 | A 0.0000000 | A 0.0000000 | A 0.0000000 | A 0.0000000 | A 0.0000000 | A 0.0000000 | A 0.0000000 | A 0.0000000 | A 0.0000000 |
J7s | A 0.0000000 | A 0.0000000 | A 0.0000000 | A 0.0000000 | A 0.0000000 | A 0.0000000 | A 0.0000000 | A 0.0000000 | A 0.0000000 | A 0.0000000 | A 0.0000000 | A 0.0000000 | A 0.0000000 | A 0.0000000 |
J8o | A 0.0000000 | A 0.0000000 | A 0.0000000 | A 0.0000000 | A 0.0000000 | A 0.0000000 | A 0.0000000 | A 0.0000000 | A 0.0000000 | A 0.0000000 | A 0.0000000 | A 0.0000000 | A 0.0000000 | A 0.0000000 |
J8s | A 0.0000000 | A 0.0000000 | A 0.0000000 | A 0.0000000 | A 0.0000000 | A 0.0000000 | A 0.0000000 | A 0.0000000 | A 0.0000000 | A 0.0000000 | A 0.0000000 | A 0.0000000 | A 0.0000000 | A 0.0000000 |
J9o | A 0.0000000 | A 0.0000000 | A 0.0000000 | A 0.0000000 | A 0.0000000 | A 0.0000000 | A 0.0000000 | A 0.0000000 | A 0.0000000 | A 0.0000000 | A 0.0000000 | A 0.0000000 | A 0.0000000 | A 0.0000000 |
J9s | A 0.0000000 | A 0.0000000 | A 0.0000000 | A 0.0000000 | A 0.0000000 | A 0.0000000 | A 0.0000000 | A 0.0000000 | A 0.0000000 | A 0.0000000 | A 0.0000000 | A 0.0000000 | A 0.0000000 | A 0.0000000 |
JTo | A 0.0000000 | A 0.0000000 | A 0.0000000 | A 0.0000000 | A 0.0000000 | A 0.0000000 | A 0.0000000 | A 0.0000000 | A 0.0000000 | A 0.0000000 | A 0.0000000 | A 0.0000000 | A 0.0000000 | A 0.0000000 |
JTs | A 0.0000000 | A 0.0000000 | A 0.0000000 | A 0.0000000 | A 0.0000000 | A 0.0000000 | A 0.0000000 | A 0.0000000 | A 0.0000000 | A 0.0000000 | A 0.0000000 | A 0.0000000 | A 0.0000000 | A 0.0000000 |
JJo | A 0.0000000 | A 0.0000000 | A 0.0000000 | A 0.0000000 | A 0.0000000 | A 0.0000000 | A 0.0000000 | A 0.0000000 | A 0.0000000 | A 0.0000000 | A 0.0000000 | A 0.0000000 | A 0.0000000 | A 0.0000000 |
Q2o | A 0.0000000 | A 0.0000000 | A 0.0000000 | A 0.0000000 | A 0.0000000 | A 0.0000000 | A 0.0000000 | A 0.0000000 | A 0.0000000 | A 0.0000000 | A 0.0000000 | A 0.0000000 | A 0.0000000 | A 0.0000000 |
Q2s | A 0.0000000 | A 0.0000000 | A 0.0000000 | A 0.0000000 | A 0.0000000 | A 0.0000000 | A 0.0000000 | A 0.0000000 | A 0.0000000 | A 0.0000000 | A 0.0000000 | A 0.0000000 | A 0.0000000 | A 0.0000000 |
Q3o | A 0.0000000 | A 0.0000000 | A 0.0000000 | A 0.0000000 | A 0.0000000 | A 0.0000000 | A 0.0000000 | A 0.0000000 | A 0.0000000 | A 0.0000000 | A 0.0000000 | A 0.0000000 | A 0.0000000 | A 0.0000000 |
Q3s | A 0.0000000 | A 0.0000000 | A 0.0000000 | A 0.0000000 | A 0.0000000 | A 0.0000000 | A 0.0000000 | A 0.0000000 | A 0.0000000 | A 0.0000000 | A 0.0000000 | A 0.0000000 | A 0.0000000 | A 0.0000000 |
Q4o | A 0.0000000 | A 0.0000000 | A 0.0000000 | A 0.0000000 | A 0.0000000 | A 0.0000000 | A 0.0000000 | A 0.0000000 | A 0.0000000 | A 0.0000000 | A 0.0000000 | A 0.0000000 | A 0.0000000 | A 0.0000000 |
Q4s | A 0.0000000 | A 0.0000000 | A 0.0000000 | A 0.0000000 | A 0.0000000 | A 0.0000000 | A 0.0000000 | A 0.0000000 | A 0.0000000 | A 0.0000000 | A 0.0000000 | A 0.0000000 | A 0.0000000 | A 0.0000000 |
Q5o | A 0.0000000 | A 0.0000000 | A 0.0000000 | A 0.0000000 | A 0.0000000 | A 0.0000000 | A 0.0000000 | A 0.0000000 | A 0.0000000 | A 0.0000000 | A 0.0000000 | A 0.0000000 | A 0.0000000 | A 0.0000000 |
Q5s | A 0.0000000 | A 0.0000000 | A 0.0000000 | A 0.0000000 | A 0.0000000 | A 0.0000000 | A 0.0000000 | A 0.0000000 | A 0.0000000 | A 0.0000000 | A 0.0000000 | A 0.0000000 | A 0.0000000 | A 0.0000000 |
Q6o | A 0.0000000 | A 0.0000000 | A 0.0000000 | A 0.0000000 | A 0.0000000 | A 0.0000000 | A 0.0000000 | A 0.0000000 | A 0.0000000 | A 0.0000000 | A 0.0000000 | A 0.0000000 | A 0.0000000 | A 0.0000000 |
Q6s | A 0.0000000 | A 0.0000000 | A 0.0000000 | A 0.0000000 | A 0.0000000 | A 0.0000000 | A 0.0000000 | A 0.0000000 | A 0.0000000 | A 0.0000000 | A 0.0000000 | A 0.0000000 | A 0.0000000 | A 0.0000000 |
Q7o | A 0.0000000 | A 0.0000000 | A 0.0000000 | A 0.0000000 | A 0.0000000 | A 0.0000000 | A 0.0000000 | A 0.0000000 | A 0.0000000 | A 0.0000000 | A 0.0000000 | A 0.0000000 | A 0.0000000 | A 0.0000000 |
Q7s | A 0.0000000 | A 0.0000000 | A 0.0000000 | A 0.0000000 | A 0.0000000 | A 0.0000000 | A 0.0000000 | A 0.0000000 | A 0.0000000 | A 0.0000000 | A 0.0000000 | A 0.0000000 | A 0.0000000 | A 0.0000000 |
Q8o | A 0.0000000 | A 0.0000000 | A 0.0000000 | A 0.0000000 | A 0.0000000 | A 0.0000000 | A 0.0000000 | A 0.0000000 | A 0.0000000 | A 0.0000000 | A 0.0000000 | A 0.2500000 | A 0.0000000 | A 0.0000000 |
Q8s | A 0.0000000 | A 0.0000000 | A 0.0000000 | A 0.0000000 | A 0.0000000 | A 0.0000000 | A 0.0000000 | A 0.0000000 | A 0.0000000 | A 0.0000000 | A 0.0000000 | A 0.0000000 | A 0.0000000 | A 0.0000000 |
Q9o | A 0.0000000 | A 0.0000000 | A 0.0000000 | A 0.0000000 | A 0.0000000 | A 0.0000000 | A 0.0000000 | A 0.0000000 | A 0.0000000 | A 0.0000000 | A 0.0000000 | A 0.0000000 | A 0.0000000 | A 0.0000000 |
Q9s | A 0.0000000 | A 0.0000000 | A 0.0000000 | A 0.0000000 | A 0.0000000 | A 0.0000000 | A 0.0000000 | A 0.0000000 | A 0.0000000 | A 0.0000000 | A 0.0000000 | A 0.0000000 | A 0.0000000 | A 0.0000000 |
QTo | A 0.0000000 | A 0.0000000 | A 0.0000000 | A 0.0000000 | A 0.0000000 | A 0.0000000 | A 0.0000000 | A 0.0000000 | A 0.0000000 | A 0.0000000 | A 0.0000000 | A 0.0000000 | A 0.0000000 | A 0.0000000 |
QTs | A 0.0000000 | A 0.0000000 | A 0.0000000 | A 0.0000000 | A 0.0000000 | A 0.0000000 | A 0.0000000 | A 0.0000000 | A 0.0000000 | A 0.0000000 | A 0.0000000 | A 0.0000000 | A 0.0000000 | A 0.0000000 |
QJo | A 0.0000000 | A 0.0000000 | A 0.0000000 | A 0.0000000 | A 0.0000000 | A 0.0000000 | A 0.0000000 | A 0.0000000 | A 0.0000000 | A 0.0000000 | A 0.0000000 | A 0.0000000 | A 0.0000000 | A 0.0000000 |
QJs | A 0.0000000 | A 0.0000000 | A 0.0000000 | A 0.0000000 | A 0.0000000 | A 0.0000000 | A 0.0000000 | A 0.0000000 | A 0.0000000 | A 0.0000000 | A 0.0000000 | A 0.0000000 | A 0.0000000 | A 0.0000000 |
QQo | A 0.0000000 | A 0.0000000 | A 0.0000000 | A 0.0000000 | A 0.0000000 | A 0.0000000 | A 0.0000000 | A 0.0000000 | A 0.0000000 | A 0.0000000 | A 0.0000000 | A 0.0000000 | A 0.0000000 | A 0.0000000 |
K2o | A 0.0000000 | A 0.0000000 | A 0.0000000 | A 0.0000000 | A 0.0000000 | A 0.0000000 | A 0.0000000 | A 0.0000000 | A 0.0000000 | A 0.0000000 | A 0.0000000 | A 0.0000000 | A 0.0000000 | A 0.0000000 |
K2s | A 0.0000000 | A 0.0000000 | A 0.0000000 | A 0.0000000 | A 0.0000000 | A 0.0000000 | A 0.0000000 | A 0.0000000 | A 0.0000000 | A 0.0000000 | A 0.0000000 | A 0.0000000 | A 0.0000000 | A 0.0000000 |
K3o | A 0.0000000 | A 0.0000000 | A 0.0000000 | A 0.0000000 | A 0.0000000 | A 0.0000000 | A 0.0000000 | A 0.0000000 | A 0.0000000 | A 0.0000000 | A 0.0000000 | A 0.0000000 | A 0.0000000 | A 0.0000000 |
K3s | A 0.0000000 | A 0.0000000 | A 0.0000000 | A 0.0000000 | A 0.0000000 | A 0.0000000 | A 0.0000000 | A 0.0000000 | A 0.0000000 | A 0.0000000 | A 0.0000000 | A 0.0000000 | A 0.0000000 | A 0.0000000 |
K4o | A 0.0000000 | A 0.0000000 | A 0.0000000 | A 0.0000000 | A 0.0000000 | A 0.0000000 | A 0.0000000 | A 0.0000000 | A 0.0000000 | A 0.0000000 | A 0.0000000 | A 0.0000000 | A 0.0000000 | A 0.0000000 |
K4s | A 0.0000000 | A 0.0000000 | A 0.0000000 | A 0.0000000 | A 0.0000000 | A 0.0000000 | A 0.0000000 | A 0.0000000 | A 0.0000000 | A 0.0000000 | A 0.0000000 | A 0.0000000 | A 0.0000000 | A 0.0000000 |
K5o | A 0.0000000 | A 0.0000000 | A 0.0000000 | A 0.0000000 | A 0.0000000 | A 0.0000000 | A 0.0000000 | A 0.0000000 | A 0.0000000 | A 0.0000000 | A 0.0000000 | A 0.0000000 | A 0.0000000 | A 0.0000000 |
K5s | A 0.0000000 | A 0.0000000 | A 0.0000000 | A 0.0000000 | A 0.0000000 | A 0.0000000 | A 0.0000000 | A 0.0000000 | A 0.0000000 | A 0.0000000 | A 0.0000000 | A 0.0000000 | A 0.0000000 | A 0.0000000 |
K6o | A 0.0000000 | A 0.0000000 | A 0.0000000 | A 0.0000000 | A 0.0000000 | A 0.0000000 | A 0.0000000 | A 0.0000000 | A 0.0000000 | A 0.0000000 | A 0.0000000 | A 0.0000000 | A 0.0000000 | A 0.0000000 |
K6s | A 0.0000000 | A 0.0000000 | A 0.0000000 | A 0.0000000 | A 0.0000000 | A 0.0000000 | A 0.0000000 | A 0.0000000 | A 0.0000000 | A 0.0000000 | A 0.0000000 | A 0.0000000 | A 0.0000000 | A 0.0000000 |
K7o | A 0.0000000 | A 0.0000000 | A 0.0000000 | A 0.0000000 | A 0.0000000 | A 0.0000000 | A 0.0000000 | A 0.0000000 | A 0.0000000 | A 0.0000000 | A 0.0000000 | A 0.0000000 | A 0.0000000 | A 0.0000000 |
K7s | A 0.0000000 | A 0.0000000 | A 0.0000000 | A 0.0000000 | A 0.0000000 | A 0.0000000 | A 0.0000000 | A 0.0000000 | A 0.0000000 | A 0.0000000 | A 0.0000000 | A 0.0000000 | A 0.0000000 | A 0.0000000 |
K8o | A 0.0000000 | A 0.0000000 | A 0.0000000 | A 0.0000000 | A 0.0000000 | A 0.0000000 | A 0.0000000 | A 0.0000000 | A 0.0000000 | A 0.0000000 | A 0.0000000 | A 0.0000000 | A 0.0000000 | A 0.0000000 |
K8s | A 0.0000000 | A 0.0000000 | A 0.0000000 | A 0.0000000 | A 0.0000000 | A 0.0000000 | A 0.0000000 | A 0.0000000 | A 0.0000000 | A 0.0000000 | A 0.0000000 | A 0.0000000 | A 0.0000000 | A 0.0000000 |
K9o | A 0.0000000 | A 0.0000000 | A 0.0000000 | A 0.0000000 | A 0.0000000 | A 0.0000000 | A 0.0000000 | A 0.0000000 | A 0.0000000 | A 0.0000000 | A 0.0000000 | A 0.0000000 | A 0.0000000 | A 0.0000000 |
K9s | A 0.0000000 | A 0.0000000 | A 0.0000000 | A 0.0000000 | A 0.0000000 | A 0.0000000 | A 0.0000000 | A 0.0000000 | A 0.0000000 | A 0.0000000 | A 0.0000000 | A 0.0000000 | A 0.0000000 | A 0.0000000 |
KTo | A 0.0000000 | A 0.0000000 | A 0.0000000 | A 0.0000000 | A 0.0000000 | A 0.0000000 | A 0.0000000 | A 0.0000000 | A 0.0000000 | A 0.0000000 | A 0.0000000 | A 0.0000000 | A 0.0000000 | A 0.0000000 |
KTs | A 0.0000000 | A 0.0000000 | A 0.0000000 | A 0.0000000 | A 0.0000000 | A 0.0000000 | A 0.0000000 | A 0.0000000 | A 0.0000000 | A 0.0000000 | A 0.0000000 | A 0.0000000 | A 0.0000000 | A 0.0000000 |
KJo | A 0.0000000 | A 0.0000000 | A 0.0000000 | A 0.0000000 | A 0.0000000 | A 0.0000000 | A 0.0000000 | A 0.0000000 | A 0.0000000 | A 0.0000000 | A 0.0000000 | A 0.0000000 | A 0.0000000 | A 0.0000000 |
KJs | A 0.0000000 | A 0.0000000 | A 0.0000000 | A 0.0000000 | A 0.0000000 | A 0.0000000 | A 0.0000000 | A 0.0000000 | A 0.0000000 | A 0.0000000 | A 0.0000000 | A 0.0000000 | A 0.0000000 | A 0.0000000 |
KQo | A 0.0000000 | A 0.0000000 | A 0.0000000 | A 0.0000000 | A 0.0000000 | A 0.0000000 | A 0.0000000 | A 0.0000000 | A 0.0000000 | A 0.0000000 | A 0.0000000 | A 0.0000000 | A 0.0000000 | A 0.0000000 |
KQs | A 0.0000000 | A 0.0000000 | A 0.0000000 | A 0.0000000 | A 0.0000000 | A 0.0000000 | A 0.0000000 | A 0.0000000 | A 0.0000000 | A 0.0000000 | A 0.0000000 | A 0.0000000 | A 0.0000000 | A 0.0000000 |
KKo | A 0.0000000 | A 0.0000000 | A 0.0000000 | A 0.0000000 | A 0.0000000 | A 0.0000000 | A 0.0000000 | A 0.0000000 | A 0.0000000 | A 0.0000000 | A 0.0000000 | A 0.0000000 | A 0.0000000 | A 0.0000000 |
A2o | A 0.0000000 | A 0.0000000 | A 0.0000000 | A 0.0000000 | A 0.0000000 | A 0.0000000 | A 0.0000000 | A 0.0000000 | A 0.0000000 | A 0.0000000 | A 0.0000000 | A 0.0000000 | A 0.0000000 | A 0.0000000 |
A2s | A 0.0000000 | A 0.0000000 | A 0.0000000 | A 0.0000000 | A 0.0000000 | A 0.0000000 | A 0.0000000 | A 0.0000000 | A 0.0000000 | A 0.0000000 | A 0.0000000 | A 0.0000000 | A 0.0000000 | A 0.0000000 |
A3o | A 0.0000000 | A 0.0000000 | A 0.0000000 | A 0.0000000 | A 0.0000000 | A 0.0000000 | A 0.0000000 | A 0.0000000 | A 0.0000000 | A 0.0000000 | A 0.0000000 | A 0.0000000 | A 0.0000000 | A 0.0000000 |
A3s | A 0.0000000 | A 0.0000000 | A 0.0000000 | A 0.0000000 | A 0.0000000 | A 0.0000000 | A 0.0000000 | A 0.0000000 | A 0.0000000 | A 0.0000000 | A 0.0000000 | A 0.0000000 | A 0.0000000 | A 0.0000000 |
A4o | A 0.0000000 | A 0.0000000 | A 0.0000000 | A 0.0000000 | A 0.0000000 | A 0.0000000 | A 0.0000000 | A 0.0000000 | A 0.0000000 | A 0.0000000 | A 0.0000000 | A 0.0000000 | A 0.0000000 | A 0.0000000 |
A4s | A 0.0000000 | A 0.0000000 | A 0.0000000 | A 0.0000000 | A 0.0000000 | A 0.0000000 | A 0.0000000 | A 0.0000000 | A 0.0000000 | A 0.0000000 | A 0.0000000 | A 0.0000000 | A 0.0000000 | A 0.0000000 |
A5o | A 0.0000000 | A 0.0000000 | A 0.0000000 | A 0.0000000 | A 0.0000000 | A 0.0000000 | A 0.0000000 | A 0.0000000 | A 0.0000000 | A 0.0000000 | A 0.0000000 | A 0.0000000 | A 0.0000000 | A 0.0000000 |
A5s | A 0.0000000 | A 0.0000000 | A 0.0000000 | A 0.0000000 | A 0.0000000 | A 0.0000000 | A 0.0000000 | A 0.0000000 | A 0.0000000 | A 0.0000000 | A 0.0000000 | A 0.0000000 | A 0.0000000 | A 0.0000000 |
A6o | A 0.0000000 | A 0.0000000 | A 0.0000000 | A 0.0000000 | A 0.0000000 | A 0.0000000 | A 0.0000000 | A 0.0000000 | A 0.0000000 | A 0.0000000 | A 0.0000000 | A 0.0000000 | A 0.0000000 | A 0.0000000 |
A6s | A 0.0000000 | A 0.0000000 | A 0.0000000 | A 0.0000000 | A 0.0000000 | A 0.0000000 | A 0.0000000 | A 0.0000000 | A 0.0000000 | A 0.0000000 | A 0.0000000 | A 0.0000000 | A 0.0000000 | A 0.0000000 |
A7o | A 0.0000000 | A 0.0000000 | A 0.0000000 | A 0.0000000 | A 0.0000000 | A 0.0000000 | A 0.0000000 | A 0.0000000 | A 0.0000000 | A 0.0000000 | A 0.0000000 | A 0.0000000 | A 0.0000000 | A 0.0000000 |
A7s | A 0.0000000 | A 0.0000000 | A 0.0000000 | A 0.0000000 | A 0.0000000 | A 0.0000000 | A 0.0000000 | A 0.0000000 | A 0.0000000 | A 0.0000000 | A 0.0000000 | A 0.0000000 | A 0.0000000 | A 0.0000000 |
A8o | A 0.0000000 | A 0.0000000 | A 0.0000000 | A 0.0000000 | A 0.0000000 | A 0.0000000 | A 0.0000000 | A 0.0000000 | A 0.0000000 | A 0.0000000 | A 0.0000000 | A 0.0000000 | A 0.0000000 | A 0.0000000 |
A8s | A 0.0000000 | A 0.0000000 | A 0.0000000 | A 0.0000000 | A 0.0000000 | A 0.0000000 | A 0.0000000 | A 0.0000000 | A 0.0000000 | A 0.0000000 | A 0.0000000 | A 0.0000000 | A 0.0000000 | A 0.0000000 |
A9o | A 0.0000000 | A 0.0000000 | A 0.0000000 | A 0.0000000 | A 0.0000000 | A 0.0000000 | A 0.0000000 | A 0.0000000 | A 0.0000000 | A 0.0000000 | A 0.0000000 | A 0.0000000 | A 0.0000000 | A 0.0000000 |
A9s | A 0.0000000 | A 0.0000000 | A 0.0000000 | A 0.0000000 | A 0.0000000 | A 0.0000000 | A 0.0000000 | A 0.0000000 | A 0.0000000 | A 0.0000000 | A 0.0000000 | A 0.0000000 | A 0.0000000 | A 0.0000000 |
ATo | A 0.0000000 | A 0.0000000 | A 0.0000000 | A 0.0000000 | A 0.0000000 | A 0.0000000 | A 0.0000000 | A 0.0000000 | A 0.0000000 | A 0.0000000 | A 0.0000000 | A 0.0000000 | A 0.0000000 | A 0.0000000 |
ATs | A 0.0000000 | A 0.0000000 | A 0.0000000 | A 0.0000000 | A 0.0000000 | A 0.0000000 | A 0.0000000 | A 0.0000000 | A 0.0000000 | A 0.0000000 | A 0.0000000 | A 0.0000000 | A 0.0000000 | A 0.0000000 |
AJo | A 0.0000000 | A 0.0000000 | A 0.0000000 | A 0.0000000 | A 0.0000000 | A 0.0000000 | A 0.0000000 | A 0.0000000 | A 0.0000000 | A 0.0000000 | A 0.0000000 | A 0.0000000 | A 0.0000000 | A 0.0000000 |
AJs | A 0.0000000 | A 0.0000000 | A 0.0000000 | A 0.0000000 | A 0.0000000 | A 0.0000000 | A 0.0000000 | A 0.0000000 | A 0.0000000 | A 0.0000000 | A 0.0000000 | A 0.0000000 | A 0.0000000 | A 0.0000000 |
AQo | A 0.0000000 | A 0.0000000 | A 0.0000000 | A 0.0000000 | A 0.0000000 | A 0.0000000 | A 0.0000000 | A 0.0000000 | A 0.0000000 | A 0.0000000 | A 0.0000000 | A 0.0000000 | A 0.0000000 | A 0.0000000 |
AQs | A 0.0000000 | A 0.0000000 | A 0.0000000 | A 0.0000000 | A 0.0000000 | A 0.0000000 | A 0.0000000 | A 0.0000000 | A 0.0000000 | A 0.0000000 | A 0.0000000 | A 0.0000000 | A 0.0000000 | A 0.0000000 |
AKo | A 0.0000000 | A 0.0000000 | A 0.0000000 | A 0.0000000 | A 0.0000000 | A 0.0000000 | A 0.0000000 | A 0.0000000 | A 0.0000000 | A 0.0000000 | A 0.0000000 | A 0.0000000 | A 0.0000000 | A 0.0000000 |
AKs | A 0.0000000 | A 0.0000000 | A 0.0000000 | A 0.0000000 | A 0.0000000 | A 0.0000000 | A 0.0000000 | A 0.0000000 | A 0.0000000 | A 0.0000000 | A 0.0000000 | A 0.0000000 | A 0.0000000 | A 0.0000000 |
AAo | A 0.0000000 | A 0.0000000 | A 0.0000000 | A 0.0000000 | A 0.0000000 | A 0.0000000 | A 0.0000000 | A 0.0000000 | A 0.0000000 | A 0.0000000 | A 0.0000000 | A 0.0000000 | A 0.0000000 | A 0.0000000 |


=====================================================================


HighCard: 0.000000
Pair: 50.000000
TwoPairs: 50.000000
Trips: 0.000000
Straight: 0.000000
Flush: 0.000000
FullHouse: 0.000000
Quads: 0.000000
StraightFlush: 0.000000

Empty-BigBlind: 0.000000
OneRaise-CutOff: 0.000000
OneRaise-Dealer: 0.000000
OneRaise-SmallBlind: 0.000000
TwoRaises-CutOff, Dealer: 0.000000
TwoRaises-CutOff, SmallBlind: 100.000000
TwoRaises-CutOff, BigBlind: 0.000000
TwoRaises-Dealer, SmallBlind: 0.000000
TwoRaises-Dealer, BigBlind: 0.000000
TwoRaises-SmallBlind, BigBlind: 0.000000
ThreeRaises-CutOff, Dealer, SmallBlind: 0.000000
ThreeRaises-CutOff, Dealer, BigBlind: 0.000000
ThreeRaises-CutOff, SmallBlind, BigBlind: 0.000000
ThreeRaises-Dealer, SmallBlind, BigBlind: 0.000000
FourRaises-CutOff, Dealer, SmallBlind, BigBlind: 0.000000

Jackpots:
CutOff:0.000000
Dealer:0.000000
SmallBlind:0.000000
BigBlind:0.000000


