==============================================================================================================
============================******************************************************============================
==============================================================================================================
=====================================================================
========= Poker Table Summary: #Hand: 1

| 6♠ | 5♠ | K♣ | 8♦ | K♠ | 

Player ID: , Position: CutOff, Holding Cards: | Q♦ | 6♣ | , Action: Fold, 
Best Hand: 4796, Money: 0.000000, Reward: 0.000000
MWU Agent, Beta: 0.950000, T: 100
    |     CO      |     DE      |    DE_CO    |     SB      |    SB_CO    |    SB_DE    |  SB_CO_DE   |    BB_CO    |    BB_DE    |    BB_SB    |  BB_CO_DE   |  BB_CO_SB   |  BB_DE_SB   | BB_CO_DE_SB |
22o | 0.500000000 | 0.500000000 | 0.500000000 | 0.500000000 | 0.500000000 | 0.500000000 | 0.500000000 | 0.500000000 | 0.500000000 | 0.500000000 | 0.500000000 | 0.500000000 | 0.500000000 | 0.500000000 |
32o | 0.500000000 | 0.500000000 | 0.500000000 | 0.500000000 | 0.500000000 | 0.500000000 | 0.500000000 | 0.500000000 | 0.500000000 | 0.500000000 | 0.500000000 | 0.500000000 | 0.500000000 | 0.500000000 |
32s | 0.500000000 | 0.500000000 | 0.500000000 | 0.500000000 | 0.500000000 | 0.500000000 | 0.500000000 | 0.500000000 | 0.500000000 | 0.500000000 | 0.500000000 | 0.500000000 | 0.500000000 | 0.500000000 |
33o | 0.500000000 | 0.500000000 | 0.500000000 | 0.500000000 | 0.500000000 | 0.500000000 | 0.500000000 | 0.500000000 | 0.500000000 | 0.500000000 | 0.500000000 | 0.500000000 | 0.500000000 | 0.500000000 |
42o | 0.500000000 | 0.500000000 | 0.500000000 | 0.500000000 | 0.500000000 | 0.500000000 | 0.500000000 | 0.500000000 | 0.500000000 | 0.500000000 | 0.500000000 | 0.500000000 | 0.500000000 | 0.500000000 |
42s | 0.500000000 | 0.500000000 | 0.500000000 | 0.500000000 | 0.500000000 | 0.500000000 | 0.500000000 | 0.500000000 | 0.500000000 | 0.500000000 | 0.500000000 | 0.500000000 | 0.500000000 | 0.500000000 |
43o | 0.500000000 | 0.500000000 | 0.500000000 | 0.500000000 | 0.500000000 | 0.500000000 | 0.500000000 | 0.500000000 | 0.500000000 | 0.500000000 | 0.500000000 | 0.500000000 | 0.500000000 | 0.500000000 |
43s | 0.500000000 | 0.500000000 | 0.500000000 | 0.500000000 | 0.500000000 | 0.500000000 | 0.500000000 | 0.500000000 | 0.500000000 | 0.500000000 | 0.500000000 | 0.500000000 | 0.500000000 | 0.500000000 |
44o | 0.500000000 | 0.500000000 | 0.500000000 | 0.500000000 | 0.500000000 | 0.500000000 | 0.500000000 | 0.500000000 | 0.500000000 | 0.500000000 | 0.500000000 | 0.500000000 | 0.500000000 | 0.500000000 |
52o | 0.500000000 | 0.500000000 | 0.500000000 | 0.500000000 | 0.500000000 | 0.500000000 | 0.500000000 | 0.500000000 | 0.500000000 | 0.500000000 | 0.500000000 | 0.500000000 | 0.500000000 | 0.500000000 |
52s | 0.500000000 | 0.500000000 | 0.500000000 | 0.500000000 | 0.500000000 | 0.500000000 | 0.500000000 | 0.500000000 | 0.500000000 | 0.500000000 | 0.500000000 | 0.500000000 | 0.500000000 | 0.500000000 |
53o | 0.500000000 | 0.500000000 | 0.500000000 | 0.500000000 | 0.500000000 | 0.500000000 | 0.500000000 | 0.500000000 | 0.500000000 | 0.500000000 | 0.500000000 | 0.500000000 | 0.500000000 | 0.500000000 |
53s | 0.500000000 | 0.500000000 | 0.500000000 | 0.500000000 | 0.500000000 | 0.500000000 | 0.500000000 | 0.500000000 | 0.500000000 | 0.500000000 | 0.500000000 | 0.500000000 | 0.500000000 | 0.500000000 |
54o | 0.500000000 | 0.500000000 | 0.500000000 | 0.500000000 | 0.500000000 | 0.500000000 | 0.500000000 | 0.500000000 | 0.500000000 | 0.500000000 | 0.500000000 | 0.500000000 | 0.500000000 | 0.500000000 |
54s | 0.500000000 | 0.500000000 | 0.500000000 | 0.500000000 | 0.500000000 | 0.500000000 | 0.500000000 | 0.500000000 | 0.500000000 | 0.500000000 | 0.500000000 | 0.500000000 | 0.500000000 | 0.500000000 |
55o | 0.500000000 | 0.500000000 | 0.500000000 | 0.500000000 | 0.500000000 | 0.500000000 | 0.500000000 | 0.500000000 | 0.500000000 | 0.500000000 | 0.500000000 | 0.500000000 | 0.500000000 | 0.500000000 |
62o | 0.500000000 | 0.500000000 | 0.500000000 | 0.500000000 | 0.500000000 | 0.500000000 | 0.500000000 | 0.500000000 | 0.500000000 | 0.500000000 | 0.500000000 | 0.500000000 | 0.500000000 | 0.500000000 |
62s | 0.500000000 | 0.500000000 | 0.500000000 | 0.500000000 | 0.500000000 | 0.500000000 | 0.500000000 | 0.500000000 | 0.500000000 | 0.500000000 | 0.500000000 | 0.500000000 | 0.500000000 | 0.500000000 |
63o | 0.500000000 | 0.500000000 | 0.500000000 | 0.500000000 | 0.500000000 | 0.500000000 | 0.500000000 | 0.500000000 | 0.500000000 | 0.500000000 | 0.500000000 | 0.500000000 | 0.500000000 | 0.500000000 |
63s | 0.500000000 | 0.500000000 | 0.500000000 | 0.500000000 | 0.500000000 | 0.500000000 | 0.500000000 | 0.500000000 | 0.500000000 | 0.500000000 | 0.500000000 | 0.500000000 | 0.500000000 | 0.500000000 |
64o | 0.500000000 | 0.500000000 | 0.500000000 | 0.500000000 | 0.500000000 | 0.500000000 | 0.500000000 | 0.500000000 | 0.500000000 | 0.500000000 | 0.500000000 | 0.500000000 | 0.500000000 | 0.500000000 |
64s | 0.500000000 | 0.500000000 | 0.500000000 | 0.500000000 | 0.500000000 | 0.500000000 | 0.500000000 | 0.500000000 | 0.500000000 | 0.500000000 | 0.500000000 | 0.500000000 | 0.500000000 | 0.500000000 |
65o | 0.500000000 | 0.500000000 | 0.500000000 | 0.500000000 | 0.500000000 | 0.500000000 | 0.500000000 | 0.500000000 | 0.500000000 | 0.500000000 | 0.500000000 | 0.500000000 | 0.500000000 | 0.500000000 |
65s | 0.500000000 | 0.500000000 | 0.500000000 | 0.500000000 | 0.500000000 | 0.500000000 | 0.500000000 | 0.500000000 | 0.500000000 | 0.500000000 | 0.500000000 | 0.500000000 | 0.500000000 | 0.500000000 |
66o | 0.500000000 | 0.500000000 | 0.500000000 | 0.500000000 | 0.500000000 | 0.500000000 | 0.500000000 | 0.500000000 | 0.500000000 | 0.500000000 | 0.500000000 | 0.500000000 | 0.500000000 | 0.500000000 |
72o | 0.500000000 | 0.500000000 | 0.500000000 | 0.500000000 | 0.500000000 | 0.500000000 | 0.500000000 | 0.500000000 | 0.500000000 | 0.500000000 | 0.500000000 | 0.500000000 | 0.500000000 | 0.500000000 |
72s | 0.500000000 | 0.500000000 | 0.500000000 | 0.500000000 | 0.500000000 | 0.500000000 | 0.500000000 | 0.500000000 | 0.500000000 | 0.500000000 | 0.500000000 | 0.500000000 | 0.500000000 | 0.500000000 |
73o | 0.500000000 | 0.500000000 | 0.500000000 | 0.500000000 | 0.500000000 | 0.500000000 | 0.500000000 | 0.500000000 | 0.500000000 | 0.500000000 | 0.500000000 | 0.500000000 | 0.500000000 | 0.500000000 |
73s | 0.500000000 | 0.500000000 | 0.500000000 | 0.500000000 | 0.500000000 | 0.500000000 | 0.500000000 | 0.500000000 | 0.500000000 | 0.500000000 | 0.500000000 | 0.500000000 | 0.500000000 | 0.500000000 |
74o | 0.500000000 | 0.500000000 | 0.500000000 | 0.500000000 | 0.500000000 | 0.500000000 | 0.500000000 | 0.500000000 | 0.500000000 | 0.500000000 | 0.500000000 | 0.500000000 | 0.500000000 | 0.500000000 |
74s | 0.500000000 | 0.500000000 | 0.500000000 | 0.500000000 | 0.500000000 | 0.500000000 | 0.500000000 | 0.500000000 | 0.500000000 | 0.500000000 | 0.500000000 | 0.500000000 | 0.500000000 | 0.500000000 |
75o | 0.500000000 | 0.500000000 | 0.500000000 | 0.500000000 | 0.500000000 | 0.500000000 | 0.500000000 | 0.500000000 | 0.500000000 | 0.500000000 | 0.500000000 | 0.500000000 | 0.500000000 | 0.500000000 |
75s | 0.500000000 | 0.500000000 | 0.500000000 | 0.500000000 | 0.500000000 | 0.500000000 | 0.500000000 | 0.500000000 | 0.500000000 | 0.500000000 | 0.500000000 | 0.500000000 | 0.500000000 | 0.500000000 |
76o | 0.500000000 | 0.500000000 | 0.500000000 | 0.500000000 | 0.500000000 | 0.500000000 | 0.500000000 | 0.500000000 | 0.500000000 | 0.500000000 | 0.500000000 | 0.500000000 | 0.500000000 | 0.500000000 |
76s | 0.500000000 | 0.500000000 | 0.500000000 | 0.500000000 | 0.500000000 | 0.500000000 | 0.500000000 | 0.500000000 | 0.500000000 | 0.500000000 | 0.500000000 | 0.500000000 | 0.500000000 | 0.500000000 |
77o | 0.500000000 | 0.500000000 | 0.500000000 | 0.500000000 | 0.500000000 | 0.500000000 | 0.500000000 | 0.500000000 | 0.500000000 | 0.500000000 | 0.500000000 | 0.500000000 | 0.500000000 | 0.500000000 |
82o | 0.500000000 | 0.500000000 | 0.500000000 | 0.500000000 | 0.500000000 | 0.500000000 | 0.500000000 | 0.500000000 | 0.500000000 | 0.500000000 | 0.500000000 | 0.500000000 | 0.500000000 | 0.500000000 |
82s | 0.500000000 | 0.500000000 | 0.500000000 | 0.500000000 | 0.500000000 | 0.500000000 | 0.500000000 | 0.500000000 | 0.500000000 | 0.500000000 | 0.500000000 | 0.500000000 | 0.500000000 | 0.500000000 |
83o | 0.500000000 | 0.500000000 | 0.500000000 | 0.500000000 | 0.500000000 | 0.500000000 | 0.500000000 | 0.500000000 | 0.500000000 | 0.500000000 | 0.500000000 | 0.500000000 | 0.500000000 | 0.500000000 |
83s | 0.500000000 | 0.500000000 | 0.500000000 | 0.500000000 | 0.500000000 | 0.500000000 | 0.500000000 | 0.500000000 | 0.500000000 | 0.500000000 | 0.500000000 | 0.500000000 | 0.500000000 | 0.500000000 |
84o | 0.500000000 | 0.500000000 | 0.500000000 | 0.500000000 | 0.500000000 | 0.500000000 | 0.500000000 | 0.500000000 | 0.500000000 | 0.500000000 | 0.500000000 | 0.500000000 | 0.500000000 | 0.500000000 |
84s | 0.500000000 | 0.500000000 | 0.500000000 | 0.500000000 | 0.500000000 | 0.500000000 | 0.500000000 | 0.500000000 | 0.500000000 | 0.500000000 | 0.500000000 | 0.500000000 | 0.500000000 | 0.500000000 |
85o | 0.500000000 | 0.500000000 | 0.500000000 | 0.500000000 | 0.500000000 | 0.500000000 | 0.500000000 | 0.500000000 | 0.500000000 | 0.500000000 | 0.500000000 | 0.500000000 | 0.500000000 | 0.500000000 |
85s | 0.500000000 | 0.500000000 | 0.500000000 | 0.500000000 | 0.500000000 | 0.500000000 | 0.500000000 | 0.500000000 | 0.500000000 | 0.500000000 | 0.500000000 | 0.500000000 | 0.500000000 | 0.500000000 |
86o | 0.500000000 | 0.500000000 | 0.500000000 | 0.500000000 | 0.500000000 | 0.500000000 | 0.500000000 | 0.500000000 | 0.500000000 | 0.500000000 | 0.500000000 | 0.500000000 | 0.500000000 | 0.500000000 |
86s | 0.500000000 | 0.500000000 | 0.500000000 | 0.500000000 | 0.500000000 | 0.500000000 | 0.500000000 | 0.500000000 | 0.500000000 | 0.500000000 | 0.500000000 | 0.500000000 | 0.500000000 | 0.500000000 |
87o | 0.500000000 | 0.500000000 | 0.500000000 | 0.500000000 | 0.500000000 | 0.500000000 | 0.500000000 | 0.500000000 | 0.500000000 | 0.500000000 | 0.500000000 | 0.500000000 | 0.500000000 | 0.500000000 |
87s | 0.500000000 | 0.500000000 | 0.500000000 | 0.500000000 | 0.500000000 | 0.500000000 | 0.500000000 | 0.500000000 | 0.500000000 | 0.500000000 | 0.500000000 | 0.500000000 | 0.500000000 | 0.500000000 |
88o | 0.500000000 | 0.500000000 | 0.500000000 | 0.500000000 | 0.500000000 | 0.500000000 | 0.500000000 | 0.500000000 | 0.500000000 | 0.500000000 | 0.500000000 | 0.500000000 | 0.500000000 | 0.500000000 |
92o | 0.500000000 | 0.500000000 | 0.500000000 | 0.500000000 | 0.500000000 | 0.500000000 | 0.500000000 | 0.500000000 | 0.500000000 | 0.500000000 | 0.500000000 | 0.500000000 | 0.500000000 | 0.500000000 |
92s | 0.500000000 | 0.500000000 | 0.500000000 | 0.500000000 | 0.500000000 | 0.500000000 | 0.500000000 | 0.500000000 | 0.500000000 | 0.500000000 | 0.500000000 | 0.500000000 | 0.500000000 | 0.500000000 |
93o | 0.500000000 | 0.500000000 | 0.500000000 | 0.500000000 | 0.500000000 | 0.500000000 | 0.500000000 | 0.500000000 | 0.500000000 | 0.500000000 | 0.500000000 | 0.500000000 | 0.500000000 | 0.500000000 |
93s | 0.500000000 | 0.500000000 | 0.500000000 | 0.500000000 | 0.500000000 | 0.500000000 | 0.500000000 | 0.500000000 | 0.500000000 | 0.500000000 | 0.500000000 | 0.500000000 | 0.500000000 | 0.500000000 |
94o | 0.500000000 | 0.500000000 | 0.500000000 | 0.500000000 | 0.500000000 | 0.500000000 | 0.500000000 | 0.500000000 | 0.500000000 | 0.500000000 | 0.500000000 | 0.500000000 | 0.500000000 | 0.500000000 |
94s | 0.500000000 | 0.500000000 | 0.500000000 | 0.500000000 | 0.500000000 | 0.500000000 | 0.500000000 | 0.500000000 | 0.500000000 | 0.500000000 | 0.500000000 | 0.500000000 | 0.500000000 | 0.500000000 |
95o | 0.500000000 | 0.500000000 | 0.500000000 | 0.500000000 | 0.500000000 | 0.500000000 | 0.500000000 | 0.500000000 | 0.500000000 | 0.500000000 | 0.500000000 | 0.500000000 | 0.500000000 | 0.500000000 |
95s | 0.500000000 | 0.500000000 | 0.500000000 | 0.500000000 | 0.500000000 | 0.500000000 | 0.500000000 | 0.500000000 | 0.500000000 | 0.500000000 | 0.500000000 | 0.500000000 | 0.500000000 | 0.500000000 |
96o | 0.500000000 | 0.500000000 | 0.500000000 | 0.500000000 | 0.500000000 | 0.500000000 | 0.500000000 | 0.500000000 | 0.500000000 | 0.500000000 | 0.500000000 | 0.500000000 | 0.500000000 | 0.500000000 |
96s | 0.500000000 | 0.500000000 | 0.500000000 | 0.500000000 | 0.500000000 | 0.500000000 | 0.500000000 | 0.500000000 | 0.500000000 | 0.500000000 | 0.500000000 | 0.500000000 | 0.500000000 | 0.500000000 |
97o | 0.500000000 | 0.500000000 | 0.500000000 | 0.500000000 | 0.500000000 | 0.500000000 | 0.500000000 | 0.500000000 | 0.500000000 | 0.500000000 | 0.500000000 | 0.500000000 | 0.500000000 | 0.500000000 |
97s | 0.500000000 | 0.500000000 | 0.500000000 | 0.500000000 | 0.500000000 | 0.500000000 | 0.500000000 | 0.500000000 | 0.500000000 | 0.500000000 | 0.500000000 | 0.500000000 | 0.500000000 | 0.500000000 |
98o | 0.500000000 | 0.500000000 | 0.500000000 | 0.500000000 | 0.500000000 | 0.500000000 | 0.500000000 | 0.500000000 | 0.500000000 | 0.500000000 | 0.500000000 | 0.500000000 | 0.500000000 | 0.500000000 |
98s | 0.500000000 | 0.500000000 | 0.500000000 | 0.500000000 | 0.500000000 | 0.500000000 | 0.500000000 | 0.500000000 | 0.500000000 | 0.500000000 | 0.500000000 | 0.500000000 | 0.500000000 | 0.500000000 |
99o | 0.500000000 | 0.500000000 | 0.500000000 | 0.500000000 | 0.500000000 | 0.500000000 | 0.500000000 | 0.500000000 | 0.500000000 | 0.500000000 | 0.500000000 | 0.500000000 | 0.500000000 | 0.500000000 |
T2o | 0.500000000 | 0.500000000 | 0.500000000 | 0.500000000 | 0.500000000 | 0.500000000 | 0.500000000 | 0.500000000 | 0.500000000 | 0.500000000 | 0.500000000 | 0.500000000 | 0.500000000 | 0.500000000 |
T2s | 0.500000000 | 0.500000000 | 0.500000000 | 0.500000000 | 0.500000000 | 0.500000000 | 0.500000000 | 0.500000000 | 0.500000000 | 0.500000000 | 0.500000000 | 0.500000000 | 0.500000000 | 0.500000000 |
T3o | 0.500000000 | 0.500000000 | 0.500000000 | 0.500000000 | 0.500000000 | 0.500000000 | 0.500000000 | 0.500000000 | 0.500000000 | 0.500000000 | 0.500000000 | 0.500000000 | 0.500000000 | 0.500000000 |
T3s | 0.500000000 | 0.500000000 | 0.500000000 | 0.500000000 | 0.500000000 | 0.500000000 | 0.500000000 | 0.500000000 | 0.500000000 | 0.500000000 | 0.500000000 | 0.500000000 | 0.500000000 | 0.500000000 |
T4o | 0.500000000 | 0.500000000 | 0.500000000 | 0.500000000 | 0.500000000 | 0.500000000 | 0.500000000 | 0.500000000 | 0.500000000 | 0.500000000 | 0.500000000 | 0.500000000 | 0.500000000 | 0.500000000 |
T4s | 0.500000000 | 0.500000000 | 0.500000000 | 0.500000000 | 0.500000000 | 0.500000000 | 0.500000000 | 0.500000000 | 0.500000000 | 0.500000000 | 0.500000000 | 0.500000000 | 0.500000000 | 0.500000000 |
T5o | 0.500000000 | 0.500000000 | 0.500000000 | 0.500000000 | 0.500000000 | 0.500000000 | 0.500000000 | 0.500000000 | 0.500000000 | 0.500000000 | 0.500000000 | 0.500000000 | 0.500000000 | 0.500000000 |
T5s | 0.500000000 | 0.500000000 | 0.500000000 | 0.500000000 | 0.500000000 | 0.500000000 | 0.500000000 | 0.500000000 | 0.500000000 | 0.500000000 | 0.500000000 | 0.500000000 | 0.500000000 | 0.500000000 |
T6o | 0.500000000 | 0.500000000 | 0.500000000 | 0.500000000 | 0.500000000 | 0.500000000 | 0.500000000 | 0.500000000 | 0.500000000 | 0.500000000 | 0.500000000 | 0.500000000 | 0.500000000 | 0.500000000 |
T6s | 0.500000000 | 0.500000000 | 0.500000000 | 0.500000000 | 0.500000000 | 0.500000000 | 0.500000000 | 0.500000000 | 0.500000000 | 0.500000000 | 0.500000000 | 0.500000000 | 0.500000000 | 0.500000000 |
T7o | 0.500000000 | 0.500000000 | 0.500000000 | 0.500000000 | 0.500000000 | 0.500000000 | 0.500000000 | 0.500000000 | 0.500000000 | 0.500000000 | 0.500000000 | 0.500000000 | 0.500000000 | 0.500000000 |
T7s | 0.500000000 | 0.500000000 | 0.500000000 | 0.500000000 | 0.500000000 | 0.500000000 | 0.500000000 | 0.500000000 | 0.500000000 | 0.500000000 | 0.500000000 | 0.500000000 | 0.500000000 | 0.500000000 |
T8o | 0.500000000 | 0.500000000 | 0.500000000 | 0.500000000 | 0.500000000 | 0.500000000 | 0.500000000 | 0.500000000 | 0.500000000 | 0.500000000 | 0.500000000 | 0.500000000 | 0.500000000 | 0.500000000 |
T8s | 0.500000000 | 0.500000000 | 0.500000000 | 0.500000000 | 0.500000000 | 0.500000000 | 0.500000000 | 0.500000000 | 0.500000000 | 0.500000000 | 0.500000000 | 0.500000000 | 0.500000000 | 0.500000000 |
T9o | 0.500000000 | 0.500000000 | 0.500000000 | 0.500000000 | 0.500000000 | 0.500000000 | 0.500000000 | 0.500000000 | 0.500000000 | 0.500000000 | 0.500000000 | 0.500000000 | 0.500000000 | 0.500000000 |
T9s | 0.500000000 | 0.500000000 | 0.500000000 | 0.500000000 | 0.500000000 | 0.500000000 | 0.500000000 | 0.500000000 | 0.500000000 | 0.500000000 | 0.500000000 | 0.500000000 | 0.500000000 | 0.500000000 |
TTo | 0.500000000 | 0.500000000 | 0.500000000 | 0.500000000 | 0.500000000 | 0.500000000 | 0.500000000 | 0.500000000 | 0.500000000 | 0.500000000 | 0.500000000 | 0.500000000 | 0.500000000 | 0.500000000 |
J2o | 0.500000000 | 0.500000000 | 0.500000000 | 0.500000000 | 0.500000000 | 0.500000000 | 0.500000000 | 0.500000000 | 0.500000000 | 0.500000000 | 0.500000000 | 0.500000000 | 0.500000000 | 0.500000000 |
J2s | 0.500000000 | 0.500000000 | 0.500000000 | 0.500000000 | 0.500000000 | 0.500000000 | 0.500000000 | 0.500000000 | 0.500000000 | 0.500000000 | 0.500000000 | 0.500000000 | 0.500000000 | 0.500000000 |
J3o | 0.500000000 | 0.500000000 | 0.500000000 | 0.500000000 | 0.500000000 | 0.500000000 | 0.500000000 | 0.500000000 | 0.500000000 | 0.500000000 | 0.500000000 | 0.500000000 | 0.500000000 | 0.500000000 |
J3s | 0.500000000 | 0.500000000 | 0.500000000 | 0.500000000 | 0.500000000 | 0.500000000 | 0.500000000 | 0.500000000 | 0.500000000 | 0.500000000 | 0.500000000 | 0.500000000 | 0.500000000 | 0.500000000 |
J4o | 0.500000000 | 0.500000000 | 0.500000000 | 0.500000000 | 0.500000000 | 0.500000000 | 0.500000000 | 0.500000000 | 0.500000000 | 0.500000000 | 0.500000000 | 0.500000000 | 0.500000000 | 0.500000000 |
J4s | 0.500000000 | 0.500000000 | 0.500000000 | 0.500000000 | 0.500000000 | 0.500000000 | 0.500000000 | 0.500000000 | 0.500000000 | 0.500000000 | 0.500000000 | 0.500000000 | 0.500000000 | 0.500000000 |
J5o | 0.500000000 | 0.500000000 | 0.500000000 | 0.500000000 | 0.500000000 | 0.500000000 | 0.500000000 | 0.500000000 | 0.500000000 | 0.500000000 | 0.500000000 | 0.500000000 | 0.500000000 | 0.500000000 |
J5s | 0.500000000 | 0.500000000 | 0.500000000 | 0.500000000 | 0.500000000 | 0.500000000 | 0.500000000 | 0.500000000 | 0.500000000 | 0.500000000 | 0.500000000 | 0.500000000 | 0.500000000 | 0.500000000 |
J6o | 0.500000000 | 0.500000000 | 0.500000000 | 0.500000000 | 0.500000000 | 0.500000000 | 0.500000000 | 0.500000000 | 0.500000000 | 0.500000000 | 0.500000000 | 0.500000000 | 0.500000000 | 0.500000000 |
J6s | 0.500000000 | 0.500000000 | 0.500000000 | 0.500000000 | 0.500000000 | 0.500000000 | 0.500000000 | 0.500000000 | 0.500000000 | 0.500000000 | 0.500000000 | 0.500000000 | 0.500000000 | 0.500000000 |
J7o | 0.500000000 | 0.500000000 | 0.500000000 | 0.500000000 | 0.500000000 | 0.500000000 | 0.500000000 | 0.500000000 | 0.500000000 | 0.500000000 | 0.500000000 | 0.500000000 | 0.500000000 | 0.500000000 |
J7s | 0.500000000 | 0.500000000 | 0.500000000 | 0.500000000 | 0.500000000 | 0.500000000 | 0.500000000 | 0.500000000 | 0.500000000 | 0.500000000 | 0.500000000 | 0.500000000 | 0.500000000 | 0.500000000 |
J8o | 0.500000000 | 0.500000000 | 0.500000000 | 0.500000000 | 0.500000000 | 0.500000000 | 0.500000000 | 0.500000000 | 0.500000000 | 0.500000000 | 0.500000000 | 0.500000000 | 0.500000000 | 0.500000000 |
J8s | 0.500000000 | 0.500000000 | 0.500000000 | 0.500000000 | 0.500000000 | 0.500000000 | 0.500000000 | 0.500000000 | 0.500000000 | 0.500000000 | 0.500000000 | 0.500000000 | 0.500000000 | 0.500000000 |
J9o | 0.500000000 | 0.500000000 | 0.500000000 | 0.500000000 | 0.500000000 | 0.500000000 | 0.500000000 | 0.500000000 | 0.500000000 | 0.500000000 | 0.500000000 | 0.500000000 | 0.500000000 | 0.500000000 |
J9s | 0.500000000 | 0.500000000 | 0.500000000 | 0.500000000 | 0.500000000 | 0.500000000 | 0.500000000 | 0.500000000 | 0.500000000 | 0.500000000 | 0.500000000 | 0.500000000 | 0.500000000 | 0.500000000 |
JTo | 0.500000000 | 0.500000000 | 0.500000000 | 0.500000000 | 0.500000000 | 0.500000000 | 0.500000000 | 0.500000000 | 0.500000000 | 0.500000000 | 0.500000000 | 0.500000000 | 0.500000000 | 0.500000000 |
JTs | 0.500000000 | 0.500000000 | 0.500000000 | 0.500000000 | 0.500000000 | 0.500000000 | 0.500000000 | 0.500000000 | 0.500000000 | 0.500000000 | 0.500000000 | 0.500000000 | 0.500000000 | 0.500000000 |
JJo | 0.500000000 | 0.500000000 | 0.500000000 | 0.500000000 | 0.500000000 | 0.500000000 | 0.500000000 | 0.500000000 | 0.500000000 | 0.500000000 | 0.500000000 | 0.500000000 | 0.500000000 | 0.500000000 |
Q2o | 0.500000000 | 0.500000000 | 0.500000000 | 0.500000000 | 0.500000000 | 0.500000000 | 0.500000000 | 0.500000000 | 0.500000000 | 0.500000000 | 0.500000000 | 0.500000000 | 0.500000000 | 0.500000000 |
Q2s | 0.500000000 | 0.500000000 | 0.500000000 | 0.500000000 | 0.500000000 | 0.500000000 | 0.500000000 | 0.500000000 | 0.500000000 | 0.500000000 | 0.500000000 | 0.500000000 | 0.500000000 | 0.500000000 |
Q3o | 0.500000000 | 0.500000000 | 0.500000000 | 0.500000000 | 0.500000000 | 0.500000000 | 0.500000000 | 0.500000000 | 0.500000000 | 0.500000000 | 0.500000000 | 0.500000000 | 0.500000000 | 0.500000000 |
Q3s | 0.500000000 | 0.500000000 | 0.500000000 | 0.500000000 | 0.500000000 | 0.500000000 | 0.500000000 | 0.500000000 | 0.500000000 | 0.500000000 | 0.500000000 | 0.500000000 | 0.500000000 | 0.500000000 |
Q4o | 0.500000000 | 0.500000000 | 0.500000000 | 0.500000000 | 0.500000000 | 0.500000000 | 0.500000000 | 0.500000000 | 0.500000000 | 0.500000000 | 0.500000000 | 0.500000000 | 0.500000000 | 0.500000000 |
Q4s | 0.500000000 | 0.500000000 | 0.500000000 | 0.500000000 | 0.500000000 | 0.500000000 | 0.500000000 | 0.500000000 | 0.500000000 | 0.500000000 | 0.500000000 | 0.500000000 | 0.500000000 | 0.500000000 |
Q5o | 0.500000000 | 0.500000000 | 0.500000000 | 0.500000000 | 0.500000000 | 0.500000000 | 0.500000000 | 0.500000000 | 0.500000000 | 0.500000000 | 0.500000000 | 0.500000000 | 0.500000000 | 0.500000000 |
Q5s | 0.500000000 | 0.500000000 | 0.500000000 | 0.500000000 | 0.500000000 | 0.500000000 | 0.500000000 | 0.500000000 | 0.500000000 | 0.500000000 | 0.500000000 | 0.500000000 | 0.500000000 | 0.500000000 |
Q6o | 0.500000000 | 0.500000000 | 0.500000000 | 0.500000000 | 0.500000000 | 0.500000000 | 0.500000000 | 0.500000000 | 0.500000000 | 0.500000000 | 0.500000000 | 0.500000000 | 0.500000000 | 0.500000000 |
Q6s | 0.500000000 | 0.500000000 | 0.500000000 | 0.500000000 | 0.500000000 | 0.500000000 | 0.500000000 | 0.500000000 | 0.500000000 | 0.500000000 | 0.500000000 | 0.500000000 | 0.500000000 | 0.500000000 |
Q7o | 0.500000000 | 0.500000000 | 0.500000000 | 0.500000000 | 0.500000000 | 0.500000000 | 0.500000000 | 0.500000000 | 0.500000000 | 0.500000000 | 0.500000000 | 0.500000000 | 0.500000000 | 0.500000000 |
Q7s | 0.500000000 | 0.500000000 | 0.500000000 | 0.500000000 | 0.500000000 | 0.500000000 | 0.500000000 | 0.500000000 | 0.500000000 | 0.500000000 | 0.500000000 | 0.500000000 | 0.500000000 | 0.500000000 |
Q8o | 0.500000000 | 0.500000000 | 0.500000000 | 0.500000000 | 0.500000000 | 0.500000000 | 0.500000000 | 0.500000000 | 0.500000000 | 0.500000000 | 0.500000000 | 0.500000000 | 0.500000000 | 0.500000000 |
Q8s | 0.500000000 | 0.500000000 | 0.500000000 | 0.500000000 | 0.500000000 | 0.500000000 | 0.500000000 | 0.500000000 | 0.500000000 | 0.500000000 | 0.500000000 | 0.500000000 | 0.500000000 | 0.500000000 |
Q9o | 0.500000000 | 0.500000000 | 0.500000000 | 0.500000000 | 0.500000000 | 0.500000000 | 0.500000000 | 0.500000000 | 0.500000000 | 0.500000000 | 0.500000000 | 0.500000000 | 0.500000000 | 0.500000000 |
Q9s | 0.500000000 | 0.500000000 | 0.500000000 | 0.500000000 | 0.500000000 | 0.500000000 | 0.500000000 | 0.500000000 | 0.500000000 | 0.500000000 | 0.500000000 | 0.500000000 | 0.500000000 | 0.500000000 |
QTo | 0.500000000 | 0.500000000 | 0.500000000 | 0.500000000 | 0.500000000 | 0.500000000 | 0.500000000 | 0.500000000 | 0.500000000 | 0.500000000 | 0.500000000 | 0.500000000 | 0.500000000 | 0.500000000 |
QTs | 0.500000000 | 0.500000000 | 0.500000000 | 0.500000000 | 0.500000000 | 0.500000000 | 0.500000000 | 0.500000000 | 0.500000000 | 0.500000000 | 0.500000000 | 0.500000000 | 0.500000000 | 0.500000000 |
QJo | 0.500000000 | 0.500000000 | 0.500000000 | 0.500000000 | 0.500000000 | 0.500000000 | 0.500000000 | 0.500000000 | 0.500000000 | 0.500000000 | 0.500000000 | 0.500000000 | 0.500000000 | 0.500000000 |
QJs | 0.500000000 | 0.500000000 | 0.500000000 | 0.500000000 | 0.500000000 | 0.500000000 | 0.500000000 | 0.500000000 | 0.500000000 | 0.500000000 | 0.500000000 | 0.500000000 | 0.500000000 | 0.500000000 |
QQo | 0.500000000 | 0.500000000 | 0.500000000 | 0.500000000 | 0.500000000 | 0.500000000 | 0.500000000 | 0.500000000 | 0.500000000 | 0.500000000 | 0.500000000 | 0.500000000 | 0.500000000 | 0.500000000 |
K2o | 0.500000000 | 0.500000000 | 0.500000000 | 0.500000000 | 0.500000000 | 0.500000000 | 0.500000000 | 0.500000000 | 0.500000000 | 0.500000000 | 0.500000000 | 0.500000000 | 0.500000000 | 0.500000000 |
K2s | 0.500000000 | 0.500000000 | 0.500000000 | 0.500000000 | 0.500000000 | 0.500000000 | 0.500000000 | 0.500000000 | 0.500000000 | 0.500000000 | 0.500000000 | 0.500000000 | 0.500000000 | 0.500000000 |
K3o | 0.500000000 | 0.500000000 | 0.500000000 | 0.500000000 | 0.500000000 | 0.500000000 | 0.500000000 | 0.500000000 | 0.500000000 | 0.500000000 | 0.500000000 | 0.500000000 | 0.500000000 | 0.500000000 |
K3s | 0.500000000 | 0.500000000 | 0.500000000 | 0.500000000 | 0.500000000 | 0.500000000 | 0.500000000 | 0.500000000 | 0.500000000 | 0.500000000 | 0.500000000 | 0.500000000 | 0.500000000 | 0.500000000 |
K4o | 0.500000000 | 0.500000000 | 0.500000000 | 0.500000000 | 0.500000000 | 0.500000000 | 0.500000000 | 0.500000000 | 0.500000000 | 0.500000000 | 0.500000000 | 0.500000000 | 0.500000000 | 0.500000000 |
K4s | 0.500000000 | 0.500000000 | 0.500000000 | 0.500000000 | 0.500000000 | 0.500000000 | 0.500000000 | 0.500000000 | 0.500000000 | 0.500000000 | 0.500000000 | 0.500000000 | 0.500000000 | 0.500000000 |
K5o | 0.500000000 | 0.500000000 | 0.500000000 | 0.500000000 | 0.500000000 | 0.500000000 | 0.500000000 | 0.500000000 | 0.500000000 | 0.500000000 | 0.500000000 | 0.500000000 | 0.500000000 | 0.500000000 |
K5s | 0.500000000 | 0.500000000 | 0.500000000 | 0.500000000 | 0.500000000 | 0.500000000 | 0.500000000 | 0.500000000 | 0.500000000 | 0.500000000 | 0.500000000 | 0.500000000 | 0.500000000 | 0.500000000 |
K6o | 0.500000000 | 0.500000000 | 0.500000000 | 0.500000000 | 0.500000000 | 0.500000000 | 0.500000000 | 0.500000000 | 0.500000000 | 0.500000000 | 0.500000000 | 0.500000000 | 0.500000000 | 0.500000000 |
K6s | 0.500000000 | 0.500000000 | 0.500000000 | 0.500000000 | 0.500000000 | 0.500000000 | 0.500000000 | 0.500000000 | 0.500000000 | 0.500000000 | 0.500000000 | 0.500000000 | 0.500000000 | 0.500000000 |
K7o | 0.500000000 | 0.500000000 | 0.500000000 | 0.500000000 | 0.500000000 | 0.500000000 | 0.500000000 | 0.500000000 | 0.500000000 | 0.500000000 | 0.500000000 | 0.500000000 | 0.500000000 | 0.500000000 |
K7s | 0.500000000 | 0.500000000 | 0.500000000 | 0.500000000 | 0.500000000 | 0.500000000 | 0.500000000 | 0.500000000 | 0.500000000 | 0.500000000 | 0.500000000 | 0.500000000 | 0.500000000 | 0.500000000 |
K8o | 0.500000000 | 0.500000000 | 0.500000000 | 0.500000000 | 0.500000000 | 0.500000000 | 0.500000000 | 0.500000000 | 0.500000000 | 0.500000000 | 0.500000000 | 0.500000000 | 0.500000000 | 0.500000000 |
K8s | 0.500000000 | 0.500000000 | 0.500000000 | 0.500000000 | 0.500000000 | 0.500000000 | 0.500000000 | 0.500000000 | 0.500000000 | 0.500000000 | 0.500000000 | 0.500000000 | 0.500000000 | 0.500000000 |
K9o | 0.500000000 | 0.500000000 | 0.500000000 | 0.500000000 | 0.500000000 | 0.500000000 | 0.500000000 | 0.500000000 | 0.500000000 | 0.500000000 | 0.500000000 | 0.500000000 | 0.500000000 | 0.500000000 |
K9s | 0.500000000 | 0.500000000 | 0.500000000 | 0.500000000 | 0.500000000 | 0.500000000 | 0.500000000 | 0.500000000 | 0.500000000 | 0.500000000 | 0.500000000 | 0.500000000 | 0.500000000 | 0.500000000 |
KTo | 0.500000000 | 0.500000000 | 0.500000000 | 0.500000000 | 0.500000000 | 0.500000000 | 0.500000000 | 0.500000000 | 0.500000000 | 0.500000000 | 0.500000000 | 0.500000000 | 0.500000000 | 0.500000000 |
KTs | 0.500000000 | 0.500000000 | 0.500000000 | 0.500000000 | 0.500000000 | 0.500000000 | 0.500000000 | 0.500000000 | 0.500000000 | 0.500000000 | 0.500000000 | 0.500000000 | 0.500000000 | 0.500000000 |
KJo | 0.500000000 | 0.500000000 | 0.500000000 | 0.500000000 | 0.500000000 | 0.500000000 | 0.500000000 | 0.500000000 | 0.500000000 | 0.500000000 | 0.500000000 | 0.500000000 | 0.500000000 | 0.500000000 |
KJs | 0.500000000 | 0.500000000 | 0.500000000 | 0.500000000 | 0.500000000 | 0.500000000 | 0.500000000 | 0.500000000 | 0.500000000 | 0.500000000 | 0.500000000 | 0.500000000 | 0.500000000 | 0.500000000 |
KQo | 0.500000000 | 0.500000000 | 0.500000000 | 0.500000000 | 0.500000000 | 0.500000000 | 0.500000000 | 0.500000000 | 0.500000000 | 0.500000000 | 0.500000000 | 0.500000000 | 0.500000000 | 0.500000000 |
KQs | 0.500000000 | 0.500000000 | 0.500000000 | 0.500000000 | 0.500000000 | 0.500000000 | 0.500000000 | 0.500000000 | 0.500000000 | 0.500000000 | 0.500000000 | 0.500000000 | 0.500000000 | 0.500000000 |
KKo | 0.500000000 | 0.500000000 | 0.500000000 | 0.500000000 | 0.500000000 | 0.500000000 | 0.500000000 | 0.500000000 | 0.500000000 | 0.500000000 | 0.500000000 | 0.500000000 | 0.500000000 | 0.500000000 |
A2o | 0.500000000 | 0.500000000 | 0.500000000 | 0.500000000 | 0.500000000 | 0.500000000 | 0.500000000 | 0.500000000 | 0.500000000 | 0.500000000 | 0.500000000 | 0.500000000 | 0.500000000 | 0.500000000 |
A2s | 0.500000000 | 0.500000000 | 0.500000000 | 0.500000000 | 0.500000000 | 0.500000000 | 0.500000000 | 0.500000000 | 0.500000000 | 0.500000000 | 0.500000000 | 0.500000000 | 0.500000000 | 0.500000000 |
A3o | 0.500000000 | 0.500000000 | 0.500000000 | 0.500000000 | 0.500000000 | 0.500000000 | 0.500000000 | 0.500000000 | 0.500000000 | 0.500000000 | 0.500000000 | 0.500000000 | 0.500000000 | 0.500000000 |
A3s | 0.500000000 | 0.500000000 | 0.500000000 | 0.500000000 | 0.500000000 | 0.500000000 | 0.500000000 | 0.500000000 | 0.500000000 | 0.500000000 | 0.500000000 | 0.500000000 | 0.500000000 | 0.500000000 |
A4o | 0.500000000 | 0.500000000 | 0.500000000 | 0.500000000 | 0.500000000 | 0.500000000 | 0.500000000 | 0.500000000 | 0.500000000 | 0.500000000 | 0.500000000 | 0.500000000 | 0.500000000 | 0.500000000 |
A4s | 0.500000000 | 0.500000000 | 0.500000000 | 0.500000000 | 0.500000000 | 0.500000000 | 0.500000000 | 0.500000000 | 0.500000000 | 0.500000000 | 0.500000000 | 0.500000000 | 0.500000000 | 0.500000000 |
A5o | 0.500000000 | 0.500000000 | 0.500000000 | 0.500000000 | 0.500000000 | 0.500000000 | 0.500000000 | 0.500000000 | 0.500000000 | 0.500000000 | 0.500000000 | 0.500000000 | 0.500000000 | 0.500000000 |
A5s | 0.500000000 | 0.500000000 | 0.500000000 | 0.500000000 | 0.500000000 | 0.500000000 | 0.500000000 | 0.500000000 | 0.500000000 | 0.500000000 | 0.500000000 | 0.500000000 | 0.500000000 | 0.500000000 |
A6o | 0.500000000 | 0.500000000 | 0.500000000 | 0.500000000 | 0.500000000 | 0.500000000 | 0.500000000 | 0.500000000 | 0.500000000 | 0.500000000 | 0.500000000 | 0.500000000 | 0.500000000 | 0.500000000 |
A6s | 0.500000000 | 0.500000000 | 0.500000000 | 0.500000000 | 0.500000000 | 0.500000000 | 0.500000000 | 0.500000000 | 0.500000000 | 0.500000000 | 0.500000000 | 0.500000000 | 0.500000000 | 0.500000000 |
A7o | 0.500000000 | 0.500000000 | 0.500000000 | 0.500000000 | 0.500000000 | 0.500000000 | 0.500000000 | 0.500000000 | 0.500000000 | 0.500000000 | 0.500000000 | 0.500000000 | 0.500000000 | 0.500000000 |
A7s | 0.500000000 | 0.500000000 | 0.500000000 | 0.500000000 | 0.500000000 | 0.500000000 | 0.500000000 | 0.500000000 | 0.500000000 | 0.500000000 | 0.500000000 | 0.500000000 | 0.500000000 | 0.500000000 |
A8o | 0.500000000 | 0.500000000 | 0.500000000 | 0.500000000 | 0.500000000 | 0.500000000 | 0.500000000 | 0.500000000 | 0.500000000 | 0.500000000 | 0.500000000 | 0.500000000 | 0.500000000 | 0.500000000 |
A8s | 0.500000000 | 0.500000000 | 0.500000000 | 0.500000000 | 0.500000000 | 0.500000000 | 0.500000000 | 0.500000000 | 0.500000000 | 0.500000000 | 0.500000000 | 0.500000000 | 0.500000000 | 0.500000000 |
A9o | 0.500000000 | 0.500000000 | 0.500000000 | 0.500000000 | 0.500000000 | 0.500000000 | 0.500000000 | 0.500000000 | 0.500000000 | 0.500000000 | 0.500000000 | 0.500000000 | 0.500000000 | 0.500000000 |
A9s | 0.500000000 | 0.500000000 | 0.500000000 | 0.500000000 | 0.500000000 | 0.500000000 | 0.500000000 | 0.500000000 | 0.500000000 | 0.500000000 | 0.500000000 | 0.500000000 | 0.500000000 | 0.500000000 |
ATo | 0.500000000 | 0.500000000 | 0.500000000 | 0.500000000 | 0.500000000 | 0.500000000 | 0.500000000 | 0.500000000 | 0.500000000 | 0.500000000 | 0.500000000 | 0.500000000 | 0.500000000 | 0.500000000 |
ATs | 0.500000000 | 0.500000000 | 0.500000000 | 0.500000000 | 0.500000000 | 0.500000000 | 0.500000000 | 0.500000000 | 0.500000000 | 0.500000000 | 0.500000000 | 0.500000000 | 0.500000000 | 0.500000000 |
AJo | 0.500000000 | 0.500000000 | 0.500000000 | 0.500000000 | 0.500000000 | 0.500000000 | 0.500000000 | 0.500000000 | 0.500000000 | 0.500000000 | 0.500000000 | 0.500000000 | 0.500000000 | 0.500000000 |
AJs | 0.500000000 | 0.500000000 | 0.500000000 | 0.500000000 | 0.500000000 | 0.500000000 | 0.500000000 | 0.500000000 | 0.500000000 | 0.500000000 | 0.500000000 | 0.500000000 | 0.500000000 | 0.500000000 |
AQo | 0.500000000 | 0.500000000 | 0.500000000 | 0.500000000 | 0.500000000 | 0.500000000 | 0.500000000 | 0.500000000 | 0.500000000 | 0.500000000 | 0.500000000 | 0.500000000 | 0.500000000 | 0.500000000 |
AQs | 0.500000000 | 0.500000000 | 0.500000000 | 0.500000000 | 0.500000000 | 0.500000000 | 0.500000000 | 0.500000000 | 0.500000000 | 0.500000000 | 0.500000000 | 0.500000000 | 0.500000000 | 0.500000000 |
AKo | 0.500000000 | 0.500000000 | 0.500000000 | 0.500000000 | 0.500000000 | 0.500000000 | 0.500000000 | 0.500000000 | 0.500000000 | 0.500000000 | 0.500000000 | 0.500000000 | 0.500000000 | 0.500000000 |
AKs | 0.500000000 | 0.500000000 | 0.500000000 | 0.500000000 | 0.500000000 | 0.500000000 | 0.500000000 | 0.500000000 | 0.500000000 | 0.500000000 | 0.500000000 | 0.500000000 | 0.500000000 | 0.500000000 |
AAo | 0.500000000 | 0.500000000 | 0.500000000 | 0.500000000 | 0.500000000 | 0.500000000 | 0.500000000 | 0.500000000 | 0.500000000 | 0.500000000 | 0.500000000 | 0.500000000 | 0.500000000 | 0.500000000 |


Player ID: , Position: Dealer, Holding Cards: | 2♥ | 5♥ | , Action: Fold, 
Best Hand: 4781, Money: 0.000000, Reward: 0.000000
MWU Agent, Beta: 0.950000, T: 100
    |     CO      |     DE      |    DE_CO    |     SB      |    SB_CO    |    SB_DE    |  SB_CO_DE   |    BB_CO    |    BB_DE    |    BB_SB    |  BB_CO_DE   |  BB_CO_SB   |  BB_DE_SB   | BB_CO_DE_SB |
22o | 0.500000000 | 0.500000000 | 0.500000000 | 0.500000000 | 0.500000000 | 0.500000000 | 0.500000000 | 0.500000000 | 0.500000000 | 0.500000000 | 0.500000000 | 0.500000000 | 0.500000000 | 0.500000000 |
32o | 0.500000000 | 0.500000000 | 0.500000000 | 0.500000000 | 0.500000000 | 0.500000000 | 0.500000000 | 0.500000000 | 0.500000000 | 0.500000000 | 0.500000000 | 0.500000000 | 0.500000000 | 0.500000000 |
32s | 0.500000000 | 0.500000000 | 0.500000000 | 0.500000000 | 0.500000000 | 0.500000000 | 0.500000000 | 0.500000000 | 0.500000000 | 0.500000000 | 0.500000000 | 0.500000000 | 0.500000000 | 0.500000000 |
33o | 0.500000000 | 0.500000000 | 0.500000000 | 0.500000000 | 0.500000000 | 0.500000000 | 0.500000000 | 0.500000000 | 0.500000000 | 0.500000000 | 0.500000000 | 0.500000000 | 0.500000000 | 0.500000000 |
42o | 0.500000000 | 0.500000000 | 0.500000000 | 0.500000000 | 0.500000000 | 0.500000000 | 0.500000000 | 0.500000000 | 0.500000000 | 0.500000000 | 0.500000000 | 0.500000000 | 0.500000000 | 0.500000000 |
42s | 0.500000000 | 0.500000000 | 0.500000000 | 0.500000000 | 0.500000000 | 0.500000000 | 0.500000000 | 0.500000000 | 0.500000000 | 0.500000000 | 0.500000000 | 0.500000000 | 0.500000000 | 0.500000000 |
43o | 0.500000000 | 0.500000000 | 0.500000000 | 0.500000000 | 0.500000000 | 0.500000000 | 0.500000000 | 0.500000000 | 0.500000000 | 0.500000000 | 0.500000000 | 0.500000000 | 0.500000000 | 0.500000000 |
43s | 0.500000000 | 0.500000000 | 0.500000000 | 0.500000000 | 0.500000000 | 0.500000000 | 0.500000000 | 0.500000000 | 0.500000000 | 0.500000000 | 0.500000000 | 0.500000000 | 0.500000000 | 0.500000000 |
44o | 0.500000000 | 0.500000000 | 0.500000000 | 0.500000000 | 0.500000000 | 0.500000000 | 0.500000000 | 0.500000000 | 0.500000000 | 0.500000000 | 0.500000000 | 0.500000000 | 0.500000000 | 0.500000000 |
52o | 0.500000000 | 0.500000000 | 0.500000000 | 0.500000000 | 0.500000000 | 0.500000000 | 0.500000000 | 0.500000000 | 0.500000000 | 0.500000000 | 0.500000000 | 0.500000000 | 0.500000000 | 0.500000000 |
52s | 0.500000000 | 0.500000000 | 0.500000000 | 0.500000000 | 0.500000000 | 0.500000000 | 0.500000000 | 0.500000000 | 0.500000000 | 0.500000000 | 0.500000000 | 0.500000000 | 0.500000000 | 0.500000000 |
53o | 0.500000000 | 0.500000000 | 0.500000000 | 0.500000000 | 0.500000000 | 0.500000000 | 0.500000000 | 0.500000000 | 0.500000000 | 0.500000000 | 0.500000000 | 0.500000000 | 0.500000000 | 0.500000000 |
53s | 0.500000000 | 0.500000000 | 0.500000000 | 0.500000000 | 0.500000000 | 0.500000000 | 0.500000000 | 0.500000000 | 0.500000000 | 0.500000000 | 0.500000000 | 0.500000000 | 0.500000000 | 0.500000000 |
54o | 0.500000000 | 0.500000000 | 0.500000000 | 0.500000000 | 0.500000000 | 0.500000000 | 0.500000000 | 0.500000000 | 0.500000000 | 0.500000000 | 0.500000000 | 0.500000000 | 0.500000000 | 0.500000000 |
54s | 0.500000000 | 0.500000000 | 0.500000000 | 0.500000000 | 0.500000000 | 0.500000000 | 0.500000000 | 0.500000000 | 0.500000000 | 0.500000000 | 0.500000000 | 0.500000000 | 0.500000000 | 0.500000000 |
55o | 0.500000000 | 0.500000000 | 0.500000000 | 0.500000000 | 0.500000000 | 0.500000000 | 0.500000000 | 0.500000000 | 0.500000000 | 0.500000000 | 0.500000000 | 0.500000000 | 0.500000000 | 0.500000000 |
62o | 0.500000000 | 0.500000000 | 0.500000000 | 0.500000000 | 0.500000000 | 0.500000000 | 0.500000000 | 0.500000000 | 0.500000000 | 0.500000000 | 0.500000000 | 0.500000000 | 0.500000000 | 0.500000000 |
62s | 0.500000000 | 0.500000000 | 0.500000000 | 0.500000000 | 0.500000000 | 0.500000000 | 0.500000000 | 0.500000000 | 0.500000000 | 0.500000000 | 0.500000000 | 0.500000000 | 0.500000000 | 0.500000000 |
63o | 0.500000000 | 0.500000000 | 0.500000000 | 0.500000000 | 0.500000000 | 0.500000000 | 0.500000000 | 0.500000000 | 0.500000000 | 0.500000000 | 0.500000000 | 0.500000000 | 0.500000000 | 0.500000000 |
63s | 0.500000000 | 0.500000000 | 0.500000000 | 0.500000000 | 0.500000000 | 0.500000000 | 0.500000000 | 0.500000000 | 0.500000000 | 0.500000000 | 0.500000000 | 0.500000000 | 0.500000000 | 0.500000000 |
64o | 0.500000000 | 0.500000000 | 0.500000000 | 0.500000000 | 0.500000000 | 0.500000000 | 0.500000000 | 0.500000000 | 0.500000000 | 0.500000000 | 0.500000000 | 0.500000000 | 0.500000000 | 0.500000000 |
64s | 0.500000000 | 0.500000000 | 0.500000000 | 0.500000000 | 0.500000000 | 0.500000000 | 0.500000000 | 0.500000000 | 0.500000000 | 0.500000000 | 0.500000000 | 0.500000000 | 0.500000000 | 0.500000000 |
65o | 0.500000000 | 0.500000000 | 0.500000000 | 0.500000000 | 0.500000000 | 0.500000000 | 0.500000000 | 0.500000000 | 0.500000000 | 0.500000000 | 0.500000000 | 0.500000000 | 0.500000000 | 0.500000000 |
65s | 0.500000000 | 0.500000000 | 0.500000000 | 0.500000000 | 0.500000000 | 0.500000000 | 0.500000000 | 0.500000000 | 0.500000000 | 0.500000000 | 0.500000000 | 0.500000000 | 0.500000000 | 0.500000000 |
66o | 0.500000000 | 0.500000000 | 0.500000000 | 0.500000000 | 0.500000000 | 0.500000000 | 0.500000000 | 0.500000000 | 0.500000000 | 0.500000000 | 0.500000000 | 0.500000000 | 0.500000000 | 0.500000000 |
72o | 0.500000000 | 0.500000000 | 0.500000000 | 0.500000000 | 0.500000000 | 0.500000000 | 0.500000000 | 0.500000000 | 0.500000000 | 0.500000000 | 0.500000000 | 0.500000000 | 0.500000000 | 0.500000000 |
72s | 0.500000000 | 0.500000000 | 0.500000000 | 0.500000000 | 0.500000000 | 0.500000000 | 0.500000000 | 0.500000000 | 0.500000000 | 0.500000000 | 0.500000000 | 0.500000000 | 0.500000000 | 0.500000000 |
73o | 0.500000000 | 0.500000000 | 0.500000000 | 0.500000000 | 0.500000000 | 0.500000000 | 0.500000000 | 0.500000000 | 0.500000000 | 0.500000000 | 0.500000000 | 0.500000000 | 0.500000000 | 0.500000000 |
73s | 0.500000000 | 0.500000000 | 0.500000000 | 0.500000000 | 0.500000000 | 0.500000000 | 0.500000000 | 0.500000000 | 0.500000000 | 0.500000000 | 0.500000000 | 0.500000000 | 0.500000000 | 0.500000000 |
74o | 0.500000000 | 0.500000000 | 0.500000000 | 0.500000000 | 0.500000000 | 0.500000000 | 0.500000000 | 0.500000000 | 0.500000000 | 0.500000000 | 0.500000000 | 0.500000000 | 0.500000000 | 0.500000000 |
74s | 0.500000000 | 0.500000000 | 0.500000000 | 0.500000000 | 0.500000000 | 0.500000000 | 0.500000000 | 0.500000000 | 0.500000000 | 0.500000000 | 0.500000000 | 0.500000000 | 0.500000000 | 0.500000000 |
75o | 0.500000000 | 0.500000000 | 0.500000000 | 0.500000000 | 0.500000000 | 0.500000000 | 0.500000000 | 0.500000000 | 0.500000000 | 0.500000000 | 0.500000000 | 0.500000000 | 0.500000000 | 0.500000000 |
75s | 0.500000000 | 0.500000000 | 0.500000000 | 0.500000000 | 0.500000000 | 0.500000000 | 0.500000000 | 0.500000000 | 0.500000000 | 0.500000000 | 0.500000000 | 0.500000000 | 0.500000000 | 0.500000000 |
76o | 0.500000000 | 0.500000000 | 0.500000000 | 0.500000000 | 0.500000000 | 0.500000000 | 0.500000000 | 0.500000000 | 0.500000000 | 0.500000000 | 0.500000000 | 0.500000000 | 0.500000000 | 0.500000000 |
76s | 0.500000000 | 0.500000000 | 0.500000000 | 0.500000000 | 0.500000000 | 0.500000000 | 0.500000000 | 0.500000000 | 0.500000000 | 0.500000000 | 0.500000000 | 0.500000000 | 0.500000000 | 0.500000000 |
77o | 0.500000000 | 0.500000000 | 0.500000000 | 0.500000000 | 0.500000000 | 0.500000000 | 0.500000000 | 0.500000000 | 0.500000000 | 0.500000000 | 0.500000000 | 0.500000000 | 0.500000000 | 0.500000000 |
82o | 0.500000000 | 0.500000000 | 0.500000000 | 0.500000000 | 0.500000000 | 0.500000000 | 0.500000000 | 0.500000000 | 0.500000000 | 0.500000000 | 0.500000000 | 0.500000000 | 0.500000000 | 0.500000000 |
82s | 0.500000000 | 0.500000000 | 0.500000000 | 0.500000000 | 0.500000000 | 0.500000000 | 0.500000000 | 0.500000000 | 0.500000000 | 0.500000000 | 0.500000000 | 0.500000000 | 0.500000000 | 0.500000000 |
83o | 0.500000000 | 0.500000000 | 0.500000000 | 0.500000000 | 0.500000000 | 0.500000000 | 0.500000000 | 0.500000000 | 0.500000000 | 0.500000000 | 0.500000000 | 0.500000000 | 0.500000000 | 0.500000000 |
83s | 0.500000000 | 0.500000000 | 0.500000000 | 0.500000000 | 0.500000000 | 0.500000000 | 0.500000000 | 0.500000000 | 0.500000000 | 0.500000000 | 0.500000000 | 0.500000000 | 0.500000000 | 0.500000000 |
84o | 0.500000000 | 0.500000000 | 0.500000000 | 0.500000000 | 0.500000000 | 0.500000000 | 0.500000000 | 0.500000000 | 0.500000000 | 0.500000000 | 0.500000000 | 0.500000000 | 0.500000000 | 0.500000000 |
84s | 0.500000000 | 0.500000000 | 0.500000000 | 0.500000000 | 0.500000000 | 0.500000000 | 0.500000000 | 0.500000000 | 0.500000000 | 0.500000000 | 0.500000000 | 0.500000000 | 0.500000000 | 0.500000000 |
85o | 0.500000000 | 0.500000000 | 0.500000000 | 0.500000000 | 0.500000000 | 0.500000000 | 0.500000000 | 0.500000000 | 0.500000000 | 0.500000000 | 0.500000000 | 0.500000000 | 0.500000000 | 0.500000000 |
85s | 0.500000000 | 0.500000000 | 0.500000000 | 0.500000000 | 0.500000000 | 0.500000000 | 0.500000000 | 0.500000000 | 0.500000000 | 0.500000000 | 0.500000000 | 0.500000000 | 0.500000000 | 0.500000000 |
86o | 0.500000000 | 0.500000000 | 0.500000000 | 0.500000000 | 0.500000000 | 0.500000000 | 0.500000000 | 0.500000000 | 0.500000000 | 0.500000000 | 0.500000000 | 0.500000000 | 0.500000000 | 0.500000000 |
86s | 0.500000000 | 0.500000000 | 0.500000000 | 0.500000000 | 0.500000000 | 0.500000000 | 0.500000000 | 0.500000000 | 0.500000000 | 0.500000000 | 0.500000000 | 0.500000000 | 0.500000000 | 0.500000000 |
87o | 0.500000000 | 0.500000000 | 0.500000000 | 0.500000000 | 0.500000000 | 0.500000000 | 0.500000000 | 0.500000000 | 0.500000000 | 0.500000000 | 0.500000000 | 0.500000000 | 0.500000000 | 0.500000000 |
87s | 0.500000000 | 0.500000000 | 0.500000000 | 0.500000000 | 0.500000000 | 0.500000000 | 0.500000000 | 0.500000000 | 0.500000000 | 0.500000000 | 0.500000000 | 0.500000000 | 0.500000000 | 0.500000000 |
88o | 0.500000000 | 0.500000000 | 0.500000000 | 0.500000000 | 0.500000000 | 0.500000000 | 0.500000000 | 0.500000000 | 0.500000000 | 0.500000000 | 0.500000000 | 0.500000000 | 0.500000000 | 0.500000000 |
92o | 0.500000000 | 0.500000000 | 0.500000000 | 0.500000000 | 0.500000000 | 0.500000000 | 0.500000000 | 0.500000000 | 0.500000000 | 0.500000000 | 0.500000000 | 0.500000000 | 0.500000000 | 0.500000000 |
92s | 0.500000000 | 0.500000000 | 0.500000000 | 0.500000000 | 0.500000000 | 0.500000000 | 0.500000000 | 0.500000000 | 0.500000000 | 0.500000000 | 0.500000000 | 0.500000000 | 0.500000000 | 0.500000000 |
93o | 0.500000000 | 0.500000000 | 0.500000000 | 0.500000000 | 0.500000000 | 0.500000000 | 0.500000000 | 0.500000000 | 0.500000000 | 0.500000000 | 0.500000000 | 0.500000000 | 0.500000000 | 0.500000000 |
93s | 0.500000000 | 0.500000000 | 0.500000000 | 0.500000000 | 0.500000000 | 0.500000000 | 0.500000000 | 0.500000000 | 0.500000000 | 0.500000000 | 0.500000000 | 0.500000000 | 0.500000000 | 0.500000000 |
94o | 0.500000000 | 0.500000000 | 0.500000000 | 0.500000000 | 0.500000000 | 0.500000000 | 0.500000000 | 0.500000000 | 0.500000000 | 0.500000000 | 0.500000000 | 0.500000000 | 0.500000000 | 0.500000000 |
94s | 0.500000000 | 0.500000000 | 0.500000000 | 0.500000000 | 0.500000000 | 0.500000000 | 0.500000000 | 0.500000000 | 0.500000000 | 0.500000000 | 0.500000000 | 0.500000000 | 0.500000000 | 0.500000000 |
95o | 0.500000000 | 0.500000000 | 0.500000000 | 0.500000000 | 0.500000000 | 0.500000000 | 0.500000000 | 0.500000000 | 0.500000000 | 0.500000000 | 0.500000000 | 0.500000000 | 0.500000000 | 0.500000000 |
95s | 0.500000000 | 0.500000000 | 0.500000000 | 0.500000000 | 0.500000000 | 0.500000000 | 0.500000000 | 0.500000000 | 0.500000000 | 0.500000000 | 0.500000000 | 0.500000000 | 0.500000000 | 0.500000000 |
96o | 0.500000000 | 0.500000000 | 0.500000000 | 0.500000000 | 0.500000000 | 0.500000000 | 0.500000000 | 0.500000000 | 0.500000000 | 0.500000000 | 0.500000000 | 0.500000000 | 0.500000000 | 0.500000000 |
96s | 0.500000000 | 0.500000000 | 0.500000000 | 0.500000000 | 0.500000000 | 0.500000000 | 0.500000000 | 0.500000000 | 0.500000000 | 0.500000000 | 0.500000000 | 0.500000000 | 0.500000000 | 0.500000000 |
97o | 0.500000000 | 0.500000000 | 0.500000000 | 0.500000000 | 0.500000000 | 0.500000000 | 0.500000000 | 0.500000000 | 0.500000000 | 0.500000000 | 0.500000000 | 0.500000000 | 0.500000000 | 0.500000000 |
97s | 0.500000000 | 0.500000000 | 0.500000000 | 0.500000000 | 0.500000000 | 0.500000000 | 0.500000000 | 0.500000000 | 0.500000000 | 0.500000000 | 0.500000000 | 0.500000000 | 0.500000000 | 0.500000000 |
98o | 0.500000000 | 0.500000000 | 0.500000000 | 0.500000000 | 0.500000000 | 0.500000000 | 0.500000000 | 0.500000000 | 0.500000000 | 0.500000000 | 0.500000000 | 0.500000000 | 0.500000000 | 0.500000000 |
98s | 0.500000000 | 0.500000000 | 0.500000000 | 0.500000000 | 0.500000000 | 0.500000000 | 0.500000000 | 0.500000000 | 0.500000000 | 0.500000000 | 0.500000000 | 0.500000000 | 0.500000000 | 0.500000000 |
99o | 0.500000000 | 0.500000000 | 0.500000000 | 0.500000000 | 0.500000000 | 0.500000000 | 0.500000000 | 0.500000000 | 0.500000000 | 0.500000000 | 0.500000000 | 0.500000000 | 0.500000000 | 0.500000000 |
T2o | 0.500000000 | 0.500000000 | 0.500000000 | 0.500000000 | 0.500000000 | 0.500000000 | 0.500000000 | 0.500000000 | 0.500000000 | 0.500000000 | 0.500000000 | 0.500000000 | 0.500000000 | 0.500000000 |
T2s | 0.500000000 | 0.500000000 | 0.500000000 | 0.500000000 | 0.500000000 | 0.500000000 | 0.500000000 | 0.500000000 | 0.500000000 | 0.500000000 | 0.500000000 | 0.500000000 | 0.500000000 | 0.500000000 |
T3o | 0.500000000 | 0.500000000 | 0.500000000 | 0.500000000 | 0.500000000 | 0.500000000 | 0.500000000 | 0.500000000 | 0.500000000 | 0.500000000 | 0.500000000 | 0.500000000 | 0.500000000 | 0.500000000 |
T3s | 0.500000000 | 0.500000000 | 0.500000000 | 0.500000000 | 0.500000000 | 0.500000000 | 0.500000000 | 0.500000000 | 0.500000000 | 0.500000000 | 0.500000000 | 0.500000000 | 0.500000000 | 0.500000000 |
T4o | 0.500000000 | 0.500000000 | 0.500000000 | 0.500000000 | 0.500000000 | 0.500000000 | 0.500000000 | 0.500000000 | 0.500000000 | 0.500000000 | 0.500000000 | 0.500000000 | 0.500000000 | 0.500000000 |
T4s | 0.500000000 | 0.500000000 | 0.500000000 | 0.500000000 | 0.500000000 | 0.500000000 | 0.500000000 | 0.500000000 | 0.500000000 | 0.500000000 | 0.500000000 | 0.500000000 | 0.500000000 | 0.500000000 |
T5o | 0.500000000 | 0.500000000 | 0.500000000 | 0.500000000 | 0.500000000 | 0.500000000 | 0.500000000 | 0.500000000 | 0.500000000 | 0.500000000 | 0.500000000 | 0.500000000 | 0.500000000 | 0.500000000 |
T5s | 0.500000000 | 0.500000000 | 0.500000000 | 0.500000000 | 0.500000000 | 0.500000000 | 0.500000000 | 0.500000000 | 0.500000000 | 0.500000000 | 0.500000000 | 0.500000000 | 0.500000000 | 0.500000000 |
T6o | 0.500000000 | 0.500000000 | 0.500000000 | 0.500000000 | 0.500000000 | 0.500000000 | 0.500000000 | 0.500000000 | 0.500000000 | 0.500000000 | 0.500000000 | 0.500000000 | 0.500000000 | 0.500000000 |
T6s | 0.500000000 | 0.500000000 | 0.500000000 | 0.500000000 | 0.500000000 | 0.500000000 | 0.500000000 | 0.500000000 | 0.500000000 | 0.500000000 | 0.500000000 | 0.500000000 | 0.500000000 | 0.500000000 |
T7o | 0.500000000 | 0.500000000 | 0.500000000 | 0.500000000 | 0.500000000 | 0.500000000 | 0.500000000 | 0.500000000 | 0.500000000 | 0.500000000 | 0.500000000 | 0.500000000 | 0.500000000 | 0.500000000 |
T7s | 0.500000000 | 0.500000000 | 0.500000000 | 0.500000000 | 0.500000000 | 0.500000000 | 0.500000000 | 0.500000000 | 0.500000000 | 0.500000000 | 0.500000000 | 0.500000000 | 0.500000000 | 0.500000000 |
T8o | 0.500000000 | 0.500000000 | 0.500000000 | 0.500000000 | 0.500000000 | 0.500000000 | 0.500000000 | 0.500000000 | 0.500000000 | 0.500000000 | 0.500000000 | 0.500000000 | 0.500000000 | 0.500000000 |
T8s | 0.500000000 | 0.500000000 | 0.500000000 | 0.500000000 | 0.500000000 | 0.500000000 | 0.500000000 | 0.500000000 | 0.500000000 | 0.500000000 | 0.500000000 | 0.500000000 | 0.500000000 | 0.500000000 |
T9o | 0.500000000 | 0.500000000 | 0.500000000 | 0.500000000 | 0.500000000 | 0.500000000 | 0.500000000 | 0.500000000 | 0.500000000 | 0.500000000 | 0.500000000 | 0.500000000 | 0.500000000 | 0.500000000 |
T9s | 0.500000000 | 0.500000000 | 0.500000000 | 0.500000000 | 0.500000000 | 0.500000000 | 0.500000000 | 0.500000000 | 0.500000000 | 0.500000000 | 0.500000000 | 0.500000000 | 0.500000000 | 0.500000000 |
TTo | 0.500000000 | 0.500000000 | 0.500000000 | 0.500000000 | 0.500000000 | 0.500000000 | 0.500000000 | 0.500000000 | 0.500000000 | 0.500000000 | 0.500000000 | 0.500000000 | 0.500000000 | 0.500000000 |
J2o | 0.500000000 | 0.500000000 | 0.500000000 | 0.500000000 | 0.500000000 | 0.500000000 | 0.500000000 | 0.500000000 | 0.500000000 | 0.500000000 | 0.500000000 | 0.500000000 | 0.500000000 | 0.500000000 |
J2s | 0.500000000 | 0.500000000 | 0.500000000 | 0.500000000 | 0.500000000 | 0.500000000 | 0.500000000 | 0.500000000 | 0.500000000 | 0.500000000 | 0.500000000 | 0.500000000 | 0.500000000 | 0.500000000 |
J3o | 0.500000000 | 0.500000000 | 0.500000000 | 0.500000000 | 0.500000000 | 0.500000000 | 0.500000000 | 0.500000000 | 0.500000000 | 0.500000000 | 0.500000000 | 0.500000000 | 0.500000000 | 0.500000000 |
J3s | 0.500000000 | 0.500000000 | 0.500000000 | 0.500000000 | 0.500000000 | 0.500000000 | 0.500000000 | 0.500000000 | 0.500000000 | 0.500000000 | 0.500000000 | 0.500000000 | 0.500000000 | 0.500000000 |
J4o | 0.500000000 | 0.500000000 | 0.500000000 | 0.500000000 | 0.500000000 | 0.500000000 | 0.500000000 | 0.500000000 | 0.500000000 | 0.500000000 | 0.500000000 | 0.500000000 | 0.500000000 | 0.500000000 |
J4s | 0.500000000 | 0.500000000 | 0.500000000 | 0.500000000 | 0.500000000 | 0.500000000 | 0.500000000 | 0.500000000 | 0.500000000 | 0.500000000 | 0.500000000 | 0.500000000 | 0.500000000 | 0.500000000 |
J5o | 0.500000000 | 0.500000000 | 0.500000000 | 0.500000000 | 0.500000000 | 0.500000000 | 0.500000000 | 0.500000000 | 0.500000000 | 0.500000000 | 0.500000000 | 0.500000000 | 0.500000000 | 0.500000000 |
J5s | 0.500000000 | 0.500000000 | 0.500000000 | 0.500000000 | 0.500000000 | 0.500000000 | 0.500000000 | 0.500000000 | 0.500000000 | 0.500000000 | 0.500000000 | 0.500000000 | 0.500000000 | 0.500000000 |
J6o | 0.500000000 | 0.500000000 | 0.500000000 | 0.500000000 | 0.500000000 | 0.500000000 | 0.500000000 | 0.500000000 | 0.500000000 | 0.500000000 | 0.500000000 | 0.500000000 | 0.500000000 | 0.500000000 |
J6s | 0.500000000 | 0.500000000 | 0.500000000 | 0.500000000 | 0.500000000 | 0.500000000 | 0.500000000 | 0.500000000 | 0.500000000 | 0.500000000 | 0.500000000 | 0.500000000 | 0.500000000 | 0.500000000 |
J7o | 0.500000000 | 0.500000000 | 0.500000000 | 0.500000000 | 0.500000000 | 0.500000000 | 0.500000000 | 0.500000000 | 0.500000000 | 0.500000000 | 0.500000000 | 0.500000000 | 0.500000000 | 0.500000000 |
J7s | 0.500000000 | 0.500000000 | 0.500000000 | 0.500000000 | 0.500000000 | 0.500000000 | 0.500000000 | 0.500000000 | 0.500000000 | 0.500000000 | 0.500000000 | 0.500000000 | 0.500000000 | 0.500000000 |
J8o | 0.500000000 | 0.500000000 | 0.500000000 | 0.500000000 | 0.500000000 | 0.500000000 | 0.500000000 | 0.500000000 | 0.500000000 | 0.500000000 | 0.500000000 | 0.500000000 | 0.500000000 | 0.500000000 |
J8s | 0.500000000 | 0.500000000 | 0.500000000 | 0.500000000 | 0.500000000 | 0.500000000 | 0.500000000 | 0.500000000 | 0.500000000 | 0.500000000 | 0.500000000 | 0.500000000 | 0.500000000 | 0.500000000 |
J9o | 0.500000000 | 0.500000000 | 0.500000000 | 0.500000000 | 0.500000000 | 0.500000000 | 0.500000000 | 0.500000000 | 0.500000000 | 0.500000000 | 0.500000000 | 0.500000000 | 0.500000000 | 0.500000000 |
J9s | 0.500000000 | 0.500000000 | 0.500000000 | 0.500000000 | 0.500000000 | 0.500000000 | 0.500000000 | 0.500000000 | 0.500000000 | 0.500000000 | 0.500000000 | 0.500000000 | 0.500000000 | 0.500000000 |
JTo | 0.500000000 | 0.500000000 | 0.500000000 | 0.500000000 | 0.500000000 | 0.500000000 | 0.500000000 | 0.500000000 | 0.500000000 | 0.500000000 | 0.500000000 | 0.500000000 | 0.500000000 | 0.500000000 |
JTs | 0.500000000 | 0.500000000 | 0.500000000 | 0.500000000 | 0.500000000 | 0.500000000 | 0.500000000 | 0.500000000 | 0.500000000 | 0.500000000 | 0.500000000 | 0.500000000 | 0.500000000 | 0.500000000 |
JJo | 0.500000000 | 0.500000000 | 0.500000000 | 0.500000000 | 0.500000000 | 0.500000000 | 0.500000000 | 0.500000000 | 0.500000000 | 0.500000000 | 0.500000000 | 0.500000000 | 0.500000000 | 0.500000000 |
Q2o | 0.500000000 | 0.500000000 | 0.500000000 | 0.500000000 | 0.500000000 | 0.500000000 | 0.500000000 | 0.500000000 | 0.500000000 | 0.500000000 | 0.500000000 | 0.500000000 | 0.500000000 | 0.500000000 |
Q2s | 0.500000000 | 0.500000000 | 0.500000000 | 0.500000000 | 0.500000000 | 0.500000000 | 0.500000000 | 0.500000000 | 0.500000000 | 0.500000000 | 0.500000000 | 0.500000000 | 0.500000000 | 0.500000000 |
Q3o | 0.500000000 | 0.500000000 | 0.500000000 | 0.500000000 | 0.500000000 | 0.500000000 | 0.500000000 | 0.500000000 | 0.500000000 | 0.500000000 | 0.500000000 | 0.500000000 | 0.500000000 | 0.500000000 |
Q3s | 0.500000000 | 0.500000000 | 0.500000000 | 0.500000000 | 0.500000000 | 0.500000000 | 0.500000000 | 0.500000000 | 0.500000000 | 0.500000000 | 0.500000000 | 0.500000000 | 0.500000000 | 0.500000000 |
Q4o | 0.500000000 | 0.500000000 | 0.500000000 | 0.500000000 | 0.500000000 | 0.500000000 | 0.500000000 | 0.500000000 | 0.500000000 | 0.500000000 | 0.500000000 | 0.500000000 | 0.500000000 | 0.500000000 |
Q4s | 0.500000000 | 0.500000000 | 0.500000000 | 0.500000000 | 0.500000000 | 0.500000000 | 0.500000000 | 0.500000000 | 0.500000000 | 0.500000000 | 0.500000000 | 0.500000000 | 0.500000000 | 0.500000000 |
Q5o | 0.500000000 | 0.500000000 | 0.500000000 | 0.500000000 | 0.500000000 | 0.500000000 | 0.500000000 | 0.500000000 | 0.500000000 | 0.500000000 | 0.500000000 | 0.500000000 | 0.500000000 | 0.500000000 |
Q5s | 0.500000000 | 0.500000000 | 0.500000000 | 0.500000000 | 0.500000000 | 0.500000000 | 0.500000000 | 0.500000000 | 0.500000000 | 0.500000000 | 0.500000000 | 0.500000000 | 0.500000000 | 0.500000000 |
Q6o | 0.500000000 | 0.500000000 | 0.500000000 | 0.500000000 | 0.500000000 | 0.500000000 | 0.500000000 | 0.500000000 | 0.500000000 | 0.500000000 | 0.500000000 | 0.500000000 | 0.500000000 | 0.500000000 |
Q6s | 0.500000000 | 0.500000000 | 0.500000000 | 0.500000000 | 0.500000000 | 0.500000000 | 0.500000000 | 0.500000000 | 0.500000000 | 0.500000000 | 0.500000000 | 0.500000000 | 0.500000000 | 0.500000000 |
Q7o | 0.500000000 | 0.500000000 | 0.500000000 | 0.500000000 | 0.500000000 | 0.500000000 | 0.500000000 | 0.500000000 | 0.500000000 | 0.500000000 | 0.500000000 | 0.500000000 | 0.500000000 | 0.500000000 |
Q7s | 0.500000000 | 0.500000000 | 0.500000000 | 0.500000000 | 0.500000000 | 0.500000000 | 0.500000000 | 0.500000000 | 0.500000000 | 0.500000000 | 0.500000000 | 0.500000000 | 0.500000000 | 0.500000000 |
Q8o | 0.500000000 | 0.500000000 | 0.500000000 | 0.500000000 | 0.500000000 | 0.500000000 | 0.500000000 | 0.500000000 | 0.500000000 | 0.500000000 | 0.500000000 | 0.500000000 | 0.500000000 | 0.500000000 |
Q8s | 0.500000000 | 0.500000000 | 0.500000000 | 0.500000000 | 0.500000000 | 0.500000000 | 0.500000000 | 0.500000000 | 0.500000000 | 0.500000000 | 0.500000000 | 0.500000000 | 0.500000000 | 0.500000000 |
Q9o | 0.500000000 | 0.500000000 | 0.500000000 | 0.500000000 | 0.500000000 | 0.500000000 | 0.500000000 | 0.500000000 | 0.500000000 | 0.500000000 | 0.500000000 | 0.500000000 | 0.500000000 | 0.500000000 |
Q9s | 0.500000000 | 0.500000000 | 0.500000000 | 0.500000000 | 0.500000000 | 0.500000000 | 0.500000000 | 0.500000000 | 0.500000000 | 0.500000000 | 0.500000000 | 0.500000000 | 0.500000000 | 0.500000000 |
QTo | 0.500000000 | 0.500000000 | 0.500000000 | 0.500000000 | 0.500000000 | 0.500000000 | 0.500000000 | 0.500000000 | 0.500000000 | 0.500000000 | 0.500000000 | 0.500000000 | 0.500000000 | 0.500000000 |
QTs | 0.500000000 | 0.500000000 | 0.500000000 | 0.500000000 | 0.500000000 | 0.500000000 | 0.500000000 | 0.500000000 | 0.500000000 | 0.500000000 | 0.500000000 | 0.500000000 | 0.500000000 | 0.500000000 |
QJo | 0.500000000 | 0.500000000 | 0.500000000 | 0.500000000 | 0.500000000 | 0.500000000 | 0.500000000 | 0.500000000 | 0.500000000 | 0.500000000 | 0.500000000 | 0.500000000 | 0.500000000 | 0.500000000 |
QJs | 0.500000000 | 0.500000000 | 0.500000000 | 0.500000000 | 0.500000000 | 0.500000000 | 0.500000000 | 0.500000000 | 0.500000000 | 0.500000000 | 0.500000000 | 0.500000000 | 0.500000000 | 0.500000000 |
QQo | 0.500000000 | 0.500000000 | 0.500000000 | 0.500000000 | 0.500000000 | 0.500000000 | 0.500000000 | 0.500000000 | 0.500000000 | 0.500000000 | 0.500000000 | 0.500000000 | 0.500000000 | 0.500000000 |
K2o | 0.500000000 | 0.500000000 | 0.500000000 | 0.500000000 | 0.500000000 | 0.500000000 | 0.500000000 | 0.500000000 | 0.500000000 | 0.500000000 | 0.500000000 | 0.500000000 | 0.500000000 | 0.500000000 |
K2s | 0.500000000 | 0.500000000 | 0.500000000 | 0.500000000 | 0.500000000 | 0.500000000 | 0.500000000 | 0.500000000 | 0.500000000 | 0.500000000 | 0.500000000 | 0.500000000 | 0.500000000 | 0.500000000 |
K3o | 0.500000000 | 0.500000000 | 0.500000000 | 0.500000000 | 0.500000000 | 0.500000000 | 0.500000000 | 0.500000000 | 0.500000000 | 0.500000000 | 0.500000000 | 0.500000000 | 0.500000000 | 0.500000000 |
K3s | 0.500000000 | 0.500000000 | 0.500000000 | 0.500000000 | 0.500000000 | 0.500000000 | 0.500000000 | 0.500000000 | 0.500000000 | 0.500000000 | 0.500000000 | 0.500000000 | 0.500000000 | 0.500000000 |
K4o | 0.500000000 | 0.500000000 | 0.500000000 | 0.500000000 | 0.500000000 | 0.500000000 | 0.500000000 | 0.500000000 | 0.500000000 | 0.500000000 | 0.500000000 | 0.500000000 | 0.500000000 | 0.500000000 |
K4s | 0.500000000 | 0.500000000 | 0.500000000 | 0.500000000 | 0.500000000 | 0.500000000 | 0.500000000 | 0.500000000 | 0.500000000 | 0.500000000 | 0.500000000 | 0.500000000 | 0.500000000 | 0.500000000 |
K5o | 0.500000000 | 0.500000000 | 0.500000000 | 0.500000000 | 0.500000000 | 0.500000000 | 0.500000000 | 0.500000000 | 0.500000000 | 0.500000000 | 0.500000000 | 0.500000000 | 0.500000000 | 0.500000000 |
K5s | 0.500000000 | 0.500000000 | 0.500000000 | 0.500000000 | 0.500000000 | 0.500000000 | 0.500000000 | 0.500000000 | 0.500000000 | 0.500000000 | 0.500000000 | 0.500000000 | 0.500000000 | 0.500000000 |
K6o | 0.500000000 | 0.500000000 | 0.500000000 | 0.500000000 | 0.500000000 | 0.500000000 | 0.500000000 | 0.500000000 | 0.500000000 | 0.500000000 | 0.500000000 | 0.500000000 | 0.500000000 | 0.500000000 |
K6s | 0.500000000 | 0.500000000 | 0.500000000 | 0.500000000 | 0.500000000 | 0.500000000 | 0.500000000 | 0.500000000 | 0.500000000 | 0.500000000 | 0.500000000 | 0.500000000 | 0.500000000 | 0.500000000 |
K7o | 0.500000000 | 0.500000000 | 0.500000000 | 0.500000000 | 0.500000000 | 0.500000000 | 0.500000000 | 0.500000000 | 0.500000000 | 0.500000000 | 0.500000000 | 0.500000000 | 0.500000000 | 0.500000000 |
K7s | 0.500000000 | 0.500000000 | 0.500000000 | 0.500000000 | 0.500000000 | 0.500000000 | 0.500000000 | 0.500000000 | 0.500000000 | 0.500000000 | 0.500000000 | 0.500000000 | 0.500000000 | 0.500000000 |
K8o | 0.500000000 | 0.500000000 | 0.500000000 | 0.500000000 | 0.500000000 | 0.500000000 | 0.500000000 | 0.500000000 | 0.500000000 | 0.500000000 | 0.500000000 | 0.500000000 | 0.500000000 | 0.500000000 |
K8s | 0.500000000 | 0.500000000 | 0.500000000 | 0.500000000 | 0.500000000 | 0.500000000 | 0.500000000 | 0.500000000 | 0.500000000 | 0.500000000 | 0.500000000 | 0.500000000 | 0.500000000 | 0.500000000 |
K9o | 0.500000000 | 0.500000000 | 0.500000000 | 0.500000000 | 0.500000000 | 0.500000000 | 0.500000000 | 0.500000000 | 0.500000000 | 0.500000000 | 0.500000000 | 0.500000000 | 0.500000000 | 0.500000000 |
K9s | 0.500000000 | 0.500000000 | 0.500000000 | 0.500000000 | 0.500000000 | 0.500000000 | 0.500000000 | 0.500000000 | 0.500000000 | 0.500000000 | 0.500000000 | 0.500000000 | 0.500000000 | 0.500000000 |
KTo | 0.500000000 | 0.500000000 | 0.500000000 | 0.500000000 | 0.500000000 | 0.500000000 | 0.500000000 | 0.500000000 | 0.500000000 | 0.500000000 | 0.500000000 | 0.500000000 | 0.500000000 | 0.500000000 |
KTs | 0.500000000 | 0.500000000 | 0.500000000 | 0.500000000 | 0.500000000 | 0.500000000 | 0.500000000 | 0.500000000 | 0.500000000 | 0.500000000 | 0.500000000 | 0.500000000 | 0.500000000 | 0.500000000 |
KJo | 0.500000000 | 0.500000000 | 0.500000000 | 0.500000000 | 0.500000000 | 0.500000000 | 0.500000000 | 0.500000000 | 0.500000000 | 0.500000000 | 0.500000000 | 0.500000000 | 0.500000000 | 0.500000000 |
KJs | 0.500000000 | 0.500000000 | 0.500000000 | 0.500000000 | 0.500000000 | 0.500000000 | 0.500000000 | 0.500000000 | 0.500000000 | 0.500000000 | 0.500000000 | 0.500000000 | 0.500000000 | 0.500000000 |
KQo | 0.500000000 | 0.500000000 | 0.500000000 | 0.500000000 | 0.500000000 | 0.500000000 | 0.500000000 | 0.500000000 | 0.500000000 | 0.500000000 | 0.500000000 | 0.500000000 | 0.500000000 | 0.500000000 |
KQs | 0.500000000 | 0.500000000 | 0.500000000 | 0.500000000 | 0.500000000 | 0.500000000 | 0.500000000 | 0.500000000 | 0.500000000 | 0.500000000 | 0.500000000 | 0.500000000 | 0.500000000 | 0.500000000 |
KKo | 0.500000000 | 0.500000000 | 0.500000000 | 0.500000000 | 0.500000000 | 0.500000000 | 0.500000000 | 0.500000000 | 0.500000000 | 0.500000000 | 0.500000000 | 0.500000000 | 0.500000000 | 0.500000000 |
A2o | 0.500000000 | 0.500000000 | 0.500000000 | 0.500000000 | 0.500000000 | 0.500000000 | 0.500000000 | 0.500000000 | 0.500000000 | 0.500000000 | 0.500000000 | 0.500000000 | 0.500000000 | 0.500000000 |
A2s | 0.500000000 | 0.500000000 | 0.500000000 | 0.500000000 | 0.500000000 | 0.500000000 | 0.500000000 | 0.500000000 | 0.500000000 | 0.500000000 | 0.500000000 | 0.500000000 | 0.500000000 | 0.500000000 |
A3o | 0.500000000 | 0.500000000 | 0.500000000 | 0.500000000 | 0.500000000 | 0.500000000 | 0.500000000 | 0.500000000 | 0.500000000 | 0.500000000 | 0.500000000 | 0.500000000 | 0.500000000 | 0.500000000 |
A3s | 0.500000000 | 0.500000000 | 0.500000000 | 0.500000000 | 0.500000000 | 0.500000000 | 0.500000000 | 0.500000000 | 0.500000000 | 0.500000000 | 0.500000000 | 0.500000000 | 0.500000000 | 0.500000000 |
A4o | 0.500000000 | 0.500000000 | 0.500000000 | 0.500000000 | 0.500000000 | 0.500000000 | 0.500000000 | 0.500000000 | 0.500000000 | 0.500000000 | 0.500000000 | 0.500000000 | 0.500000000 | 0.500000000 |
A4s | 0.500000000 | 0.500000000 | 0.500000000 | 0.500000000 | 0.500000000 | 0.500000000 | 0.500000000 | 0.500000000 | 0.500000000 | 0.500000000 | 0.500000000 | 0.500000000 | 0.500000000 | 0.500000000 |
A5o | 0.500000000 | 0.500000000 | 0.500000000 | 0.500000000 | 0.500000000 | 0.500000000 | 0.500000000 | 0.500000000 | 0.500000000 | 0.500000000 | 0.500000000 | 0.500000000 | 0.500000000 | 0.500000000 |
A5s | 0.500000000 | 0.500000000 | 0.500000000 | 0.500000000 | 0.500000000 | 0.500000000 | 0.500000000 | 0.500000000 | 0.500000000 | 0.500000000 | 0.500000000 | 0.500000000 | 0.500000000 | 0.500000000 |
A6o | 0.500000000 | 0.500000000 | 0.500000000 | 0.500000000 | 0.500000000 | 0.500000000 | 0.500000000 | 0.500000000 | 0.500000000 | 0.500000000 | 0.500000000 | 0.500000000 | 0.500000000 | 0.500000000 |
A6s | 0.500000000 | 0.500000000 | 0.500000000 | 0.500000000 | 0.500000000 | 0.500000000 | 0.500000000 | 0.500000000 | 0.500000000 | 0.500000000 | 0.500000000 | 0.500000000 | 0.500000000 | 0.500000000 |
A7o | 0.500000000 | 0.500000000 | 0.500000000 | 0.500000000 | 0.500000000 | 0.500000000 | 0.500000000 | 0.500000000 | 0.500000000 | 0.500000000 | 0.500000000 | 0.500000000 | 0.500000000 | 0.500000000 |
A7s | 0.500000000 | 0.500000000 | 0.500000000 | 0.500000000 | 0.500000000 | 0.500000000 | 0.500000000 | 0.500000000 | 0.500000000 | 0.500000000 | 0.500000000 | 0.500000000 | 0.500000000 | 0.500000000 |
A8o | 0.500000000 | 0.500000000 | 0.500000000 | 0.500000000 | 0.500000000 | 0.500000000 | 0.500000000 | 0.500000000 | 0.500000000 | 0.500000000 | 0.500000000 | 0.500000000 | 0.500000000 | 0.500000000 |
A8s | 0.500000000 | 0.500000000 | 0.500000000 | 0.500000000 | 0.500000000 | 0.500000000 | 0.500000000 | 0.500000000 | 0.500000000 | 0.500000000 | 0.500000000 | 0.500000000 | 0.500000000 | 0.500000000 |
A9o | 0.500000000 | 0.500000000 | 0.500000000 | 0.500000000 | 0.500000000 | 0.500000000 | 0.500000000 | 0.500000000 | 0.500000000 | 0.500000000 | 0.500000000 | 0.500000000 | 0.500000000 | 0.500000000 |
A9s | 0.500000000 | 0.500000000 | 0.500000000 | 0.500000000 | 0.500000000 | 0.500000000 | 0.500000000 | 0.500000000 | 0.500000000 | 0.500000000 | 0.500000000 | 0.500000000 | 0.500000000 | 0.500000000 |
ATo | 0.500000000 | 0.500000000 | 0.500000000 | 0.500000000 | 0.500000000 | 0.500000000 | 0.500000000 | 0.500000000 | 0.500000000 | 0.500000000 | 0.500000000 | 0.500000000 | 0.500000000 | 0.500000000 |
ATs | 0.500000000 | 0.500000000 | 0.500000000 | 0.500000000 | 0.500000000 | 0.500000000 | 0.500000000 | 0.500000000 | 0.500000000 | 0.500000000 | 0.500000000 | 0.500000000 | 0.500000000 | 0.500000000 |
AJo | 0.500000000 | 0.500000000 | 0.500000000 | 0.500000000 | 0.500000000 | 0.500000000 | 0.500000000 | 0.500000000 | 0.500000000 | 0.500000000 | 0.500000000 | 0.500000000 | 0.500000000 | 0.500000000 |
AJs | 0.500000000 | 0.500000000 | 0.500000000 | 0.500000000 | 0.500000000 | 0.500000000 | 0.500000000 | 0.500000000 | 0.500000000 | 0.500000000 | 0.500000000 | 0.500000000 | 0.500000000 | 0.500000000 |
AQo | 0.500000000 | 0.500000000 | 0.500000000 | 0.500000000 | 0.500000000 | 0.500000000 | 0.500000000 | 0.500000000 | 0.500000000 | 0.500000000 | 0.500000000 | 0.500000000 | 0.500000000 | 0.500000000 |
AQs | 0.500000000 | 0.500000000 | 0.500000000 | 0.500000000 | 0.500000000 | 0.500000000 | 0.500000000 | 0.500000000 | 0.500000000 | 0.500000000 | 0.500000000 | 0.500000000 | 0.500000000 | 0.500000000 |
AKo | 0.500000000 | 0.500000000 | 0.500000000 | 0.500000000 | 0.500000000 | 0.500000000 | 0.500000000 | 0.500000000 | 0.500000000 | 0.500000000 | 0.500000000 | 0.500000000 | 0.500000000 | 0.500000000 |
AKs | 0.500000000 | 0.500000000 | 0.500000000 | 0.500000000 | 0.500000000 | 0.500000000 | 0.500000000 | 0.500000000 | 0.500000000 | 0.500000000 | 0.500000000 | 0.500000000 | 0.500000000 | 0.500000000 |
AAo | 0.500000000 | 0.500000000 | 0.500000000 | 0.500000000 | 0.500000000 | 0.500000000 | 0.500000000 | 0.500000000 | 0.500000000 | 0.500000000 | 0.500000000 | 0.500000000 | 0.500000000 | 0.500000000 |


Player ID: , Position: SmallBlind, Holding Cards: | 4♦ | T♠ | , Action: Fold, 
Best Hand: 3773, Money: -0.100000, Reward: -0.100000
MWU Agent, Beta: 0.950000, T: 100
    |     CO      |     DE      |    DE_CO    |     SB      |    SB_CO    |    SB_DE    |  SB_CO_DE   |    BB_CO    |    BB_DE    |    BB_SB    |  BB_CO_DE   |  BB_CO_SB   |  BB_DE_SB   | BB_CO_DE_SB |
22o | 0.500000000 | 0.500000000 | 0.500000000 | 0.500000000 | 0.500000000 | 0.500000000 | 0.500000000 | 0.500000000 | 0.500000000 | 0.500000000 | 0.500000000 | 0.500000000 | 0.500000000 | 0.500000000 |
32o | 0.500000000 | 0.500000000 | 0.500000000 | 0.500000000 | 0.500000000 | 0.500000000 | 0.500000000 | 0.500000000 | 0.500000000 | 0.500000000 | 0.500000000 | 0.500000000 | 0.500000000 | 0.500000000 |
32s | 0.500000000 | 0.500000000 | 0.500000000 | 0.500000000 | 0.500000000 | 0.500000000 | 0.500000000 | 0.500000000 | 0.500000000 | 0.500000000 | 0.500000000 | 0.500000000 | 0.500000000 | 0.500000000 |
33o | 0.500000000 | 0.500000000 | 0.500000000 | 0.500000000 | 0.500000000 | 0.500000000 | 0.500000000 | 0.500000000 | 0.500000000 | 0.500000000 | 0.500000000 | 0.500000000 | 0.500000000 | 0.500000000 |
42o | 0.500000000 | 0.500000000 | 0.500000000 | 0.500000000 | 0.500000000 | 0.500000000 | 0.500000000 | 0.500000000 | 0.500000000 | 0.500000000 | 0.500000000 | 0.500000000 | 0.500000000 | 0.500000000 |
42s | 0.500000000 | 0.500000000 | 0.500000000 | 0.500000000 | 0.500000000 | 0.500000000 | 0.500000000 | 0.500000000 | 0.500000000 | 0.500000000 | 0.500000000 | 0.500000000 | 0.500000000 | 0.500000000 |
43o | 0.500000000 | 0.500000000 | 0.500000000 | 0.500000000 | 0.500000000 | 0.500000000 | 0.500000000 | 0.500000000 | 0.500000000 | 0.500000000 | 0.500000000 | 0.500000000 | 0.500000000 | 0.500000000 |
43s | 0.500000000 | 0.500000000 | 0.500000000 | 0.500000000 | 0.500000000 | 0.500000000 | 0.500000000 | 0.500000000 | 0.500000000 | 0.500000000 | 0.500000000 | 0.500000000 | 0.500000000 | 0.500000000 |
44o | 0.500000000 | 0.500000000 | 0.500000000 | 0.500000000 | 0.500000000 | 0.500000000 | 0.500000000 | 0.500000000 | 0.500000000 | 0.500000000 | 0.500000000 | 0.500000000 | 0.500000000 | 0.500000000 |
52o | 0.500000000 | 0.500000000 | 0.500000000 | 0.500000000 | 0.500000000 | 0.500000000 | 0.500000000 | 0.500000000 | 0.500000000 | 0.500000000 | 0.500000000 | 0.500000000 | 0.500000000 | 0.500000000 |
52s | 0.500000000 | 0.500000000 | 0.500000000 | 0.500000000 | 0.500000000 | 0.500000000 | 0.500000000 | 0.500000000 | 0.500000000 | 0.500000000 | 0.500000000 | 0.500000000 | 0.500000000 | 0.500000000 |
53o | 0.500000000 | 0.500000000 | 0.500000000 | 0.500000000 | 0.500000000 | 0.500000000 | 0.500000000 | 0.500000000 | 0.500000000 | 0.500000000 | 0.500000000 | 0.500000000 | 0.500000000 | 0.500000000 |
53s | 0.500000000 | 0.500000000 | 0.500000000 | 0.500000000 | 0.500000000 | 0.500000000 | 0.500000000 | 0.500000000 | 0.500000000 | 0.500000000 | 0.500000000 | 0.500000000 | 0.500000000 | 0.500000000 |
54o | 0.500000000 | 0.500000000 | 0.500000000 | 0.500000000 | 0.500000000 | 0.500000000 | 0.500000000 | 0.500000000 | 0.500000000 | 0.500000000 | 0.500000000 | 0.500000000 | 0.500000000 | 0.500000000 |
54s | 0.500000000 | 0.500000000 | 0.500000000 | 0.500000000 | 0.500000000 | 0.500000000 | 0.500000000 | 0.500000000 | 0.500000000 | 0.500000000 | 0.500000000 | 0.500000000 | 0.500000000 | 0.500000000 |
55o | 0.500000000 | 0.500000000 | 0.500000000 | 0.500000000 | 0.500000000 | 0.500000000 | 0.500000000 | 0.500000000 | 0.500000000 | 0.500000000 | 0.500000000 | 0.500000000 | 0.500000000 | 0.500000000 |
62o | 0.500000000 | 0.500000000 | 0.500000000 | 0.500000000 | 0.500000000 | 0.500000000 | 0.500000000 | 0.500000000 | 0.500000000 | 0.500000000 | 0.500000000 | 0.500000000 | 0.500000000 | 0.500000000 |
62s | 0.500000000 | 0.500000000 | 0.500000000 | 0.500000000 | 0.500000000 | 0.500000000 | 0.500000000 | 0.500000000 | 0.500000000 | 0.500000000 | 0.500000000 | 0.500000000 | 0.500000000 | 0.500000000 |
63o | 0.500000000 | 0.500000000 | 0.500000000 | 0.500000000 | 0.500000000 | 0.500000000 | 0.500000000 | 0.500000000 | 0.500000000 | 0.500000000 | 0.500000000 | 0.500000000 | 0.500000000 | 0.500000000 |
63s | 0.500000000 | 0.500000000 | 0.500000000 | 0.500000000 | 0.500000000 | 0.500000000 | 0.500000000 | 0.500000000 | 0.500000000 | 0.500000000 | 0.500000000 | 0.500000000 | 0.500000000 | 0.500000000 |
64o | 0.500000000 | 0.500000000 | 0.500000000 | 0.500000000 | 0.500000000 | 0.500000000 | 0.500000000 | 0.500000000 | 0.500000000 | 0.500000000 | 0.500000000 | 0.500000000 | 0.500000000 | 0.500000000 |
64s | 0.500000000 | 0.500000000 | 0.500000000 | 0.500000000 | 0.500000000 | 0.500000000 | 0.500000000 | 0.500000000 | 0.500000000 | 0.500000000 | 0.500000000 | 0.500000000 | 0.500000000 | 0.500000000 |
65o | 0.500000000 | 0.500000000 | 0.500000000 | 0.500000000 | 0.500000000 | 0.500000000 | 0.500000000 | 0.500000000 | 0.500000000 | 0.500000000 | 0.500000000 | 0.500000000 | 0.500000000 | 0.500000000 |
65s | 0.500000000 | 0.500000000 | 0.500000000 | 0.500000000 | 0.500000000 | 0.500000000 | 0.500000000 | 0.500000000 | 0.500000000 | 0.500000000 | 0.500000000 | 0.500000000 | 0.500000000 | 0.500000000 |
66o | 0.500000000 | 0.500000000 | 0.500000000 | 0.500000000 | 0.500000000 | 0.500000000 | 0.500000000 | 0.500000000 | 0.500000000 | 0.500000000 | 0.500000000 | 0.500000000 | 0.500000000 | 0.500000000 |
72o | 0.500000000 | 0.500000000 | 0.500000000 | 0.500000000 | 0.500000000 | 0.500000000 | 0.500000000 | 0.500000000 | 0.500000000 | 0.500000000 | 0.500000000 | 0.500000000 | 0.500000000 | 0.500000000 |
72s | 0.500000000 | 0.500000000 | 0.500000000 | 0.500000000 | 0.500000000 | 0.500000000 | 0.500000000 | 0.500000000 | 0.500000000 | 0.500000000 | 0.500000000 | 0.500000000 | 0.500000000 | 0.500000000 |
73o | 0.500000000 | 0.500000000 | 0.500000000 | 0.500000000 | 0.500000000 | 0.500000000 | 0.500000000 | 0.500000000 | 0.500000000 | 0.500000000 | 0.500000000 | 0.500000000 | 0.500000000 | 0.500000000 |
73s | 0.500000000 | 0.500000000 | 0.500000000 | 0.500000000 | 0.500000000 | 0.500000000 | 0.500000000 | 0.500000000 | 0.500000000 | 0.500000000 | 0.500000000 | 0.500000000 | 0.500000000 | 0.500000000 |
74o | 0.500000000 | 0.500000000 | 0.500000000 | 0.500000000 | 0.500000000 | 0.500000000 | 0.500000000 | 0.500000000 | 0.500000000 | 0.500000000 | 0.500000000 | 0.500000000 | 0.500000000 | 0.500000000 |
74s | 0.500000000 | 0.500000000 | 0.500000000 | 0.500000000 | 0.500000000 | 0.500000000 | 0.500000000 | 0.500000000 | 0.500000000 | 0.500000000 | 0.500000000 | 0.500000000 | 0.500000000 | 0.500000000 |
75o | 0.500000000 | 0.500000000 | 0.500000000 | 0.500000000 | 0.500000000 | 0.500000000 | 0.500000000 | 0.500000000 | 0.500000000 | 0.500000000 | 0.500000000 | 0.500000000 | 0.500000000 | 0.500000000 |
75s | 0.500000000 | 0.500000000 | 0.500000000 | 0.500000000 | 0.500000000 | 0.500000000 | 0.500000000 | 0.500000000 | 0.500000000 | 0.500000000 | 0.500000000 | 0.500000000 | 0.500000000 | 0.500000000 |
76o | 0.500000000 | 0.500000000 | 0.500000000 | 0.500000000 | 0.500000000 | 0.500000000 | 0.500000000 | 0.500000000 | 0.500000000 | 0.500000000 | 0.500000000 | 0.500000000 | 0.500000000 | 0.500000000 |
76s | 0.500000000 | 0.500000000 | 0.500000000 | 0.500000000 | 0.500000000 | 0.500000000 | 0.500000000 | 0.500000000 | 0.500000000 | 0.500000000 | 0.500000000 | 0.500000000 | 0.500000000 | 0.500000000 |
77o | 0.500000000 | 0.500000000 | 0.500000000 | 0.500000000 | 0.500000000 | 0.500000000 | 0.500000000 | 0.500000000 | 0.500000000 | 0.500000000 | 0.500000000 | 0.500000000 | 0.500000000 | 0.500000000 |
82o | 0.500000000 | 0.500000000 | 0.500000000 | 0.500000000 | 0.500000000 | 0.500000000 | 0.500000000 | 0.500000000 | 0.500000000 | 0.500000000 | 0.500000000 | 0.500000000 | 0.500000000 | 0.500000000 |
82s | 0.500000000 | 0.500000000 | 0.500000000 | 0.500000000 | 0.500000000 | 0.500000000 | 0.500000000 | 0.500000000 | 0.500000000 | 0.500000000 | 0.500000000 | 0.500000000 | 0.500000000 | 0.500000000 |
83o | 0.500000000 | 0.500000000 | 0.500000000 | 0.500000000 | 0.500000000 | 0.500000000 | 0.500000000 | 0.500000000 | 0.500000000 | 0.500000000 | 0.500000000 | 0.500000000 | 0.500000000 | 0.500000000 |
83s | 0.500000000 | 0.500000000 | 0.500000000 | 0.500000000 | 0.500000000 | 0.500000000 | 0.500000000 | 0.500000000 | 0.500000000 | 0.500000000 | 0.500000000 | 0.500000000 | 0.500000000 | 0.500000000 |
84o | 0.500000000 | 0.500000000 | 0.500000000 | 0.500000000 | 0.500000000 | 0.500000000 | 0.500000000 | 0.500000000 | 0.500000000 | 0.500000000 | 0.500000000 | 0.500000000 | 0.500000000 | 0.500000000 |
84s | 0.500000000 | 0.500000000 | 0.500000000 | 0.500000000 | 0.500000000 | 0.500000000 | 0.500000000 | 0.500000000 | 0.500000000 | 0.500000000 | 0.500000000 | 0.500000000 | 0.500000000 | 0.500000000 |
85o | 0.500000000 | 0.500000000 | 0.500000000 | 0.500000000 | 0.500000000 | 0.500000000 | 0.500000000 | 0.500000000 | 0.500000000 | 0.500000000 | 0.500000000 | 0.500000000 | 0.500000000 | 0.500000000 |
85s | 0.500000000 | 0.500000000 | 0.500000000 | 0.500000000 | 0.500000000 | 0.500000000 | 0.500000000 | 0.500000000 | 0.500000000 | 0.500000000 | 0.500000000 | 0.500000000 | 0.500000000 | 0.500000000 |
86o | 0.500000000 | 0.500000000 | 0.500000000 | 0.500000000 | 0.500000000 | 0.500000000 | 0.500000000 | 0.500000000 | 0.500000000 | 0.500000000 | 0.500000000 | 0.500000000 | 0.500000000 | 0.500000000 |
86s | 0.500000000 | 0.500000000 | 0.500000000 | 0.500000000 | 0.500000000 | 0.500000000 | 0.500000000 | 0.500000000 | 0.500000000 | 0.500000000 | 0.500000000 | 0.500000000 | 0.500000000 | 0.500000000 |
87o | 0.500000000 | 0.500000000 | 0.500000000 | 0.500000000 | 0.500000000 | 0.500000000 | 0.500000000 | 0.500000000 | 0.500000000 | 0.500000000 | 0.500000000 | 0.500000000 | 0.500000000 | 0.500000000 |
87s | 0.500000000 | 0.500000000 | 0.500000000 | 0.500000000 | 0.500000000 | 0.500000000 | 0.500000000 | 0.500000000 | 0.500000000 | 0.500000000 | 0.500000000 | 0.500000000 | 0.500000000 | 0.500000000 |
88o | 0.500000000 | 0.500000000 | 0.500000000 | 0.500000000 | 0.500000000 | 0.500000000 | 0.500000000 | 0.500000000 | 0.500000000 | 0.500000000 | 0.500000000 | 0.500000000 | 0.500000000 | 0.500000000 |
92o | 0.500000000 | 0.500000000 | 0.500000000 | 0.500000000 | 0.500000000 | 0.500000000 | 0.500000000 | 0.500000000 | 0.500000000 | 0.500000000 | 0.500000000 | 0.500000000 | 0.500000000 | 0.500000000 |
92s | 0.500000000 | 0.500000000 | 0.500000000 | 0.500000000 | 0.500000000 | 0.500000000 | 0.500000000 | 0.500000000 | 0.500000000 | 0.500000000 | 0.500000000 | 0.500000000 | 0.500000000 | 0.500000000 |
93o | 0.500000000 | 0.500000000 | 0.500000000 | 0.500000000 | 0.500000000 | 0.500000000 | 0.500000000 | 0.500000000 | 0.500000000 | 0.500000000 | 0.500000000 | 0.500000000 | 0.500000000 | 0.500000000 |
93s | 0.500000000 | 0.500000000 | 0.500000000 | 0.500000000 | 0.500000000 | 0.500000000 | 0.500000000 | 0.500000000 | 0.500000000 | 0.500000000 | 0.500000000 | 0.500000000 | 0.500000000 | 0.500000000 |
94o | 0.500000000 | 0.500000000 | 0.500000000 | 0.500000000 | 0.500000000 | 0.500000000 | 0.500000000 | 0.500000000 | 0.500000000 | 0.500000000 | 0.500000000 | 0.500000000 | 0.500000000 | 0.500000000 |
94s | 0.500000000 | 0.500000000 | 0.500000000 | 0.500000000 | 0.500000000 | 0.500000000 | 0.500000000 | 0.500000000 | 0.500000000 | 0.500000000 | 0.500000000 | 0.500000000 | 0.500000000 | 0.500000000 |
95o | 0.500000000 | 0.500000000 | 0.500000000 | 0.500000000 | 0.500000000 | 0.500000000 | 0.500000000 | 0.500000000 | 0.500000000 | 0.500000000 | 0.500000000 | 0.500000000 | 0.500000000 | 0.500000000 |
95s | 0.500000000 | 0.500000000 | 0.500000000 | 0.500000000 | 0.500000000 | 0.500000000 | 0.500000000 | 0.500000000 | 0.500000000 | 0.500000000 | 0.500000000 | 0.500000000 | 0.500000000 | 0.500000000 |
96o | 0.500000000 | 0.500000000 | 0.500000000 | 0.500000000 | 0.500000000 | 0.500000000 | 0.500000000 | 0.500000000 | 0.500000000 | 0.500000000 | 0.500000000 | 0.500000000 | 0.500000000 | 0.500000000 |
96s | 0.500000000 | 0.500000000 | 0.500000000 | 0.500000000 | 0.500000000 | 0.500000000 | 0.500000000 | 0.500000000 | 0.500000000 | 0.500000000 | 0.500000000 | 0.500000000 | 0.500000000 | 0.500000000 |
97o | 0.500000000 | 0.500000000 | 0.500000000 | 0.500000000 | 0.500000000 | 0.500000000 | 0.500000000 | 0.500000000 | 0.500000000 | 0.500000000 | 0.500000000 | 0.500000000 | 0.500000000 | 0.500000000 |
97s | 0.500000000 | 0.500000000 | 0.500000000 | 0.500000000 | 0.500000000 | 0.500000000 | 0.500000000 | 0.500000000 | 0.500000000 | 0.500000000 | 0.500000000 | 0.500000000 | 0.500000000 | 0.500000000 |
98o | 0.500000000 | 0.500000000 | 0.500000000 | 0.500000000 | 0.500000000 | 0.500000000 | 0.500000000 | 0.500000000 | 0.500000000 | 0.500000000 | 0.500000000 | 0.500000000 | 0.500000000 | 0.500000000 |
98s | 0.500000000 | 0.500000000 | 0.500000000 | 0.500000000 | 0.500000000 | 0.500000000 | 0.500000000 | 0.500000000 | 0.500000000 | 0.500000000 | 0.500000000 | 0.500000000 | 0.500000000 | 0.500000000 |
99o | 0.500000000 | 0.500000000 | 0.500000000 | 0.500000000 | 0.500000000 | 0.500000000 | 0.500000000 | 0.500000000 | 0.500000000 | 0.500000000 | 0.500000000 | 0.500000000 | 0.500000000 | 0.500000000 |
T2o | 0.500000000 | 0.500000000 | 0.500000000 | 0.500000000 | 0.500000000 | 0.500000000 | 0.500000000 | 0.500000000 | 0.500000000 | 0.500000000 | 0.500000000 | 0.500000000 | 0.500000000 | 0.500000000 |
T2s | 0.500000000 | 0.500000000 | 0.500000000 | 0.500000000 | 0.500000000 | 0.500000000 | 0.500000000 | 0.500000000 | 0.500000000 | 0.500000000 | 0.500000000 | 0.500000000 | 0.500000000 | 0.500000000 |
T3o | 0.500000000 | 0.500000000 | 0.500000000 | 0.500000000 | 0.500000000 | 0.500000000 | 0.500000000 | 0.500000000 | 0.500000000 | 0.500000000 | 0.500000000 | 0.500000000 | 0.500000000 | 0.500000000 |
T3s | 0.500000000 | 0.500000000 | 0.500000000 | 0.500000000 | 0.500000000 | 0.500000000 | 0.500000000 | 0.500000000 | 0.500000000 | 0.500000000 | 0.500000000 | 0.500000000 | 0.500000000 | 0.500000000 |
T4o | 0.500000000 | 0.500000000 | 0.500000000 | 0.500000000 | 0.500000000 | 0.500000000 | 0.500000000 | 0.500000000 | 0.500000000 | 0.500000000 | 0.500000000 | 0.500000000 | 0.500000000 | 0.500000000 |
T4s | 0.500000000 | 0.500000000 | 0.500000000 | 0.500000000 | 0.500000000 | 0.500000000 | 0.500000000 | 0.500000000 | 0.500000000 | 0.500000000 | 0.500000000 | 0.500000000 | 0.500000000 | 0.500000000 |
T5o | 0.500000000 | 0.500000000 | 0.500000000 | 0.500000000 | 0.500000000 | 0.500000000 | 0.500000000 | 0.500000000 | 0.500000000 | 0.500000000 | 0.500000000 | 0.500000000 | 0.500000000 | 0.500000000 |
T5s | 0.500000000 | 0.500000000 | 0.500000000 | 0.500000000 | 0.500000000 | 0.500000000 | 0.500000000 | 0.500000000 | 0.500000000 | 0.500000000 | 0.500000000 | 0.500000000 | 0.500000000 | 0.500000000 |
T6o | 0.500000000 | 0.500000000 | 0.500000000 | 0.500000000 | 0.500000000 | 0.500000000 | 0.500000000 | 0.500000000 | 0.500000000 | 0.500000000 | 0.500000000 | 0.500000000 | 0.500000000 | 0.500000000 |
T6s | 0.500000000 | 0.500000000 | 0.500000000 | 0.500000000 | 0.500000000 | 0.500000000 | 0.500000000 | 0.500000000 | 0.500000000 | 0.500000000 | 0.500000000 | 0.500000000 | 0.500000000 | 0.500000000 |
T7o | 0.500000000 | 0.500000000 | 0.500000000 | 0.500000000 | 0.500000000 | 0.500000000 | 0.500000000 | 0.500000000 | 0.500000000 | 0.500000000 | 0.500000000 | 0.500000000 | 0.500000000 | 0.500000000 |
T7s | 0.500000000 | 0.500000000 | 0.500000000 | 0.500000000 | 0.500000000 | 0.500000000 | 0.500000000 | 0.500000000 | 0.500000000 | 0.500000000 | 0.500000000 | 0.500000000 | 0.500000000 | 0.500000000 |
T8o | 0.500000000 | 0.500000000 | 0.500000000 | 0.500000000 | 0.500000000 | 0.500000000 | 0.500000000 | 0.500000000 | 0.500000000 | 0.500000000 | 0.500000000 | 0.500000000 | 0.500000000 | 0.500000000 |
T8s | 0.500000000 | 0.500000000 | 0.500000000 | 0.500000000 | 0.500000000 | 0.500000000 | 0.500000000 | 0.500000000 | 0.500000000 | 0.500000000 | 0.500000000 | 0.500000000 | 0.500000000 | 0.500000000 |
T9o | 0.500000000 | 0.500000000 | 0.500000000 | 0.500000000 | 0.500000000 | 0.500000000 | 0.500000000 | 0.500000000 | 0.500000000 | 0.500000000 | 0.500000000 | 0.500000000 | 0.500000000 | 0.500000000 |
T9s | 0.500000000 | 0.500000000 | 0.500000000 | 0.500000000 | 0.500000000 | 0.500000000 | 0.500000000 | 0.500000000 | 0.500000000 | 0.500000000 | 0.500000000 | 0.500000000 | 0.500000000 | 0.500000000 |
TTo | 0.500000000 | 0.500000000 | 0.500000000 | 0.500000000 | 0.500000000 | 0.500000000 | 0.500000000 | 0.500000000 | 0.500000000 | 0.500000000 | 0.500000000 | 0.500000000 | 0.500000000 | 0.500000000 |
J2o | 0.500000000 | 0.500000000 | 0.500000000 | 0.500000000 | 0.500000000 | 0.500000000 | 0.500000000 | 0.500000000 | 0.500000000 | 0.500000000 | 0.500000000 | 0.500000000 | 0.500000000 | 0.500000000 |
J2s | 0.500000000 | 0.500000000 | 0.500000000 | 0.500000000 | 0.500000000 | 0.500000000 | 0.500000000 | 0.500000000 | 0.500000000 | 0.500000000 | 0.500000000 | 0.500000000 | 0.500000000 | 0.500000000 |
J3o | 0.500000000 | 0.500000000 | 0.500000000 | 0.500000000 | 0.500000000 | 0.500000000 | 0.500000000 | 0.500000000 | 0.500000000 | 0.500000000 | 0.500000000 | 0.500000000 | 0.500000000 | 0.500000000 |
J3s | 0.500000000 | 0.500000000 | 0.500000000 | 0.500000000 | 0.500000000 | 0.500000000 | 0.500000000 | 0.500000000 | 0.500000000 | 0.500000000 | 0.500000000 | 0.500000000 | 0.500000000 | 0.500000000 |
J4o | 0.500000000 | 0.500000000 | 0.500000000 | 0.500000000 | 0.500000000 | 0.500000000 | 0.500000000 | 0.500000000 | 0.500000000 | 0.500000000 | 0.500000000 | 0.500000000 | 0.500000000 | 0.500000000 |
J4s | 0.500000000 | 0.500000000 | 0.500000000 | 0.500000000 | 0.500000000 | 0.500000000 | 0.500000000 | 0.500000000 | 0.500000000 | 0.500000000 | 0.500000000 | 0.500000000 | 0.500000000 | 0.500000000 |
J5o | 0.500000000 | 0.500000000 | 0.500000000 | 0.500000000 | 0.500000000 | 0.500000000 | 0.500000000 | 0.500000000 | 0.500000000 | 0.500000000 | 0.500000000 | 0.500000000 | 0.500000000 | 0.500000000 |
J5s | 0.500000000 | 0.500000000 | 0.500000000 | 0.500000000 | 0.500000000 | 0.500000000 | 0.500000000 | 0.500000000 | 0.500000000 | 0.500000000 | 0.500000000 | 0.500000000 | 0.500000000 | 0.500000000 |
J6o | 0.500000000 | 0.500000000 | 0.500000000 | 0.500000000 | 0.500000000 | 0.500000000 | 0.500000000 | 0.500000000 | 0.500000000 | 0.500000000 | 0.500000000 | 0.500000000 | 0.500000000 | 0.500000000 |
J6s | 0.500000000 | 0.500000000 | 0.500000000 | 0.500000000 | 0.500000000 | 0.500000000 | 0.500000000 | 0.500000000 | 0.500000000 | 0.500000000 | 0.500000000 | 0.500000000 | 0.500000000 | 0.500000000 |
J7o | 0.500000000 | 0.500000000 | 0.500000000 | 0.500000000 | 0.500000000 | 0.500000000 | 0.500000000 | 0.500000000 | 0.500000000 | 0.500000000 | 0.500000000 | 0.500000000 | 0.500000000 | 0.500000000 |
J7s | 0.500000000 | 0.500000000 | 0.500000000 | 0.500000000 | 0.500000000 | 0.500000000 | 0.500000000 | 0.500000000 | 0.500000000 | 0.500000000 | 0.500000000 | 0.500000000 | 0.500000000 | 0.500000000 |
J8o | 0.500000000 | 0.500000000 | 0.500000000 | 0.500000000 | 0.500000000 | 0.500000000 | 0.500000000 | 0.500000000 | 0.500000000 | 0.500000000 | 0.500000000 | 0.500000000 | 0.500000000 | 0.500000000 |
J8s | 0.500000000 | 0.500000000 | 0.500000000 | 0.500000000 | 0.500000000 | 0.500000000 | 0.500000000 | 0.500000000 | 0.500000000 | 0.500000000 | 0.500000000 | 0.500000000 | 0.500000000 | 0.500000000 |
J9o | 0.500000000 | 0.500000000 | 0.500000000 | 0.500000000 | 0.500000000 | 0.500000000 | 0.500000000 | 0.500000000 | 0.500000000 | 0.500000000 | 0.500000000 | 0.500000000 | 0.500000000 | 0.500000000 |
J9s | 0.500000000 | 0.500000000 | 0.500000000 | 0.500000000 | 0.500000000 | 0.500000000 | 0.500000000 | 0.500000000 | 0.500000000 | 0.500000000 | 0.500000000 | 0.500000000 | 0.500000000 | 0.500000000 |
JTo | 0.500000000 | 0.500000000 | 0.500000000 | 0.500000000 | 0.500000000 | 0.500000000 | 0.500000000 | 0.500000000 | 0.500000000 | 0.500000000 | 0.500000000 | 0.500000000 | 0.500000000 | 0.500000000 |
JTs | 0.500000000 | 0.500000000 | 0.500000000 | 0.500000000 | 0.500000000 | 0.500000000 | 0.500000000 | 0.500000000 | 0.500000000 | 0.500000000 | 0.500000000 | 0.500000000 | 0.500000000 | 0.500000000 |
JJo | 0.500000000 | 0.500000000 | 0.500000000 | 0.500000000 | 0.500000000 | 0.500000000 | 0.500000000 | 0.500000000 | 0.500000000 | 0.500000000 | 0.500000000 | 0.500000000 | 0.500000000 | 0.500000000 |
Q2o | 0.500000000 | 0.500000000 | 0.500000000 | 0.500000000 | 0.500000000 | 0.500000000 | 0.500000000 | 0.500000000 | 0.500000000 | 0.500000000 | 0.500000000 | 0.500000000 | 0.500000000 | 0.500000000 |
Q2s | 0.500000000 | 0.500000000 | 0.500000000 | 0.500000000 | 0.500000000 | 0.500000000 | 0.500000000 | 0.500000000 | 0.500000000 | 0.500000000 | 0.500000000 | 0.500000000 | 0.500000000 | 0.500000000 |
Q3o | 0.500000000 | 0.500000000 | 0.500000000 | 0.500000000 | 0.500000000 | 0.500000000 | 0.500000000 | 0.500000000 | 0.500000000 | 0.500000000 | 0.500000000 | 0.500000000 | 0.500000000 | 0.500000000 |
Q3s | 0.500000000 | 0.500000000 | 0.500000000 | 0.500000000 | 0.500000000 | 0.500000000 | 0.500000000 | 0.500000000 | 0.500000000 | 0.500000000 | 0.500000000 | 0.500000000 | 0.500000000 | 0.500000000 |
Q4o | 0.500000000 | 0.500000000 | 0.500000000 | 0.500000000 | 0.500000000 | 0.500000000 | 0.500000000 | 0.500000000 | 0.500000000 | 0.500000000 | 0.500000000 | 0.500000000 | 0.500000000 | 0.500000000 |
Q4s | 0.500000000 | 0.500000000 | 0.500000000 | 0.500000000 | 0.500000000 | 0.500000000 | 0.500000000 | 0.500000000 | 0.500000000 | 0.500000000 | 0.500000000 | 0.500000000 | 0.500000000 | 0.500000000 |
Q5o | 0.500000000 | 0.500000000 | 0.500000000 | 0.500000000 | 0.500000000 | 0.500000000 | 0.500000000 | 0.500000000 | 0.500000000 | 0.500000000 | 0.500000000 | 0.500000000 | 0.500000000 | 0.500000000 |
Q5s | 0.500000000 | 0.500000000 | 0.500000000 | 0.500000000 | 0.500000000 | 0.500000000 | 0.500000000 | 0.500000000 | 0.500000000 | 0.500000000 | 0.500000000 | 0.500000000 | 0.500000000 | 0.500000000 |
Q6o | 0.500000000 | 0.500000000 | 0.500000000 | 0.500000000 | 0.500000000 | 0.500000000 | 0.500000000 | 0.500000000 | 0.500000000 | 0.500000000 | 0.500000000 | 0.500000000 | 0.500000000 | 0.500000000 |
Q6s | 0.500000000 | 0.500000000 | 0.500000000 | 0.500000000 | 0.500000000 | 0.500000000 | 0.500000000 | 0.500000000 | 0.500000000 | 0.500000000 | 0.500000000 | 0.500000000 | 0.500000000 | 0.500000000 |
Q7o | 0.500000000 | 0.500000000 | 0.500000000 | 0.500000000 | 0.500000000 | 0.500000000 | 0.500000000 | 0.500000000 | 0.500000000 | 0.500000000 | 0.500000000 | 0.500000000 | 0.500000000 | 0.500000000 |
Q7s | 0.500000000 | 0.500000000 | 0.500000000 | 0.500000000 | 0.500000000 | 0.500000000 | 0.500000000 | 0.500000000 | 0.500000000 | 0.500000000 | 0.500000000 | 0.500000000 | 0.500000000 | 0.500000000 |
Q8o | 0.500000000 | 0.500000000 | 0.500000000 | 0.500000000 | 0.500000000 | 0.500000000 | 0.500000000 | 0.500000000 | 0.500000000 | 0.500000000 | 0.500000000 | 0.500000000 | 0.500000000 | 0.500000000 |
Q8s | 0.500000000 | 0.500000000 | 0.500000000 | 0.500000000 | 0.500000000 | 0.500000000 | 0.500000000 | 0.500000000 | 0.500000000 | 0.500000000 | 0.500000000 | 0.500000000 | 0.500000000 | 0.500000000 |
Q9o | 0.500000000 | 0.500000000 | 0.500000000 | 0.500000000 | 0.500000000 | 0.500000000 | 0.500000000 | 0.500000000 | 0.500000000 | 0.500000000 | 0.500000000 | 0.500000000 | 0.500000000 | 0.500000000 |
Q9s | 0.500000000 | 0.500000000 | 0.500000000 | 0.500000000 | 0.500000000 | 0.500000000 | 0.500000000 | 0.500000000 | 0.500000000 | 0.500000000 | 0.500000000 | 0.500000000 | 0.500000000 | 0.500000000 |
QTo | 0.500000000 | 0.500000000 | 0.500000000 | 0.500000000 | 0.500000000 | 0.500000000 | 0.500000000 | 0.500000000 | 0.500000000 | 0.500000000 | 0.500000000 | 0.500000000 | 0.500000000 | 0.500000000 |
QTs | 0.500000000 | 0.500000000 | 0.500000000 | 0.500000000 | 0.500000000 | 0.500000000 | 0.500000000 | 0.500000000 | 0.500000000 | 0.500000000 | 0.500000000 | 0.500000000 | 0.500000000 | 0.500000000 |
QJo | 0.500000000 | 0.500000000 | 0.500000000 | 0.500000000 | 0.500000000 | 0.500000000 | 0.500000000 | 0.500000000 | 0.500000000 | 0.500000000 | 0.500000000 | 0.500000000 | 0.500000000 | 0.500000000 |
QJs | 0.500000000 | 0.500000000 | 0.500000000 | 0.500000000 | 0.500000000 | 0.500000000 | 0.500000000 | 0.500000000 | 0.500000000 | 0.500000000 | 0.500000000 | 0.500000000 | 0.500000000 | 0.500000000 |
QQo | 0.500000000 | 0.500000000 | 0.500000000 | 0.500000000 | 0.500000000 | 0.500000000 | 0.500000000 | 0.500000000 | 0.500000000 | 0.500000000 | 0.500000000 | 0.500000000 | 0.500000000 | 0.500000000 |
K2o | 0.500000000 | 0.500000000 | 0.500000000 | 0.500000000 | 0.500000000 | 0.500000000 | 0.500000000 | 0.500000000 | 0.500000000 | 0.500000000 | 0.500000000 | 0.500000000 | 0.500000000 | 0.500000000 |
K2s | 0.500000000 | 0.500000000 | 0.500000000 | 0.500000000 | 0.500000000 | 0.500000000 | 0.500000000 | 0.500000000 | 0.500000000 | 0.500000000 | 0.500000000 | 0.500000000 | 0.500000000 | 0.500000000 |
K3o | 0.500000000 | 0.500000000 | 0.500000000 | 0.500000000 | 0.500000000 | 0.500000000 | 0.500000000 | 0.500000000 | 0.500000000 | 0.500000000 | 0.500000000 | 0.500000000 | 0.500000000 | 0.500000000 |
K3s | 0.500000000 | 0.500000000 | 0.500000000 | 0.500000000 | 0.500000000 | 0.500000000 | 0.500000000 | 0.500000000 | 0.500000000 | 0.500000000 | 0.500000000 | 0.500000000 | 0.500000000 | 0.500000000 |
K4o | 0.500000000 | 0.500000000 | 0.500000000 | 0.500000000 | 0.500000000 | 0.500000000 | 0.500000000 | 0.500000000 | 0.500000000 | 0.500000000 | 0.500000000 | 0.500000000 | 0.500000000 | 0.500000000 |
K4s | 0.500000000 | 0.500000000 | 0.500000000 | 0.500000000 | 0.500000000 | 0.500000000 | 0.500000000 | 0.500000000 | 0.500000000 | 0.500000000 | 0.500000000 | 0.500000000 | 0.500000000 | 0.500000000 |
K5o | 0.500000000 | 0.500000000 | 0.500000000 | 0.500000000 | 0.500000000 | 0.500000000 | 0.500000000 | 0.500000000 | 0.500000000 | 0.500000000 | 0.500000000 | 0.500000000 | 0.500000000 | 0.500000000 |
K5s | 0.500000000 | 0.500000000 | 0.500000000 | 0.500000000 | 0.500000000 | 0.500000000 | 0.500000000 | 0.500000000 | 0.500000000 | 0.500000000 | 0.500000000 | 0.500000000 | 0.500000000 | 0.500000000 |
K6o | 0.500000000 | 0.500000000 | 0.500000000 | 0.500000000 | 0.500000000 | 0.500000000 | 0.500000000 | 0.500000000 | 0.500000000 | 0.500000000 | 0.500000000 | 0.500000000 | 0.500000000 | 0.500000000 |
K6s | 0.500000000 | 0.500000000 | 0.500000000 | 0.500000000 | 0.500000000 | 0.500000000 | 0.500000000 | 0.500000000 | 0.500000000 | 0.500000000 | 0.500000000 | 0.500000000 | 0.500000000 | 0.500000000 |
K7o | 0.500000000 | 0.500000000 | 0.500000000 | 0.500000000 | 0.500000000 | 0.500000000 | 0.500000000 | 0.500000000 | 0.500000000 | 0.500000000 | 0.500000000 | 0.500000000 | 0.500000000 | 0.500000000 |
K7s | 0.500000000 | 0.500000000 | 0.500000000 | 0.500000000 | 0.500000000 | 0.500000000 | 0.500000000 | 0.500000000 | 0.500000000 | 0.500000000 | 0.500000000 | 0.500000000 | 0.500000000 | 0.500000000 |
K8o | 0.500000000 | 0.500000000 | 0.500000000 | 0.500000000 | 0.500000000 | 0.500000000 | 0.500000000 | 0.500000000 | 0.500000000 | 0.500000000 | 0.500000000 | 0.500000000 | 0.500000000 | 0.500000000 |
K8s | 0.500000000 | 0.500000000 | 0.500000000 | 0.500000000 | 0.500000000 | 0.500000000 | 0.500000000 | 0.500000000 | 0.500000000 | 0.500000000 | 0.500000000 | 0.500000000 | 0.500000000 | 0.500000000 |
K9o | 0.500000000 | 0.500000000 | 0.500000000 | 0.500000000 | 0.500000000 | 0.500000000 | 0.500000000 | 0.500000000 | 0.500000000 | 0.500000000 | 0.500000000 | 0.500000000 | 0.500000000 | 0.500000000 |
K9s | 0.500000000 | 0.500000000 | 0.500000000 | 0.500000000 | 0.500000000 | 0.500000000 | 0.500000000 | 0.500000000 | 0.500000000 | 0.500000000 | 0.500000000 | 0.500000000 | 0.500000000 | 0.500000000 |
KTo | 0.500000000 | 0.500000000 | 0.500000000 | 0.500000000 | 0.500000000 | 0.500000000 | 0.500000000 | 0.500000000 | 0.500000000 | 0.500000000 | 0.500000000 | 0.500000000 | 0.500000000 | 0.500000000 |
KTs | 0.500000000 | 0.500000000 | 0.500000000 | 0.500000000 | 0.500000000 | 0.500000000 | 0.500000000 | 0.500000000 | 0.500000000 | 0.500000000 | 0.500000000 | 0.500000000 | 0.500000000 | 0.500000000 |
KJo | 0.500000000 | 0.500000000 | 0.500000000 | 0.500000000 | 0.500000000 | 0.500000000 | 0.500000000 | 0.500000000 | 0.500000000 | 0.500000000 | 0.500000000 | 0.500000000 | 0.500000000 | 0.500000000 |
KJs | 0.500000000 | 0.500000000 | 0.500000000 | 0.500000000 | 0.500000000 | 0.500000000 | 0.500000000 | 0.500000000 | 0.500000000 | 0.500000000 | 0.500000000 | 0.500000000 | 0.500000000 | 0.500000000 |
KQo | 0.500000000 | 0.500000000 | 0.500000000 | 0.500000000 | 0.500000000 | 0.500000000 | 0.500000000 | 0.500000000 | 0.500000000 | 0.500000000 | 0.500000000 | 0.500000000 | 0.500000000 | 0.500000000 |
KQs | 0.500000000 | 0.500000000 | 0.500000000 | 0.500000000 | 0.500000000 | 0.500000000 | 0.500000000 | 0.500000000 | 0.500000000 | 0.500000000 | 0.500000000 | 0.500000000 | 0.500000000 | 0.500000000 |
KKo | 0.500000000 | 0.500000000 | 0.500000000 | 0.500000000 | 0.500000000 | 0.500000000 | 0.500000000 | 0.500000000 | 0.500000000 | 0.500000000 | 0.500000000 | 0.500000000 | 0.500000000 | 0.500000000 |
A2o | 0.500000000 | 0.500000000 | 0.500000000 | 0.500000000 | 0.500000000 | 0.500000000 | 0.500000000 | 0.500000000 | 0.500000000 | 0.500000000 | 0.500000000 | 0.500000000 | 0.500000000 | 0.500000000 |
A2s | 0.500000000 | 0.500000000 | 0.500000000 | 0.500000000 | 0.500000000 | 0.500000000 | 0.500000000 | 0.500000000 | 0.500000000 | 0.500000000 | 0.500000000 | 0.500000000 | 0.500000000 | 0.500000000 |
A3o | 0.500000000 | 0.500000000 | 0.500000000 | 0.500000000 | 0.500000000 | 0.500000000 | 0.500000000 | 0.500000000 | 0.500000000 | 0.500000000 | 0.500000000 | 0.500000000 | 0.500000000 | 0.500000000 |
A3s | 0.500000000 | 0.500000000 | 0.500000000 | 0.500000000 | 0.500000000 | 0.500000000 | 0.500000000 | 0.500000000 | 0.500000000 | 0.500000000 | 0.500000000 | 0.500000000 | 0.500000000 | 0.500000000 |
A4o | 0.500000000 | 0.500000000 | 0.500000000 | 0.500000000 | 0.500000000 | 0.500000000 | 0.500000000 | 0.500000000 | 0.500000000 | 0.500000000 | 0.500000000 | 0.500000000 | 0.500000000 | 0.500000000 |
A4s | 0.500000000 | 0.500000000 | 0.500000000 | 0.500000000 | 0.500000000 | 0.500000000 | 0.500000000 | 0.500000000 | 0.500000000 | 0.500000000 | 0.500000000 | 0.500000000 | 0.500000000 | 0.500000000 |
A5o | 0.500000000 | 0.500000000 | 0.500000000 | 0.500000000 | 0.500000000 | 0.500000000 | 0.500000000 | 0.500000000 | 0.500000000 | 0.500000000 | 0.500000000 | 0.500000000 | 0.500000000 | 0.500000000 |
A5s | 0.500000000 | 0.500000000 | 0.500000000 | 0.500000000 | 0.500000000 | 0.500000000 | 0.500000000 | 0.500000000 | 0.500000000 | 0.500000000 | 0.500000000 | 0.500000000 | 0.500000000 | 0.500000000 |
A6o | 0.500000000 | 0.500000000 | 0.500000000 | 0.500000000 | 0.500000000 | 0.500000000 | 0.500000000 | 0.500000000 | 0.500000000 | 0.500000000 | 0.500000000 | 0.500000000 | 0.500000000 | 0.500000000 |
A6s | 0.500000000 | 0.500000000 | 0.500000000 | 0.500000000 | 0.500000000 | 0.500000000 | 0.500000000 | 0.500000000 | 0.500000000 | 0.500000000 | 0.500000000 | 0.500000000 | 0.500000000 | 0.500000000 |
A7o | 0.500000000 | 0.500000000 | 0.500000000 | 0.500000000 | 0.500000000 | 0.500000000 | 0.500000000 | 0.500000000 | 0.500000000 | 0.500000000 | 0.500000000 | 0.500000000 | 0.500000000 | 0.500000000 |
A7s | 0.500000000 | 0.500000000 | 0.500000000 | 0.500000000 | 0.500000000 | 0.500000000 | 0.500000000 | 0.500000000 | 0.500000000 | 0.500000000 | 0.500000000 | 0.500000000 | 0.500000000 | 0.500000000 |
A8o | 0.500000000 | 0.500000000 | 0.500000000 | 0.500000000 | 0.500000000 | 0.500000000 | 0.500000000 | 0.500000000 | 0.500000000 | 0.500000000 | 0.500000000 | 0.500000000 | 0.500000000 | 0.500000000 |
A8s | 0.500000000 | 0.500000000 | 0.500000000 | 0.500000000 | 0.500000000 | 0.500000000 | 0.500000000 | 0.500000000 | 0.500000000 | 0.500000000 | 0.500000000 | 0.500000000 | 0.500000000 | 0.500000000 |
A9o | 0.500000000 | 0.500000000 | 0.500000000 | 0.500000000 | 0.500000000 | 0.500000000 | 0.500000000 | 0.500000000 | 0.500000000 | 0.500000000 | 0.500000000 | 0.500000000 | 0.500000000 | 0.500000000 |
A9s | 0.500000000 | 0.500000000 | 0.500000000 | 0.500000000 | 0.500000000 | 0.500000000 | 0.500000000 | 0.500000000 | 0.500000000 | 0.500000000 | 0.500000000 | 0.500000000 | 0.500000000 | 0.500000000 |
ATo | 0.500000000 | 0.500000000 | 0.500000000 | 0.500000000 | 0.500000000 | 0.500000000 | 0.500000000 | 0.500000000 | 0.500000000 | 0.500000000 | 0.500000000 | 0.500000000 | 0.500000000 | 0.500000000 |
ATs | 0.500000000 | 0.500000000 | 0.500000000 | 0.500000000 | 0.500000000 | 0.500000000 | 0.500000000 | 0.500000000 | 0.500000000 | 0.500000000 | 0.500000000 | 0.500000000 | 0.500000000 | 0.500000000 |
AJo | 0.500000000 | 0.500000000 | 0.500000000 | 0.500000000 | 0.500000000 | 0.500000000 | 0.500000000 | 0.500000000 | 0.500000000 | 0.500000000 | 0.500000000 | 0.500000000 | 0.500000000 | 0.500000000 |
AJs | 0.500000000 | 0.500000000 | 0.500000000 | 0.500000000 | 0.500000000 | 0.500000000 | 0.500000000 | 0.500000000 | 0.500000000 | 0.500000000 | 0.500000000 | 0.500000000 | 0.500000000 | 0.500000000 |
AQo | 0.500000000 | 0.500000000 | 0.500000000 | 0.500000000 | 0.500000000 | 0.500000000 | 0.500000000 | 0.500000000 | 0.500000000 | 0.500000000 | 0.500000000 | 0.500000000 | 0.500000000 | 0.500000000 |
AQs | 0.500000000 | 0.500000000 | 0.500000000 | 0.500000000 | 0.500000000 | 0.500000000 | 0.500000000 | 0.500000000 | 0.500000000 | 0.500000000 | 0.500000000 | 0.500000000 | 0.500000000 | 0.500000000 |
AKo | 0.500000000 | 0.500000000 | 0.500000000 | 0.500000000 | 0.500000000 | 0.500000000 | 0.500000000 | 0.500000000 | 0.500000000 | 0.500000000 | 0.500000000 | 0.500000000 | 0.500000000 | 0.500000000 |
AKs | 0.500000000 | 0.500000000 | 0.500000000 | 0.500000000 | 0.500000000 | 0.500000000 | 0.500000000 | 0.500000000 | 0.500000000 | 0.500000000 | 0.500000000 | 0.500000000 | 0.500000000 | 0.500000000 |
AAo | 0.500000000 | 0.500000000 | 0.500000000 | 0.500000000 | 0.500000000 | 0.500000000 | 0.500000000 | 0.500000000 | 0.500000000 | 0.500000000 | 0.500000000 | 0.500000000 | 0.500000000 | 0.500000000 |


Player ID: , Position: BigBlind, Holding Cards: | 3♥ | 2♠ | , Action: AllIn, 
Best Hand: 3727, Money: 0.100000, Reward: 0.100000
MWU Agent, Beta: 0.950000, T: 100
    |     CO      |     DE      |    DE_CO    |     SB      |    SB_CO    |    SB_DE    |  SB_CO_DE   |    BB_CO    |    BB_DE    |    BB_SB    |  BB_CO_DE   |  BB_CO_SB   |  BB_DE_SB   | BB_CO_DE_SB |
22o | 0.500000000 | 0.500000000 | 0.500000000 | 0.500000000 | 0.500000000 | 0.500000000 | 0.500000000 | 0.500000000 | 0.500000000 | 0.500000000 | 0.500000000 | 0.500000000 | 0.500000000 | 0.500000000 |
32o | 0.500000000 | 0.500000000 | 0.500000000 | 0.500000000 | 0.500000000 | 0.500000000 | 0.500000000 | 0.500000000 | 0.500000000 | 0.500000000 | 0.500000000 | 0.500000000 | 0.500000000 | 0.500000000 |
32s | 0.500000000 | 0.500000000 | 0.500000000 | 0.500000000 | 0.500000000 | 0.500000000 | 0.500000000 | 0.500000000 | 0.500000000 | 0.500000000 | 0.500000000 | 0.500000000 | 0.500000000 | 0.500000000 |
33o | 0.500000000 | 0.500000000 | 0.500000000 | 0.500000000 | 0.500000000 | 0.500000000 | 0.500000000 | 0.500000000 | 0.500000000 | 0.500000000 | 0.500000000 | 0.500000000 | 0.500000000 | 0.500000000 |
42o | 0.500000000 | 0.500000000 | 0.500000000 | 0.500000000 | 0.500000000 | 0.500000000 | 0.500000000 | 0.500000000 | 0.500000000 | 0.500000000 | 0.500000000 | 0.500000000 | 0.500000000 | 0.500000000 |
42s | 0.500000000 | 0.500000000 | 0.500000000 | 0.500000000 | 0.500000000 | 0.500000000 | 0.500000000 | 0.500000000 | 0.500000000 | 0.500000000 | 0.500000000 | 0.500000000 | 0.500000000 | 0.500000000 |
43o | 0.500000000 | 0.500000000 | 0.500000000 | 0.500000000 | 0.500000000 | 0.500000000 | 0.500000000 | 0.500000000 | 0.500000000 | 0.500000000 | 0.500000000 | 0.500000000 | 0.500000000 | 0.500000000 |
43s | 0.500000000 | 0.500000000 | 0.500000000 | 0.500000000 | 0.500000000 | 0.500000000 | 0.500000000 | 0.500000000 | 0.500000000 | 0.500000000 | 0.500000000 | 0.500000000 | 0.500000000 | 0.500000000 |
44o | 0.500000000 | 0.500000000 | 0.500000000 | 0.500000000 | 0.500000000 | 0.500000000 | 0.500000000 | 0.500000000 | 0.500000000 | 0.500000000 | 0.500000000 | 0.500000000 | 0.500000000 | 0.500000000 |
52o | 0.500000000 | 0.500000000 | 0.500000000 | 0.500000000 | 0.500000000 | 0.500000000 | 0.500000000 | 0.500000000 | 0.500000000 | 0.500000000 | 0.500000000 | 0.500000000 | 0.500000000 | 0.500000000 |
52s | 0.500000000 | 0.500000000 | 0.500000000 | 0.500000000 | 0.500000000 | 0.500000000 | 0.500000000 | 0.500000000 | 0.500000000 | 0.500000000 | 0.500000000 | 0.500000000 | 0.500000000 | 0.500000000 |
53o | 0.500000000 | 0.500000000 | 0.500000000 | 0.500000000 | 0.500000000 | 0.500000000 | 0.500000000 | 0.500000000 | 0.500000000 | 0.500000000 | 0.500000000 | 0.500000000 | 0.500000000 | 0.500000000 |
53s | 0.500000000 | 0.500000000 | 0.500000000 | 0.500000000 | 0.500000000 | 0.500000000 | 0.500000000 | 0.500000000 | 0.500000000 | 0.500000000 | 0.500000000 | 0.500000000 | 0.500000000 | 0.500000000 |
54o | 0.500000000 | 0.500000000 | 0.500000000 | 0.500000000 | 0.500000000 | 0.500000000 | 0.500000000 | 0.500000000 | 0.500000000 | 0.500000000 | 0.500000000 | 0.500000000 | 0.500000000 | 0.500000000 |
54s | 0.500000000 | 0.500000000 | 0.500000000 | 0.500000000 | 0.500000000 | 0.500000000 | 0.500000000 | 0.500000000 | 0.500000000 | 0.500000000 | 0.500000000 | 0.500000000 | 0.500000000 | 0.500000000 |
55o | 0.500000000 | 0.500000000 | 0.500000000 | 0.500000000 | 0.500000000 | 0.500000000 | 0.500000000 | 0.500000000 | 0.500000000 | 0.500000000 | 0.500000000 | 0.500000000 | 0.500000000 | 0.500000000 |
62o | 0.500000000 | 0.500000000 | 0.500000000 | 0.500000000 | 0.500000000 | 0.500000000 | 0.500000000 | 0.500000000 | 0.500000000 | 0.500000000 | 0.500000000 | 0.500000000 | 0.500000000 | 0.500000000 |
62s | 0.500000000 | 0.500000000 | 0.500000000 | 0.500000000 | 0.500000000 | 0.500000000 | 0.500000000 | 0.500000000 | 0.500000000 | 0.500000000 | 0.500000000 | 0.500000000 | 0.500000000 | 0.500000000 |
63o | 0.500000000 | 0.500000000 | 0.500000000 | 0.500000000 | 0.500000000 | 0.500000000 | 0.500000000 | 0.500000000 | 0.500000000 | 0.500000000 | 0.500000000 | 0.500000000 | 0.500000000 | 0.500000000 |
63s | 0.500000000 | 0.500000000 | 0.500000000 | 0.500000000 | 0.500000000 | 0.500000000 | 0.500000000 | 0.500000000 | 0.500000000 | 0.500000000 | 0.500000000 | 0.500000000 | 0.500000000 | 0.500000000 |
64o | 0.500000000 | 0.500000000 | 0.500000000 | 0.500000000 | 0.500000000 | 0.500000000 | 0.500000000 | 0.500000000 | 0.500000000 | 0.500000000 | 0.500000000 | 0.500000000 | 0.500000000 | 0.500000000 |
64s | 0.500000000 | 0.500000000 | 0.500000000 | 0.500000000 | 0.500000000 | 0.500000000 | 0.500000000 | 0.500000000 | 0.500000000 | 0.500000000 | 0.500000000 | 0.500000000 | 0.500000000 | 0.500000000 |
65o | 0.500000000 | 0.500000000 | 0.500000000 | 0.500000000 | 0.500000000 | 0.500000000 | 0.500000000 | 0.500000000 | 0.500000000 | 0.500000000 | 0.500000000 | 0.500000000 | 0.500000000 | 0.500000000 |
65s | 0.500000000 | 0.500000000 | 0.500000000 | 0.500000000 | 0.500000000 | 0.500000000 | 0.500000000 | 0.500000000 | 0.500000000 | 0.500000000 | 0.500000000 | 0.500000000 | 0.500000000 | 0.500000000 |
66o | 0.500000000 | 0.500000000 | 0.500000000 | 0.500000000 | 0.500000000 | 0.500000000 | 0.500000000 | 0.500000000 | 0.500000000 | 0.500000000 | 0.500000000 | 0.500000000 | 0.500000000 | 0.500000000 |
72o | 0.500000000 | 0.500000000 | 0.500000000 | 0.500000000 | 0.500000000 | 0.500000000 | 0.500000000 | 0.500000000 | 0.500000000 | 0.500000000 | 0.500000000 | 0.500000000 | 0.500000000 | 0.500000000 |
72s | 0.500000000 | 0.500000000 | 0.500000000 | 0.500000000 | 0.500000000 | 0.500000000 | 0.500000000 | 0.500000000 | 0.500000000 | 0.500000000 | 0.500000000 | 0.500000000 | 0.500000000 | 0.500000000 |
73o | 0.500000000 | 0.500000000 | 0.500000000 | 0.500000000 | 0.500000000 | 0.500000000 | 0.500000000 | 0.500000000 | 0.500000000 | 0.500000000 | 0.500000000 | 0.500000000 | 0.500000000 | 0.500000000 |
73s | 0.500000000 | 0.500000000 | 0.500000000 | 0.500000000 | 0.500000000 | 0.500000000 | 0.500000000 | 0.500000000 | 0.500000000 | 0.500000000 | 0.500000000 | 0.500000000 | 0.500000000 | 0.500000000 |
74o | 0.500000000 | 0.500000000 | 0.500000000 | 0.500000000 | 0.500000000 | 0.500000000 | 0.500000000 | 0.500000000 | 0.500000000 | 0.500000000 | 0.500000000 | 0.500000000 | 0.500000000 | 0.500000000 |
74s | 0.500000000 | 0.500000000 | 0.500000000 | 0.500000000 | 0.500000000 | 0.500000000 | 0.500000000 | 0.500000000 | 0.500000000 | 0.500000000 | 0.500000000 | 0.500000000 | 0.500000000 | 0.500000000 |
75o | 0.500000000 | 0.500000000 | 0.500000000 | 0.500000000 | 0.500000000 | 0.500000000 | 0.500000000 | 0.500000000 | 0.500000000 | 0.500000000 | 0.500000000 | 0.500000000 | 0.500000000 | 0.500000000 |
75s | 0.500000000 | 0.500000000 | 0.500000000 | 0.500000000 | 0.500000000 | 0.500000000 | 0.500000000 | 0.500000000 | 0.500000000 | 0.500000000 | 0.500000000 | 0.500000000 | 0.500000000 | 0.500000000 |
76o | 0.500000000 | 0.500000000 | 0.500000000 | 0.500000000 | 0.500000000 | 0.500000000 | 0.500000000 | 0.500000000 | 0.500000000 | 0.500000000 | 0.500000000 | 0.500000000 | 0.500000000 | 0.500000000 |
76s | 0.500000000 | 0.500000000 | 0.500000000 | 0.500000000 | 0.500000000 | 0.500000000 | 0.500000000 | 0.500000000 | 0.500000000 | 0.500000000 | 0.500000000 | 0.500000000 | 0.500000000 | 0.500000000 |
77o | 0.500000000 | 0.500000000 | 0.500000000 | 0.500000000 | 0.500000000 | 0.500000000 | 0.500000000 | 0.500000000 | 0.500000000 | 0.500000000 | 0.500000000 | 0.500000000 | 0.500000000 | 0.500000000 |
82o | 0.500000000 | 0.500000000 | 0.500000000 | 0.500000000 | 0.500000000 | 0.500000000 | 0.500000000 | 0.500000000 | 0.500000000 | 0.500000000 | 0.500000000 | 0.500000000 | 0.500000000 | 0.500000000 |
82s | 0.500000000 | 0.500000000 | 0.500000000 | 0.500000000 | 0.500000000 | 0.500000000 | 0.500000000 | 0.500000000 | 0.500000000 | 0.500000000 | 0.500000000 | 0.500000000 | 0.500000000 | 0.500000000 |
83o | 0.500000000 | 0.500000000 | 0.500000000 | 0.500000000 | 0.500000000 | 0.500000000 | 0.500000000 | 0.500000000 | 0.500000000 | 0.500000000 | 0.500000000 | 0.500000000 | 0.500000000 | 0.500000000 |
83s | 0.500000000 | 0.500000000 | 0.500000000 | 0.500000000 | 0.500000000 | 0.500000000 | 0.500000000 | 0.500000000 | 0.500000000 | 0.500000000 | 0.500000000 | 0.500000000 | 0.500000000 | 0.500000000 |
84o | 0.500000000 | 0.500000000 | 0.500000000 | 0.500000000 | 0.500000000 | 0.500000000 | 0.500000000 | 0.500000000 | 0.500000000 | 0.500000000 | 0.500000000 | 0.500000000 | 0.500000000 | 0.500000000 |
84s | 0.500000000 | 0.500000000 | 0.500000000 | 0.500000000 | 0.500000000 | 0.500000000 | 0.500000000 | 0.500000000 | 0.500000000 | 0.500000000 | 0.500000000 | 0.500000000 | 0.500000000 | 0.500000000 |
85o | 0.500000000 | 0.500000000 | 0.500000000 | 0.500000000 | 0.500000000 | 0.500000000 | 0.500000000 | 0.500000000 | 0.500000000 | 0.500000000 | 0.500000000 | 0.500000000 | 0.500000000 | 0.500000000 |
85s | 0.500000000 | 0.500000000 | 0.500000000 | 0.500000000 | 0.500000000 | 0.500000000 | 0.500000000 | 0.500000000 | 0.500000000 | 0.500000000 | 0.500000000 | 0.500000000 | 0.500000000 | 0.500000000 |
86o | 0.500000000 | 0.500000000 | 0.500000000 | 0.500000000 | 0.500000000 | 0.500000000 | 0.500000000 | 0.500000000 | 0.500000000 | 0.500000000 | 0.500000000 | 0.500000000 | 0.500000000 | 0.500000000 |
86s | 0.500000000 | 0.500000000 | 0.500000000 | 0.500000000 | 0.500000000 | 0.500000000 | 0.500000000 | 0.500000000 | 0.500000000 | 0.500000000 | 0.500000000 | 0.500000000 | 0.500000000 | 0.500000000 |
87o | 0.500000000 | 0.500000000 | 0.500000000 | 0.500000000 | 0.500000000 | 0.500000000 | 0.500000000 | 0.500000000 | 0.500000000 | 0.500000000 | 0.500000000 | 0.500000000 | 0.500000000 | 0.500000000 |
87s | 0.500000000 | 0.500000000 | 0.500000000 | 0.500000000 | 0.500000000 | 0.500000000 | 0.500000000 | 0.500000000 | 0.500000000 | 0.500000000 | 0.500000000 | 0.500000000 | 0.500000000 | 0.500000000 |
88o | 0.500000000 | 0.500000000 | 0.500000000 | 0.500000000 | 0.500000000 | 0.500000000 | 0.500000000 | 0.500000000 | 0.500000000 | 0.500000000 | 0.500000000 | 0.500000000 | 0.500000000 | 0.500000000 |
92o | 0.500000000 | 0.500000000 | 0.500000000 | 0.500000000 | 0.500000000 | 0.500000000 | 0.500000000 | 0.500000000 | 0.500000000 | 0.500000000 | 0.500000000 | 0.500000000 | 0.500000000 | 0.500000000 |
92s | 0.500000000 | 0.500000000 | 0.500000000 | 0.500000000 | 0.500000000 | 0.500000000 | 0.500000000 | 0.500000000 | 0.500000000 | 0.500000000 | 0.500000000 | 0.500000000 | 0.500000000 | 0.500000000 |
93o | 0.500000000 | 0.500000000 | 0.500000000 | 0.500000000 | 0.500000000 | 0.500000000 | 0.500000000 | 0.500000000 | 0.500000000 | 0.500000000 | 0.500000000 | 0.500000000 | 0.500000000 | 0.500000000 |
93s | 0.500000000 | 0.500000000 | 0.500000000 | 0.500000000 | 0.500000000 | 0.500000000 | 0.500000000 | 0.500000000 | 0.500000000 | 0.500000000 | 0.500000000 | 0.500000000 | 0.500000000 | 0.500000000 |
94o | 0.500000000 | 0.500000000 | 0.500000000 | 0.500000000 | 0.500000000 | 0.500000000 | 0.500000000 | 0.500000000 | 0.500000000 | 0.500000000 | 0.500000000 | 0.500000000 | 0.500000000 | 0.500000000 |
94s | 0.500000000 | 0.500000000 | 0.500000000 | 0.500000000 | 0.500000000 | 0.500000000 | 0.500000000 | 0.500000000 | 0.500000000 | 0.500000000 | 0.500000000 | 0.500000000 | 0.500000000 | 0.500000000 |
95o | 0.500000000 | 0.500000000 | 0.500000000 | 0.500000000 | 0.500000000 | 0.500000000 | 0.500000000 | 0.500000000 | 0.500000000 | 0.500000000 | 0.500000000 | 0.500000000 | 0.500000000 | 0.500000000 |
95s | 0.500000000 | 0.500000000 | 0.500000000 | 0.500000000 | 0.500000000 | 0.500000000 | 0.500000000 | 0.500000000 | 0.500000000 | 0.500000000 | 0.500000000 | 0.500000000 | 0.500000000 | 0.500000000 |
96o | 0.500000000 | 0.500000000 | 0.500000000 | 0.500000000 | 0.500000000 | 0.500000000 | 0.500000000 | 0.500000000 | 0.500000000 | 0.500000000 | 0.500000000 | 0.500000000 | 0.500000000 | 0.500000000 |
96s | 0.500000000 | 0.500000000 | 0.500000000 | 0.500000000 | 0.500000000 | 0.500000000 | 0.500000000 | 0.500000000 | 0.500000000 | 0.500000000 | 0.500000000 | 0.500000000 | 0.500000000 | 0.500000000 |
97o | 0.500000000 | 0.500000000 | 0.500000000 | 0.500000000 | 0.500000000 | 0.500000000 | 0.500000000 | 0.500000000 | 0.500000000 | 0.500000000 | 0.500000000 | 0.500000000 | 0.500000000 | 0.500000000 |
97s | 0.500000000 | 0.500000000 | 0.500000000 | 0.500000000 | 0.500000000 | 0.500000000 | 0.500000000 | 0.500000000 | 0.500000000 | 0.500000000 | 0.500000000 | 0.500000000 | 0.500000000 | 0.500000000 |
98o | 0.500000000 | 0.500000000 | 0.500000000 | 0.500000000 | 0.500000000 | 0.500000000 | 0.500000000 | 0.500000000 | 0.500000000 | 0.500000000 | 0.500000000 | 0.500000000 | 0.500000000 | 0.500000000 |
98s | 0.500000000 | 0.500000000 | 0.500000000 | 0.500000000 | 0.500000000 | 0.500000000 | 0.500000000 | 0.500000000 | 0.500000000 | 0.500000000 | 0.500000000 | 0.500000000 | 0.500000000 | 0.500000000 |
99o | 0.500000000 | 0.500000000 | 0.500000000 | 0.500000000 | 0.500000000 | 0.500000000 | 0.500000000 | 0.500000000 | 0.500000000 | 0.500000000 | 0.500000000 | 0.500000000 | 0.500000000 | 0.500000000 |
T2o | 0.500000000 | 0.500000000 | 0.500000000 | 0.500000000 | 0.500000000 | 0.500000000 | 0.500000000 | 0.500000000 | 0.500000000 | 0.500000000 | 0.500000000 | 0.500000000 | 0.500000000 | 0.500000000 |
T2s | 0.500000000 | 0.500000000 | 0.500000000 | 0.500000000 | 0.500000000 | 0.500000000 | 0.500000000 | 0.500000000 | 0.500000000 | 0.500000000 | 0.500000000 | 0.500000000 | 0.500000000 | 0.500000000 |
T3o | 0.500000000 | 0.500000000 | 0.500000000 | 0.500000000 | 0.500000000 | 0.500000000 | 0.500000000 | 0.500000000 | 0.500000000 | 0.500000000 | 0.500000000 | 0.500000000 | 0.500000000 | 0.500000000 |
T3s | 0.500000000 | 0.500000000 | 0.500000000 | 0.500000000 | 0.500000000 | 0.500000000 | 0.500000000 | 0.500000000 | 0.500000000 | 0.500000000 | 0.500000000 | 0.500000000 | 0.500000000 | 0.500000000 |
T4o | 0.500000000 | 0.500000000 | 0.500000000 | 0.500000000 | 0.500000000 | 0.500000000 | 0.500000000 | 0.500000000 | 0.500000000 | 0.500000000 | 0.500000000 | 0.500000000 | 0.500000000 | 0.500000000 |
T4s | 0.500000000 | 0.500000000 | 0.500000000 | 0.500000000 | 0.500000000 | 0.500000000 | 0.500000000 | 0.500000000 | 0.500000000 | 0.500000000 | 0.500000000 | 0.500000000 | 0.500000000 | 0.500000000 |
T5o | 0.500000000 | 0.500000000 | 0.500000000 | 0.500000000 | 0.500000000 | 0.500000000 | 0.500000000 | 0.500000000 | 0.500000000 | 0.500000000 | 0.500000000 | 0.500000000 | 0.500000000 | 0.500000000 |
T5s | 0.500000000 | 0.500000000 | 0.500000000 | 0.500000000 | 0.500000000 | 0.500000000 | 0.500000000 | 0.500000000 | 0.500000000 | 0.500000000 | 0.500000000 | 0.500000000 | 0.500000000 | 0.500000000 |
T6o | 0.500000000 | 0.500000000 | 0.500000000 | 0.500000000 | 0.500000000 | 0.500000000 | 0.500000000 | 0.500000000 | 0.500000000 | 0.500000000 | 0.500000000 | 0.500000000 | 0.500000000 | 0.500000000 |
T6s | 0.500000000 | 0.500000000 | 0.500000000 | 0.500000000 | 0.500000000 | 0.500000000 | 0.500000000 | 0.500000000 | 0.500000000 | 0.500000000 | 0.500000000 | 0.500000000 | 0.500000000 | 0.500000000 |
T7o | 0.500000000 | 0.500000000 | 0.500000000 | 0.500000000 | 0.500000000 | 0.500000000 | 0.500000000 | 0.500000000 | 0.500000000 | 0.500000000 | 0.500000000 | 0.500000000 | 0.500000000 | 0.500000000 |
T7s | 0.500000000 | 0.500000000 | 0.500000000 | 0.500000000 | 0.500000000 | 0.500000000 | 0.500000000 | 0.500000000 | 0.500000000 | 0.500000000 | 0.500000000 | 0.500000000 | 0.500000000 | 0.500000000 |
T8o | 0.500000000 | 0.500000000 | 0.500000000 | 0.500000000 | 0.500000000 | 0.500000000 | 0.500000000 | 0.500000000 | 0.500000000 | 0.500000000 | 0.500000000 | 0.500000000 | 0.500000000 | 0.500000000 |
T8s | 0.500000000 | 0.500000000 | 0.500000000 | 0.500000000 | 0.500000000 | 0.500000000 | 0.500000000 | 0.500000000 | 0.500000000 | 0.500000000 | 0.500000000 | 0.500000000 | 0.500000000 | 0.500000000 |
T9o | 0.500000000 | 0.500000000 | 0.500000000 | 0.500000000 | 0.500000000 | 0.500000000 | 0.500000000 | 0.500000000 | 0.500000000 | 0.500000000 | 0.500000000 | 0.500000000 | 0.500000000 | 0.500000000 |
T9s | 0.500000000 | 0.500000000 | 0.500000000 | 0.500000000 | 0.500000000 | 0.500000000 | 0.500000000 | 0.500000000 | 0.500000000 | 0.500000000 | 0.500000000 | 0.500000000 | 0.500000000 | 0.500000000 |
TTo | 0.500000000 | 0.500000000 | 0.500000000 | 0.500000000 | 0.500000000 | 0.500000000 | 0.500000000 | 0.500000000 | 0.500000000 | 0.500000000 | 0.500000000 | 0.500000000 | 0.500000000 | 0.500000000 |
J2o | 0.500000000 | 0.500000000 | 0.500000000 | 0.500000000 | 0.500000000 | 0.500000000 | 0.500000000 | 0.500000000 | 0.500000000 | 0.500000000 | 0.500000000 | 0.500000000 | 0.500000000 | 0.500000000 |
J2s | 0.500000000 | 0.500000000 | 0.500000000 | 0.500000000 | 0.500000000 | 0.500000000 | 0.500000000 | 0.500000000 | 0.500000000 | 0.500000000 | 0.500000000 | 0.500000000 | 0.500000000 | 0.500000000 |
J3o | 0.500000000 | 0.500000000 | 0.500000000 | 0.500000000 | 0.500000000 | 0.500000000 | 0.500000000 | 0.500000000 | 0.500000000 | 0.500000000 | 0.500000000 | 0.500000000 | 0.500000000 | 0.500000000 |
J3s | 0.500000000 | 0.500000000 | 0.500000000 | 0.500000000 | 0.500000000 | 0.500000000 | 0.500000000 | 0.500000000 | 0.500000000 | 0.500000000 | 0.500000000 | 0.500000000 | 0.500000000 | 0.500000000 |
J4o | 0.500000000 | 0.500000000 | 0.500000000 | 0.500000000 | 0.500000000 | 0.500000000 | 0.500000000 | 0.500000000 | 0.500000000 | 0.500000000 | 0.500000000 | 0.500000000 | 0.500000000 | 0.500000000 |
J4s | 0.500000000 | 0.500000000 | 0.500000000 | 0.500000000 | 0.500000000 | 0.500000000 | 0.500000000 | 0.500000000 | 0.500000000 | 0.500000000 | 0.500000000 | 0.500000000 | 0.500000000 | 0.500000000 |
J5o | 0.500000000 | 0.500000000 | 0.500000000 | 0.500000000 | 0.500000000 | 0.500000000 | 0.500000000 | 0.500000000 | 0.500000000 | 0.500000000 | 0.500000000 | 0.500000000 | 0.500000000 | 0.500000000 |
J5s | 0.500000000 | 0.500000000 | 0.500000000 | 0.500000000 | 0.500000000 | 0.500000000 | 0.500000000 | 0.500000000 | 0.500000000 | 0.500000000 | 0.500000000 | 0.500000000 | 0.500000000 | 0.500000000 |
J6o | 0.500000000 | 0.500000000 | 0.500000000 | 0.500000000 | 0.500000000 | 0.500000000 | 0.500000000 | 0.500000000 | 0.500000000 | 0.500000000 | 0.500000000 | 0.500000000 | 0.500000000 | 0.500000000 |
J6s | 0.500000000 | 0.500000000 | 0.500000000 | 0.500000000 | 0.500000000 | 0.500000000 | 0.500000000 | 0.500000000 | 0.500000000 | 0.500000000 | 0.500000000 | 0.500000000 | 0.500000000 | 0.500000000 |
J7o | 0.500000000 | 0.500000000 | 0.500000000 | 0.500000000 | 0.500000000 | 0.500000000 | 0.500000000 | 0.500000000 | 0.500000000 | 0.500000000 | 0.500000000 | 0.500000000 | 0.500000000 | 0.500000000 |
J7s | 0.500000000 | 0.500000000 | 0.500000000 | 0.500000000 | 0.500000000 | 0.500000000 | 0.500000000 | 0.500000000 | 0.500000000 | 0.500000000 | 0.500000000 | 0.500000000 | 0.500000000 | 0.500000000 |
J8o | 0.500000000 | 0.500000000 | 0.500000000 | 0.500000000 | 0.500000000 | 0.500000000 | 0.500000000 | 0.500000000 | 0.500000000 | 0.500000000 | 0.500000000 | 0.500000000 | 0.500000000 | 0.500000000 |
J8s | 0.500000000 | 0.500000000 | 0.500000000 | 0.500000000 | 0.500000000 | 0.500000000 | 0.500000000 | 0.500000000 | 0.500000000 | 0.500000000 | 0.500000000 | 0.500000000 | 0.500000000 | 0.500000000 |
J9o | 0.500000000 | 0.500000000 | 0.500000000 | 0.500000000 | 0.500000000 | 0.500000000 | 0.500000000 | 0.500000000 | 0.500000000 | 0.500000000 | 0.500000000 | 0.500000000 | 0.500000000 | 0.500000000 |
J9s | 0.500000000 | 0.500000000 | 0.500000000 | 0.500000000 | 0.500000000 | 0.500000000 | 0.500000000 | 0.500000000 | 0.500000000 | 0.500000000 | 0.500000000 | 0.500000000 | 0.500000000 | 0.500000000 |
JTo | 0.500000000 | 0.500000000 | 0.500000000 | 0.500000000 | 0.500000000 | 0.500000000 | 0.500000000 | 0.500000000 | 0.500000000 | 0.500000000 | 0.500000000 | 0.500000000 | 0.500000000 | 0.500000000 |
JTs | 0.500000000 | 0.500000000 | 0.500000000 | 0.500000000 | 0.500000000 | 0.500000000 | 0.500000000 | 0.500000000 | 0.500000000 | 0.500000000 | 0.500000000 | 0.500000000 | 0.500000000 | 0.500000000 |
JJo | 0.500000000 | 0.500000000 | 0.500000000 | 0.500000000 | 0.500000000 | 0.500000000 | 0.500000000 | 0.500000000 | 0.500000000 | 0.500000000 | 0.500000000 | 0.500000000 | 0.500000000 | 0.500000000 |
Q2o | 0.500000000 | 0.500000000 | 0.500000000 | 0.500000000 | 0.500000000 | 0.500000000 | 0.500000000 | 0.500000000 | 0.500000000 | 0.500000000 | 0.500000000 | 0.500000000 | 0.500000000 | 0.500000000 |
Q2s | 0.500000000 | 0.500000000 | 0.500000000 | 0.500000000 | 0.500000000 | 0.500000000 | 0.500000000 | 0.500000000 | 0.500000000 | 0.500000000 | 0.500000000 | 0.500000000 | 0.500000000 | 0.500000000 |
Q3o | 0.500000000 | 0.500000000 | 0.500000000 | 0.500000000 | 0.500000000 | 0.500000000 | 0.500000000 | 0.500000000 | 0.500000000 | 0.500000000 | 0.500000000 | 0.500000000 | 0.500000000 | 0.500000000 |
Q3s | 0.500000000 | 0.500000000 | 0.500000000 | 0.500000000 | 0.500000000 | 0.500000000 | 0.500000000 | 0.500000000 | 0.500000000 | 0.500000000 | 0.500000000 | 0.500000000 | 0.500000000 | 0.500000000 |
Q4o | 0.500000000 | 0.500000000 | 0.500000000 | 0.500000000 | 0.500000000 | 0.500000000 | 0.500000000 | 0.500000000 | 0.500000000 | 0.500000000 | 0.500000000 | 0.500000000 | 0.500000000 | 0.500000000 |
Q4s | 0.500000000 | 0.500000000 | 0.500000000 | 0.500000000 | 0.500000000 | 0.500000000 | 0.500000000 | 0.500000000 | 0.500000000 | 0.500000000 | 0.500000000 | 0.500000000 | 0.500000000 | 0.500000000 |
Q5o | 0.500000000 | 0.500000000 | 0.500000000 | 0.500000000 | 0.500000000 | 0.500000000 | 0.500000000 | 0.500000000 | 0.500000000 | 0.500000000 | 0.500000000 | 0.500000000 | 0.500000000 | 0.500000000 |
Q5s | 0.500000000 | 0.500000000 | 0.500000000 | 0.500000000 | 0.500000000 | 0.500000000 | 0.500000000 | 0.500000000 | 0.500000000 | 0.500000000 | 0.500000000 | 0.500000000 | 0.500000000 | 0.500000000 |
Q6o | 0.500000000 | 0.500000000 | 0.500000000 | 0.500000000 | 0.500000000 | 0.500000000 | 0.500000000 | 0.500000000 | 0.500000000 | 0.500000000 | 0.500000000 | 0.500000000 | 0.500000000 | 0.500000000 |
Q6s | 0.500000000 | 0.500000000 | 0.500000000 | 0.500000000 | 0.500000000 | 0.500000000 | 0.500000000 | 0.500000000 | 0.500000000 | 0.500000000 | 0.500000000 | 0.500000000 | 0.500000000 | 0.500000000 |
Q7o | 0.500000000 | 0.500000000 | 0.500000000 | 0.500000000 | 0.500000000 | 0.500000000 | 0.500000000 | 0.500000000 | 0.500000000 | 0.500000000 | 0.500000000 | 0.500000000 | 0.500000000 | 0.500000000 |
Q7s | 0.500000000 | 0.500000000 | 0.500000000 | 0.500000000 | 0.500000000 | 0.500000000 | 0.500000000 | 0.500000000 | 0.500000000 | 0.500000000 | 0.500000000 | 0.500000000 | 0.500000000 | 0.500000000 |
Q8o | 0.500000000 | 0.500000000 | 0.500000000 | 0.500000000 | 0.500000000 | 0.500000000 | 0.500000000 | 0.500000000 | 0.500000000 | 0.500000000 | 0.500000000 | 0.500000000 | 0.500000000 | 0.500000000 |
Q8s | 0.500000000 | 0.500000000 | 0.500000000 | 0.500000000 | 0.500000000 | 0.500000000 | 0.500000000 | 0.500000000 | 0.500000000 | 0.500000000 | 0.500000000 | 0.500000000 | 0.500000000 | 0.500000000 |
Q9o | 0.500000000 | 0.500000000 | 0.500000000 | 0.500000000 | 0.500000000 | 0.500000000 | 0.500000000 | 0.500000000 | 0.500000000 | 0.500000000 | 0.500000000 | 0.500000000 | 0.500000000 | 0.500000000 |
Q9s | 0.500000000 | 0.500000000 | 0.500000000 | 0.500000000 | 0.500000000 | 0.500000000 | 0.500000000 | 0.500000000 | 0.500000000 | 0.500000000 | 0.500000000 | 0.500000000 | 0.500000000 | 0.500000000 |
QTo | 0.500000000 | 0.500000000 | 0.500000000 | 0.500000000 | 0.500000000 | 0.500000000 | 0.500000000 | 0.500000000 | 0.500000000 | 0.500000000 | 0.500000000 | 0.500000000 | 0.500000000 | 0.500000000 |
QTs | 0.500000000 | 0.500000000 | 0.500000000 | 0.500000000 | 0.500000000 | 0.500000000 | 0.500000000 | 0.500000000 | 0.500000000 | 0.500000000 | 0.500000000 | 0.500000000 | 0.500000000 | 0.500000000 |
QJo | 0.500000000 | 0.500000000 | 0.500000000 | 0.500000000 | 0.500000000 | 0.500000000 | 0.500000000 | 0.500000000 | 0.500000000 | 0.500000000 | 0.500000000 | 0.500000000 | 0.500000000 | 0.500000000 |
QJs | 0.500000000 | 0.500000000 | 0.500000000 | 0.500000000 | 0.500000000 | 0.500000000 | 0.500000000 | 0.500000000 | 0.500000000 | 0.500000000 | 0.500000000 | 0.500000000 | 0.500000000 | 0.500000000 |
QQo | 0.500000000 | 0.500000000 | 0.500000000 | 0.500000000 | 0.500000000 | 0.500000000 | 0.500000000 | 0.500000000 | 0.500000000 | 0.500000000 | 0.500000000 | 0.500000000 | 0.500000000 | 0.500000000 |
K2o | 0.500000000 | 0.500000000 | 0.500000000 | 0.500000000 | 0.500000000 | 0.500000000 | 0.500000000 | 0.500000000 | 0.500000000 | 0.500000000 | 0.500000000 | 0.500000000 | 0.500000000 | 0.500000000 |
K2s | 0.500000000 | 0.500000000 | 0.500000000 | 0.500000000 | 0.500000000 | 0.500000000 | 0.500000000 | 0.500000000 | 0.500000000 | 0.500000000 | 0.500000000 | 0.500000000 | 0.500000000 | 0.500000000 |
K3o | 0.500000000 | 0.500000000 | 0.500000000 | 0.500000000 | 0.500000000 | 0.500000000 | 0.500000000 | 0.500000000 | 0.500000000 | 0.500000000 | 0.500000000 | 0.500000000 | 0.500000000 | 0.500000000 |
K3s | 0.500000000 | 0.500000000 | 0.500000000 | 0.500000000 | 0.500000000 | 0.500000000 | 0.500000000 | 0.500000000 | 0.500000000 | 0.500000000 | 0.500000000 | 0.500000000 | 0.500000000 | 0.500000000 |
K4o | 0.500000000 | 0.500000000 | 0.500000000 | 0.500000000 | 0.500000000 | 0.500000000 | 0.500000000 | 0.500000000 | 0.500000000 | 0.500000000 | 0.500000000 | 0.500000000 | 0.500000000 | 0.500000000 |
K4s | 0.500000000 | 0.500000000 | 0.500000000 | 0.500000000 | 0.500000000 | 0.500000000 | 0.500000000 | 0.500000000 | 0.500000000 | 0.500000000 | 0.500000000 | 0.500000000 | 0.500000000 | 0.500000000 |
K5o | 0.500000000 | 0.500000000 | 0.500000000 | 0.500000000 | 0.500000000 | 0.500000000 | 0.500000000 | 0.500000000 | 0.500000000 | 0.500000000 | 0.500000000 | 0.500000000 | 0.500000000 | 0.500000000 |
K5s | 0.500000000 | 0.500000000 | 0.500000000 | 0.500000000 | 0.500000000 | 0.500000000 | 0.500000000 | 0.500000000 | 0.500000000 | 0.500000000 | 0.500000000 | 0.500000000 | 0.500000000 | 0.500000000 |
K6o | 0.500000000 | 0.500000000 | 0.500000000 | 0.500000000 | 0.500000000 | 0.500000000 | 0.500000000 | 0.500000000 | 0.500000000 | 0.500000000 | 0.500000000 | 0.500000000 | 0.500000000 | 0.500000000 |
K6s | 0.500000000 | 0.500000000 | 0.500000000 | 0.500000000 | 0.500000000 | 0.500000000 | 0.500000000 | 0.500000000 | 0.500000000 | 0.500000000 | 0.500000000 | 0.500000000 | 0.500000000 | 0.500000000 |
K7o | 0.500000000 | 0.500000000 | 0.500000000 | 0.500000000 | 0.500000000 | 0.500000000 | 0.500000000 | 0.500000000 | 0.500000000 | 0.500000000 | 0.500000000 | 0.500000000 | 0.500000000 | 0.500000000 |
K7s | 0.500000000 | 0.500000000 | 0.500000000 | 0.500000000 | 0.500000000 | 0.500000000 | 0.500000000 | 0.500000000 | 0.500000000 | 0.500000000 | 0.500000000 | 0.500000000 | 0.500000000 | 0.500000000 |
K8o | 0.500000000 | 0.500000000 | 0.500000000 | 0.500000000 | 0.500000000 | 0.500000000 | 0.500000000 | 0.500000000 | 0.500000000 | 0.500000000 | 0.500000000 | 0.500000000 | 0.500000000 | 0.500000000 |
K8s | 0.500000000 | 0.500000000 | 0.500000000 | 0.500000000 | 0.500000000 | 0.500000000 | 0.500000000 | 0.500000000 | 0.500000000 | 0.500000000 | 0.500000000 | 0.500000000 | 0.500000000 | 0.500000000 |
K9o | 0.500000000 | 0.500000000 | 0.500000000 | 0.500000000 | 0.500000000 | 0.500000000 | 0.500000000 | 0.500000000 | 0.500000000 | 0.500000000 | 0.500000000 | 0.500000000 | 0.500000000 | 0.500000000 |
K9s | 0.500000000 | 0.500000000 | 0.500000000 | 0.500000000 | 0.500000000 | 0.500000000 | 0.500000000 | 0.500000000 | 0.500000000 | 0.500000000 | 0.500000000 | 0.500000000 | 0.500000000 | 0.500000000 |
KTo | 0.500000000 | 0.500000000 | 0.500000000 | 0.500000000 | 0.500000000 | 0.500000000 | 0.500000000 | 0.500000000 | 0.500000000 | 0.500000000 | 0.500000000 | 0.500000000 | 0.500000000 | 0.500000000 |
KTs | 0.500000000 | 0.500000000 | 0.500000000 | 0.500000000 | 0.500000000 | 0.500000000 | 0.500000000 | 0.500000000 | 0.500000000 | 0.500000000 | 0.500000000 | 0.500000000 | 0.500000000 | 0.500000000 |
KJo | 0.500000000 | 0.500000000 | 0.500000000 | 0.500000000 | 0.500000000 | 0.500000000 | 0.500000000 | 0.500000000 | 0.500000000 | 0.500000000 | 0.500000000 | 0.500000000 | 0.500000000 | 0.500000000 |
KJs | 0.500000000 | 0.500000000 | 0.500000000 | 0.500000000 | 0.500000000 | 0.500000000 | 0.500000000 | 0.500000000 | 0.500000000 | 0.500000000 | 0.500000000 | 0.500000000 | 0.500000000 | 0.500000000 |
KQo | 0.500000000 | 0.500000000 | 0.500000000 | 0.500000000 | 0.500000000 | 0.500000000 | 0.500000000 | 0.500000000 | 0.500000000 | 0.500000000 | 0.500000000 | 0.500000000 | 0.500000000 | 0.500000000 |
KQs | 0.500000000 | 0.500000000 | 0.500000000 | 0.500000000 | 0.500000000 | 0.500000000 | 0.500000000 | 0.500000000 | 0.500000000 | 0.500000000 | 0.500000000 | 0.500000000 | 0.500000000 | 0.500000000 |
KKo | 0.500000000 | 0.500000000 | 0.500000000 | 0.500000000 | 0.500000000 | 0.500000000 | 0.500000000 | 0.500000000 | 0.500000000 | 0.500000000 | 0.500000000 | 0.500000000 | 0.500000000 | 0.500000000 |
A2o | 0.500000000 | 0.500000000 | 0.500000000 | 0.500000000 | 0.500000000 | 0.500000000 | 0.500000000 | 0.500000000 | 0.500000000 | 0.500000000 | 0.500000000 | 0.500000000 | 0.500000000 | 0.500000000 |
A2s | 0.500000000 | 0.500000000 | 0.500000000 | 0.500000000 | 0.500000000 | 0.500000000 | 0.500000000 | 0.500000000 | 0.500000000 | 0.500000000 | 0.500000000 | 0.500000000 | 0.500000000 | 0.500000000 |
A3o | 0.500000000 | 0.500000000 | 0.500000000 | 0.500000000 | 0.500000000 | 0.500000000 | 0.500000000 | 0.500000000 | 0.500000000 | 0.500000000 | 0.500000000 | 0.500000000 | 0.500000000 | 0.500000000 |
A3s | 0.500000000 | 0.500000000 | 0.500000000 | 0.500000000 | 0.500000000 | 0.500000000 | 0.500000000 | 0.500000000 | 0.500000000 | 0.500000000 | 0.500000000 | 0.500000000 | 0.500000000 | 0.500000000 |
A4o | 0.500000000 | 0.500000000 | 0.500000000 | 0.500000000 | 0.500000000 | 0.500000000 | 0.500000000 | 0.500000000 | 0.500000000 | 0.500000000 | 0.500000000 | 0.500000000 | 0.500000000 | 0.500000000 |
A4s | 0.500000000 | 0.500000000 | 0.500000000 | 0.500000000 | 0.500000000 | 0.500000000 | 0.500000000 | 0.500000000 | 0.500000000 | 0.500000000 | 0.500000000 | 0.500000000 | 0.500000000 | 0.500000000 |
A5o | 0.500000000 | 0.500000000 | 0.500000000 | 0.500000000 | 0.500000000 | 0.500000000 | 0.500000000 | 0.500000000 | 0.500000000 | 0.500000000 | 0.500000000 | 0.500000000 | 0.500000000 | 0.500000000 |
A5s | 0.500000000 | 0.500000000 | 0.500000000 | 0.500000000 | 0.500000000 | 0.500000000 | 0.500000000 | 0.500000000 | 0.500000000 | 0.500000000 | 0.500000000 | 0.500000000 | 0.500000000 | 0.500000000 |
A6o | 0.500000000 | 0.500000000 | 0.500000000 | 0.500000000 | 0.500000000 | 0.500000000 | 0.500000000 | 0.500000000 | 0.500000000 | 0.500000000 | 0.500000000 | 0.500000000 | 0.500000000 | 0.500000000 |
A6s | 0.500000000 | 0.500000000 | 0.500000000 | 0.500000000 | 0.500000000 | 0.500000000 | 0.500000000 | 0.500000000 | 0.500000000 | 0.500000000 | 0.500000000 | 0.500000000 | 0.500000000 | 0.500000000 |
A7o | 0.500000000 | 0.500000000 | 0.500000000 | 0.500000000 | 0.500000000 | 0.500000000 | 0.500000000 | 0.500000000 | 0.500000000 | 0.500000000 | 0.500000000 | 0.500000000 | 0.500000000 | 0.500000000 |
A7s | 0.500000000 | 0.500000000 | 0.500000000 | 0.500000000 | 0.500000000 | 0.500000000 | 0.500000000 | 0.500000000 | 0.500000000 | 0.500000000 | 0.500000000 | 0.500000000 | 0.500000000 | 0.500000000 |
A8o | 0.500000000 | 0.500000000 | 0.500000000 | 0.500000000 | 0.500000000 | 0.500000000 | 0.500000000 | 0.500000000 | 0.500000000 | 0.500000000 | 0.500000000 | 0.500000000 | 0.500000000 | 0.500000000 |
A8s | 0.500000000 | 0.500000000 | 0.500000000 | 0.500000000 | 0.500000000 | 0.500000000 | 0.500000000 | 0.500000000 | 0.500000000 | 0.500000000 | 0.500000000 | 0.500000000 | 0.500000000 | 0.500000000 |
A9o | 0.500000000 | 0.500000000 | 0.500000000 | 0.500000000 | 0.500000000 | 0.500000000 | 0.500000000 | 0.500000000 | 0.500000000 | 0.500000000 | 0.500000000 | 0.500000000 | 0.500000000 | 0.500000000 |
A9s | 0.500000000 | 0.500000000 | 0.500000000 | 0.500000000 | 0.500000000 | 0.500000000 | 0.500000000 | 0.500000000 | 0.500000000 | 0.500000000 | 0.500000000 | 0.500000000 | 0.500000000 | 0.500000000 |
ATo | 0.500000000 | 0.500000000 | 0.500000000 | 0.500000000 | 0.500000000 | 0.500000000 | 0.500000000 | 0.500000000 | 0.500000000 | 0.500000000 | 0.500000000 | 0.500000000 | 0.500000000 | 0.500000000 |
ATs | 0.500000000 | 0.500000000 | 0.500000000 | 0.500000000 | 0.500000000 | 0.500000000 | 0.500000000 | 0.500000000 | 0.500000000 | 0.500000000 | 0.500000000 | 0.500000000 | 0.500000000 | 0.500000000 |
AJo | 0.500000000 | 0.500000000 | 0.500000000 | 0.500000000 | 0.500000000 | 0.500000000 | 0.500000000 | 0.500000000 | 0.500000000 | 0.500000000 | 0.500000000 | 0.500000000 | 0.500000000 | 0.500000000 |
AJs | 0.500000000 | 0.500000000 | 0.500000000 | 0.500000000 | 0.500000000 | 0.500000000 | 0.500000000 | 0.500000000 | 0.500000000 | 0.500000000 | 0.500000000 | 0.500000000 | 0.500000000 | 0.500000000 |
AQo | 0.500000000 | 0.500000000 | 0.500000000 | 0.500000000 | 0.500000000 | 0.500000000 | 0.500000000 | 0.500000000 | 0.500000000 | 0.500000000 | 0.500000000 | 0.500000000 | 0.500000000 | 0.500000000 |
AQs | 0.500000000 | 0.500000000 | 0.500000000 | 0.500000000 | 0.500000000 | 0.500000000 | 0.500000000 | 0.500000000 | 0.500000000 | 0.500000000 | 0.500000000 | 0.500000000 | 0.500000000 | 0.500000000 |
AKo | 0.500000000 | 0.500000000 | 0.500000000 | 0.500000000 | 0.500000000 | 0.500000000 | 0.500000000 | 0.500000000 | 0.500000000 | 0.500000000 | 0.500000000 | 0.500000000 | 0.500000000 | 0.500000000 |
AKs | 0.500000000 | 0.500000000 | 0.500000000 | 0.500000000 | 0.500000000 | 0.500000000 | 0.500000000 | 0.500000000 | 0.500000000 | 0.500000000 | 0.500000000 | 0.500000000 | 0.500000000 | 0.500000000 |
AAo | 0.500000000 | 0.500000000 | 0.500000000 | 0.500000000 | 0.500000000 | 0.500000000 | 0.500000000 | 0.500000000 | 0.500000000 | 0.500000000 | 0.500000000 | 0.500000000 | 0.500000000 | 0.500000000 |


=====================================================================


HighCard: 0.000000
Pair: 50.000000
TwoPairs: 50.000000
Trips: 0.000000
Straight: 0.000000
Flush: 0.000000
FullHouse: 0.000000
Quads: 0.000000
StraightFlush: 0.000000

Empty-BigBlind: 100.000000
OneRaise-CutOff: 0.000000
OneRaise-Dealer: 0.000000
OneRaise-SmallBlind: 0.000000
TwoRaises-CutOff, Dealer: 0.000000
TwoRaises-CutOff, SmallBlind: 0.000000
TwoRaises-CutOff, BigBlind: 0.000000
TwoRaises-Dealer, SmallBlind: 0.000000
TwoRaises-Dealer, BigBlind: 0.000000
TwoRaises-SmallBlind, BigBlind: 0.000000
ThreeRaises-CutOff, Dealer, SmallBlind: 0.000000
ThreeRaises-CutOff, Dealer, BigBlind: 0.000000
ThreeRaises-CutOff, SmallBlind, BigBlind: 0.000000
ThreeRaises-Dealer, SmallBlind, BigBlind: 0.000000
FourRaises-CutOff, Dealer, SmallBlind, BigBlind: 0.000000

Jackpots:
CutOff:0.000000
Dealer:0.000000
SmallBlind:0.000000
BigBlind:0.000000


