==============================================================================================================
============================******************************************************============================
==============================================================================================================
=====================================================================
========= Poker Table Summary: #Hand: 1

| J♥ | 2♦ | 3♥ | 9♦ | 3♦ | 

Player ID: , Position: CutOff, Holding Cards: | 3♠ | 5♥ | , Action: Fold, 
Best Hand: 5096, Money: 0.000000, Reward: 0.000000
MWU Agent 
    |     CO      |     DE      |    DE_CO    |     SB      |    SB_CO    |    SB_DE    |  SB_CO_DE   |    BB_CO    |    BB_DE    |    BB_SB    |  BB_CO_DE   |  BB_CO_SB   |  BB_DE_SB   | BB_CO_DE_SB |
22o | 0.500000000 | 0.500000000 | 0.500000000 | 0.500000000 | 0.500000000 | 0.500000000 | 0.500000000 | 0.500000000 | 0.500000000 | 0.500000000 | 0.500000000 | 0.500000000 | 0.500000000 | 0.500000000 |
32o | 0.500000000 | 0.500000000 | 0.500000000 | 0.500000000 | 0.500000000 | 0.500000000 | 0.500000000 | 0.500000000 | 0.500000000 | 0.500000000 | 0.500000000 | 0.500000000 | 0.500000000 | 0.500000000 |
32s | 0.500000000 | 0.500000000 | 0.500000000 | 0.500000000 | 0.500000000 | 0.500000000 | 0.500000000 | 0.500000000 | 0.500000000 | 0.500000000 | 0.500000000 | 0.500000000 | 0.500000000 | 0.500000000 |
33o | 0.500000000 | 0.500000000 | 0.500000000 | 0.500000000 | 0.500000000 | 0.500000000 | 0.500000000 | 0.500000000 | 0.500000000 | 0.500000000 | 0.500000000 | 0.500000000 | 0.500000000 | 0.500000000 |
42o | 0.500000000 | 0.500000000 | 0.500000000 | 0.500000000 | 0.500000000 | 0.500000000 | 0.500000000 | 0.500000000 | 0.500000000 | 0.500000000 | 0.500000000 | 0.500000000 | 0.500000000 | 0.500000000 |
42s | 0.500000000 | 0.500000000 | 0.500000000 | 0.500000000 | 0.500000000 | 0.500000000 | 0.500000000 | 0.500000000 | 0.500000000 | 0.500000000 | 0.500000000 | 0.500000000 | 0.500000000 | 0.500000000 |
43o | 0.500000000 | 0.500000000 | 0.500000000 | 0.500000000 | 0.500000000 | 0.500000000 | 0.500000000 | 0.500000000 | 0.500000000 | 0.500000000 | 0.500000000 | 0.500000000 | 0.500000000 | 0.500000000 |
43s | 0.500000000 | 0.500000000 | 0.500000000 | 0.500000000 | 0.500000000 | 0.500000000 | 0.500000000 | 0.500000000 | 0.500000000 | 0.500000000 | 0.500000000 | 0.500000000 | 0.500000000 | 0.500000000 |
44o | 0.500000000 | 0.500000000 | 0.500000000 | 0.500000000 | 0.500000000 | 0.500000000 | 0.500000000 | 0.500000000 | 0.500000000 | 0.500000000 | 0.500000000 | 0.500000000 | 0.500000000 | 0.500000000 |
52o | 0.500000000 | 0.500000000 | 0.500000000 | 0.500000000 | 0.500000000 | 0.500000000 | 0.500000000 | 0.500000000 | 0.500000000 | 0.500000000 | 0.500000000 | 0.500000000 | 0.500000000 | 0.500000000 |
52s | 0.500000000 | 0.500000000 | 0.500000000 | 0.500000000 | 0.500000000 | 0.500000000 | 0.500000000 | 0.500000000 | 0.500000000 | 0.500000000 | 0.500000000 | 0.500000000 | 0.500000000 | 0.500000000 |
53o | 0.500000000 | 0.500000000 | 0.500000000 | 0.500000000 | 0.500000000 | 0.500000000 | 0.500000000 | 0.500000000 | 0.500000000 | 0.500000000 | 0.500000000 | 0.500000000 | 0.500000000 | 0.500000000 |
53s | 0.500000000 | 0.500000000 | 0.500000000 | 0.500000000 | 0.500000000 | 0.500000000 | 0.500000000 | 0.500000000 | 0.500000000 | 0.500000000 | 0.500000000 | 0.500000000 | 0.500000000 | 0.500000000 |
54o | 0.500000000 | 0.500000000 | 0.500000000 | 0.500000000 | 0.500000000 | 0.500000000 | 0.500000000 | 0.500000000 | 0.500000000 | 0.500000000 | 0.500000000 | 0.500000000 | 0.500000000 | 0.500000000 |
54s | 0.500000000 | 0.500000000 | 0.500000000 | 0.500000000 | 0.500000000 | 0.500000000 | 0.500000000 | 0.500000000 | 0.500000000 | 0.500000000 | 0.500000000 | 0.500000000 | 0.500000000 | 0.500000000 |
55o | 0.500000000 | 0.500000000 | 0.500000000 | 0.500000000 | 0.500000000 | 0.500000000 | 0.500000000 | 0.500000000 | 0.500000000 | 0.500000000 | 0.500000000 | 0.500000000 | 0.500000000 | 0.500000000 |
62o | 0.500000000 | 0.500000000 | 0.500000000 | 0.500000000 | 0.500000000 | 0.500000000 | 0.500000000 | 0.500000000 | 0.500000000 | 0.500000000 | 0.500000000 | 0.500000000 | 0.500000000 | 0.500000000 |
62s | 0.500000000 | 0.500000000 | 0.500000000 | 0.500000000 | 0.500000000 | 0.500000000 | 0.500000000 | 0.500000000 | 0.500000000 | 0.500000000 | 0.500000000 | 0.500000000 | 0.500000000 | 0.500000000 |
63o | 0.500000000 | 0.500000000 | 0.500000000 | 0.500000000 | 0.500000000 | 0.500000000 | 0.500000000 | 0.500000000 | 0.500000000 | 0.500000000 | 0.500000000 | 0.500000000 | 0.500000000 | 0.500000000 |
63s | 0.500000000 | 0.500000000 | 0.500000000 | 0.500000000 | 0.500000000 | 0.500000000 | 0.500000000 | 0.500000000 | 0.500000000 | 0.500000000 | 0.500000000 | 0.500000000 | 0.500000000 | 0.500000000 |
64o | 0.500000000 | 0.500000000 | 0.500000000 | 0.500000000 | 0.500000000 | 0.500000000 | 0.500000000 | 0.500000000 | 0.500000000 | 0.500000000 | 0.500000000 | 0.500000000 | 0.500000000 | 0.500000000 |
64s | 0.500000000 | 0.500000000 | 0.500000000 | 0.500000000 | 0.500000000 | 0.500000000 | 0.500000000 | 0.500000000 | 0.500000000 | 0.500000000 | 0.500000000 | 0.500000000 | 0.500000000 | 0.500000000 |
65o | 0.500000000 | 0.500000000 | 0.500000000 | 0.500000000 | 0.500000000 | 0.500000000 | 0.500000000 | 0.500000000 | 0.500000000 | 0.500000000 | 0.500000000 | 0.500000000 | 0.500000000 | 0.500000000 |
65s | 0.500000000 | 0.500000000 | 0.500000000 | 0.500000000 | 0.500000000 | 0.500000000 | 0.500000000 | 0.500000000 | 0.500000000 | 0.500000000 | 0.500000000 | 0.500000000 | 0.500000000 | 0.500000000 |
66o | 0.500000000 | 0.500000000 | 0.500000000 | 0.500000000 | 0.500000000 | 0.500000000 | 0.500000000 | 0.500000000 | 0.500000000 | 0.500000000 | 0.500000000 | 0.500000000 | 0.500000000 | 0.500000000 |
72o | 0.500000000 | 0.500000000 | 0.500000000 | 0.500000000 | 0.500000000 | 0.500000000 | 0.500000000 | 0.500000000 | 0.500000000 | 0.500000000 | 0.500000000 | 0.500000000 | 0.500000000 | 0.500000000 |
72s | 0.500000000 | 0.500000000 | 0.500000000 | 0.500000000 | 0.500000000 | 0.500000000 | 0.500000000 | 0.500000000 | 0.500000000 | 0.500000000 | 0.500000000 | 0.500000000 | 0.500000000 | 0.500000000 |
73o | 0.500000000 | 0.500000000 | 0.500000000 | 0.500000000 | 0.500000000 | 0.500000000 | 0.500000000 | 0.500000000 | 0.500000000 | 0.500000000 | 0.500000000 | 0.500000000 | 0.500000000 | 0.500000000 |
73s | 0.500000000 | 0.500000000 | 0.500000000 | 0.500000000 | 0.500000000 | 0.500000000 | 0.500000000 | 0.500000000 | 0.500000000 | 0.500000000 | 0.500000000 | 0.500000000 | 0.500000000 | 0.500000000 |
74o | 0.500000000 | 0.500000000 | 0.500000000 | 0.500000000 | 0.500000000 | 0.500000000 | 0.500000000 | 0.500000000 | 0.500000000 | 0.500000000 | 0.500000000 | 0.500000000 | 0.500000000 | 0.500000000 |
74s | 0.500000000 | 0.500000000 | 0.500000000 | 0.500000000 | 0.500000000 | 0.500000000 | 0.500000000 | 0.500000000 | 0.500000000 | 0.500000000 | 0.500000000 | 0.500000000 | 0.500000000 | 0.500000000 |
75o | 0.500000000 | 0.500000000 | 0.500000000 | 0.500000000 | 0.500000000 | 0.500000000 | 0.500000000 | 0.500000000 | 0.500000000 | 0.500000000 | 0.500000000 | 0.500000000 | 0.500000000 | 0.500000000 |
75s | 0.500000000 | 0.500000000 | 0.500000000 | 0.500000000 | 0.500000000 | 0.500000000 | 0.500000000 | 0.500000000 | 0.500000000 | 0.500000000 | 0.500000000 | 0.500000000 | 0.500000000 | 0.500000000 |
76o | 0.500000000 | 0.500000000 | 0.500000000 | 0.500000000 | 0.500000000 | 0.500000000 | 0.500000000 | 0.500000000 | 0.500000000 | 0.500000000 | 0.500000000 | 0.500000000 | 0.500000000 | 0.500000000 |
76s | 0.500000000 | 0.500000000 | 0.500000000 | 0.500000000 | 0.500000000 | 0.500000000 | 0.500000000 | 0.500000000 | 0.500000000 | 0.500000000 | 0.500000000 | 0.500000000 | 0.500000000 | 0.500000000 |
77o | 0.500000000 | 0.500000000 | 0.500000000 | 0.500000000 | 0.500000000 | 0.500000000 | 0.500000000 | 0.500000000 | 0.500000000 | 0.500000000 | 0.500000000 | 0.500000000 | 0.500000000 | 0.500000000 |
82o | 0.500000000 | 0.500000000 | 0.500000000 | 0.500000000 | 0.500000000 | 0.500000000 | 0.500000000 | 0.500000000 | 0.500000000 | 0.500000000 | 0.500000000 | 0.500000000 | 0.500000000 | 0.500000000 |
82s | 0.500000000 | 0.500000000 | 0.500000000 | 0.500000000 | 0.500000000 | 0.500000000 | 0.500000000 | 0.500000000 | 0.500000000 | 0.500000000 | 0.500000000 | 0.500000000 | 0.500000000 | 0.500000000 |
83o | 0.500000000 | 0.500000000 | 0.500000000 | 0.500000000 | 0.500000000 | 0.500000000 | 0.500000000 | 0.500000000 | 0.500000000 | 0.500000000 | 0.500000000 | 0.500000000 | 0.500000000 | 0.500000000 |
83s | 0.500000000 | 0.500000000 | 0.500000000 | 0.500000000 | 0.500000000 | 0.500000000 | 0.500000000 | 0.500000000 | 0.500000000 | 0.500000000 | 0.500000000 | 0.500000000 | 0.500000000 | 0.500000000 |
84o | 0.500000000 | 0.500000000 | 0.500000000 | 0.500000000 | 0.500000000 | 0.500000000 | 0.500000000 | 0.500000000 | 0.500000000 | 0.500000000 | 0.500000000 | 0.500000000 | 0.500000000 | 0.500000000 |
84s | 0.500000000 | 0.500000000 | 0.500000000 | 0.500000000 | 0.500000000 | 0.500000000 | 0.500000000 | 0.500000000 | 0.500000000 | 0.500000000 | 0.500000000 | 0.500000000 | 0.500000000 | 0.500000000 |
85o | 0.500000000 | 0.500000000 | 0.500000000 | 0.500000000 | 0.500000000 | 0.500000000 | 0.500000000 | 0.500000000 | 0.500000000 | 0.500000000 | 0.500000000 | 0.500000000 | 0.500000000 | 0.500000000 |
85s | 0.500000000 | 0.500000000 | 0.500000000 | 0.500000000 | 0.500000000 | 0.500000000 | 0.500000000 | 0.500000000 | 0.500000000 | 0.500000000 | 0.500000000 | 0.500000000 | 0.500000000 | 0.500000000 |
86o | 0.500000000 | 0.500000000 | 0.500000000 | 0.500000000 | 0.500000000 | 0.500000000 | 0.500000000 | 0.500000000 | 0.500000000 | 0.500000000 | 0.500000000 | 0.500000000 | 0.500000000 | 0.500000000 |
86s | 0.500000000 | 0.500000000 | 0.500000000 | 0.500000000 | 0.500000000 | 0.500000000 | 0.500000000 | 0.500000000 | 0.500000000 | 0.500000000 | 0.500000000 | 0.500000000 | 0.500000000 | 0.500000000 |
87o | 0.500000000 | 0.500000000 | 0.500000000 | 0.500000000 | 0.500000000 | 0.500000000 | 0.500000000 | 0.500000000 | 0.500000000 | 0.500000000 | 0.500000000 | 0.500000000 | 0.500000000 | 0.500000000 |
87s | 0.500000000 | 0.500000000 | 0.500000000 | 0.500000000 | 0.500000000 | 0.500000000 | 0.500000000 | 0.500000000 | 0.500000000 | 0.500000000 | 0.500000000 | 0.500000000 | 0.500000000 | 0.500000000 |
88o | 0.500000000 | 0.500000000 | 0.500000000 | 0.500000000 | 0.500000000 | 0.500000000 | 0.500000000 | 0.500000000 | 0.500000000 | 0.500000000 | 0.500000000 | 0.500000000 | 0.500000000 | 0.500000000 |
92o | 0.500000000 | 0.500000000 | 0.500000000 | 0.500000000 | 0.500000000 | 0.500000000 | 0.500000000 | 0.500000000 | 0.500000000 | 0.500000000 | 0.500000000 | 0.500000000 | 0.500000000 | 0.500000000 |
92s | 0.500000000 | 0.500000000 | 0.500000000 | 0.500000000 | 0.500000000 | 0.500000000 | 0.500000000 | 0.500000000 | 0.500000000 | 0.500000000 | 0.500000000 | 0.500000000 | 0.500000000 | 0.500000000 |
93o | 0.500000000 | 0.500000000 | 0.500000000 | 0.500000000 | 0.500000000 | 0.500000000 | 0.500000000 | 0.500000000 | 0.500000000 | 0.500000000 | 0.500000000 | 0.500000000 | 0.500000000 | 0.500000000 |
93s | 0.500000000 | 0.500000000 | 0.500000000 | 0.500000000 | 0.500000000 | 0.500000000 | 0.500000000 | 0.500000000 | 0.500000000 | 0.500000000 | 0.500000000 | 0.500000000 | 0.500000000 | 0.500000000 |
94o | 0.500000000 | 0.500000000 | 0.500000000 | 0.500000000 | 0.500000000 | 0.500000000 | 0.500000000 | 0.500000000 | 0.500000000 | 0.500000000 | 0.500000000 | 0.500000000 | 0.500000000 | 0.500000000 |
94s | 0.500000000 | 0.500000000 | 0.500000000 | 0.500000000 | 0.500000000 | 0.500000000 | 0.500000000 | 0.500000000 | 0.500000000 | 0.500000000 | 0.500000000 | 0.500000000 | 0.500000000 | 0.500000000 |
95o | 0.500000000 | 0.500000000 | 0.500000000 | 0.500000000 | 0.500000000 | 0.500000000 | 0.500000000 | 0.500000000 | 0.500000000 | 0.500000000 | 0.500000000 | 0.500000000 | 0.500000000 | 0.500000000 |
95s | 0.500000000 | 0.500000000 | 0.500000000 | 0.500000000 | 0.500000000 | 0.500000000 | 0.500000000 | 0.500000000 | 0.500000000 | 0.500000000 | 0.500000000 | 0.500000000 | 0.500000000 | 0.500000000 |
96o | 0.500000000 | 0.500000000 | 0.500000000 | 0.500000000 | 0.500000000 | 0.500000000 | 0.500000000 | 0.500000000 | 0.500000000 | 0.500000000 | 0.500000000 | 0.500000000 | 0.500000000 | 0.500000000 |
96s | 0.500000000 | 0.500000000 | 0.500000000 | 0.500000000 | 0.500000000 | 0.500000000 | 0.500000000 | 0.500000000 | 0.500000000 | 0.500000000 | 0.500000000 | 0.500000000 | 0.500000000 | 0.500000000 |
97o | 0.500000000 | 0.500000000 | 0.500000000 | 0.500000000 | 0.500000000 | 0.500000000 | 0.500000000 | 0.500000000 | 0.500000000 | 0.500000000 | 0.500000000 | 0.500000000 | 0.500000000 | 0.500000000 |
97s | 0.500000000 | 0.500000000 | 0.500000000 | 0.500000000 | 0.500000000 | 0.500000000 | 0.500000000 | 0.500000000 | 0.500000000 | 0.500000000 | 0.500000000 | 0.500000000 | 0.500000000 | 0.500000000 |
98o | 0.500000000 | 0.500000000 | 0.500000000 | 0.500000000 | 0.500000000 | 0.500000000 | 0.500000000 | 0.500000000 | 0.500000000 | 0.500000000 | 0.500000000 | 0.500000000 | 0.500000000 | 0.500000000 |
98s | 0.500000000 | 0.500000000 | 0.500000000 | 0.500000000 | 0.500000000 | 0.500000000 | 0.500000000 | 0.500000000 | 0.500000000 | 0.500000000 | 0.500000000 | 0.500000000 | 0.500000000 | 0.500000000 |
99o | 0.500000000 | 0.500000000 | 0.500000000 | 0.500000000 | 0.500000000 | 0.500000000 | 0.500000000 | 0.500000000 | 0.500000000 | 0.500000000 | 0.500000000 | 0.500000000 | 0.500000000 | 0.500000000 |
T2o | 0.500000000 | 0.500000000 | 0.500000000 | 0.500000000 | 0.500000000 | 0.500000000 | 0.500000000 | 0.500000000 | 0.500000000 | 0.500000000 | 0.500000000 | 0.500000000 | 0.500000000 | 0.500000000 |
T2s | 0.500000000 | 0.500000000 | 0.500000000 | 0.500000000 | 0.500000000 | 0.500000000 | 0.500000000 | 0.500000000 | 0.500000000 | 0.500000000 | 0.500000000 | 0.500000000 | 0.500000000 | 0.500000000 |
T3o | 0.500000000 | 0.500000000 | 0.500000000 | 0.500000000 | 0.500000000 | 0.500000000 | 0.500000000 | 0.500000000 | 0.500000000 | 0.500000000 | 0.500000000 | 0.500000000 | 0.500000000 | 0.500000000 |
T3s | 0.500000000 | 0.500000000 | 0.500000000 | 0.500000000 | 0.500000000 | 0.500000000 | 0.500000000 | 0.500000000 | 0.500000000 | 0.500000000 | 0.500000000 | 0.500000000 | 0.500000000 | 0.500000000 |
T4o | 0.500000000 | 0.500000000 | 0.500000000 | 0.500000000 | 0.500000000 | 0.500000000 | 0.500000000 | 0.500000000 | 0.500000000 | 0.500000000 | 0.500000000 | 0.500000000 | 0.500000000 | 0.500000000 |
T4s | 0.500000000 | 0.500000000 | 0.500000000 | 0.500000000 | 0.500000000 | 0.500000000 | 0.500000000 | 0.500000000 | 0.500000000 | 0.500000000 | 0.500000000 | 0.500000000 | 0.500000000 | 0.500000000 |
T5o | 0.500000000 | 0.500000000 | 0.500000000 | 0.500000000 | 0.500000000 | 0.500000000 | 0.500000000 | 0.500000000 | 0.500000000 | 0.500000000 | 0.500000000 | 0.500000000 | 0.500000000 | 0.500000000 |
T5s | 0.500000000 | 0.500000000 | 0.500000000 | 0.500000000 | 0.500000000 | 0.500000000 | 0.500000000 | 0.500000000 | 0.500000000 | 0.500000000 | 0.500000000 | 0.500000000 | 0.500000000 | 0.500000000 |
T6o | 0.500000000 | 0.500000000 | 0.500000000 | 0.500000000 | 0.500000000 | 0.500000000 | 0.500000000 | 0.500000000 | 0.500000000 | 0.500000000 | 0.500000000 | 0.500000000 | 0.500000000 | 0.500000000 |
T6s | 0.500000000 | 0.500000000 | 0.500000000 | 0.500000000 | 0.500000000 | 0.500000000 | 0.500000000 | 0.500000000 | 0.500000000 | 0.500000000 | 0.500000000 | 0.500000000 | 0.500000000 | 0.500000000 |
T7o | 0.500000000 | 0.500000000 | 0.500000000 | 0.500000000 | 0.500000000 | 0.500000000 | 0.500000000 | 0.500000000 | 0.500000000 | 0.500000000 | 0.500000000 | 0.500000000 | 0.500000000 | 0.500000000 |
T7s | 0.500000000 | 0.500000000 | 0.500000000 | 0.500000000 | 0.500000000 | 0.500000000 | 0.500000000 | 0.500000000 | 0.500000000 | 0.500000000 | 0.500000000 | 0.500000000 | 0.500000000 | 0.500000000 |
T8o | 0.500000000 | 0.500000000 | 0.500000000 | 0.500000000 | 0.500000000 | 0.500000000 | 0.500000000 | 0.500000000 | 0.500000000 | 0.500000000 | 0.500000000 | 0.500000000 | 0.500000000 | 0.500000000 |
T8s | 0.500000000 | 0.500000000 | 0.500000000 | 0.500000000 | 0.500000000 | 0.500000000 | 0.500000000 | 0.500000000 | 0.500000000 | 0.500000000 | 0.500000000 | 0.500000000 | 0.500000000 | 0.500000000 |
T9o | 0.500000000 | 0.500000000 | 0.500000000 | 0.500000000 | 0.500000000 | 0.500000000 | 0.500000000 | 0.500000000 | 0.500000000 | 0.500000000 | 0.500000000 | 0.500000000 | 0.500000000 | 0.500000000 |
T9s | 0.500000000 | 0.500000000 | 0.500000000 | 0.500000000 | 0.500000000 | 0.500000000 | 0.500000000 | 0.500000000 | 0.500000000 | 0.500000000 | 0.500000000 | 0.500000000 | 0.500000000 | 0.500000000 |
TTo | 0.500000000 | 0.500000000 | 0.500000000 | 0.500000000 | 0.500000000 | 0.500000000 | 0.500000000 | 0.500000000 | 0.500000000 | 0.500000000 | 0.500000000 | 0.500000000 | 0.500000000 | 0.500000000 |
J2o | 0.500000000 | 0.500000000 | 0.500000000 | 0.500000000 | 0.500000000 | 0.500000000 | 0.500000000 | 0.500000000 | 0.500000000 | 0.500000000 | 0.500000000 | 0.500000000 | 0.500000000 | 0.500000000 |
J2s | 0.500000000 | 0.500000000 | 0.500000000 | 0.500000000 | 0.500000000 | 0.500000000 | 0.500000000 | 0.500000000 | 0.500000000 | 0.500000000 | 0.500000000 | 0.500000000 | 0.500000000 | 0.500000000 |
J3o | 0.500000000 | 0.500000000 | 0.500000000 | 0.500000000 | 0.500000000 | 0.500000000 | 0.500000000 | 0.500000000 | 0.500000000 | 0.500000000 | 0.500000000 | 0.500000000 | 0.500000000 | 0.500000000 |
J3s | 0.500000000 | 0.500000000 | 0.500000000 | 0.500000000 | 0.500000000 | 0.500000000 | 0.500000000 | 0.500000000 | 0.500000000 | 0.500000000 | 0.500000000 | 0.500000000 | 0.500000000 | 0.500000000 |
J4o | 0.500000000 | 0.500000000 | 0.500000000 | 0.500000000 | 0.500000000 | 0.500000000 | 0.500000000 | 0.500000000 | 0.500000000 | 0.500000000 | 0.500000000 | 0.500000000 | 0.500000000 | 0.500000000 |
J4s | 0.500000000 | 0.500000000 | 0.500000000 | 0.500000000 | 0.500000000 | 0.500000000 | 0.500000000 | 0.500000000 | 0.500000000 | 0.500000000 | 0.500000000 | 0.500000000 | 0.500000000 | 0.500000000 |
J5o | 0.500000000 | 0.500000000 | 0.500000000 | 0.500000000 | 0.500000000 | 0.500000000 | 0.500000000 | 0.500000000 | 0.500000000 | 0.500000000 | 0.500000000 | 0.500000000 | 0.500000000 | 0.500000000 |
J5s | 0.500000000 | 0.500000000 | 0.500000000 | 0.500000000 | 0.500000000 | 0.500000000 | 0.500000000 | 0.500000000 | 0.500000000 | 0.500000000 | 0.500000000 | 0.500000000 | 0.500000000 | 0.500000000 |
J6o | 0.500000000 | 0.500000000 | 0.500000000 | 0.500000000 | 0.500000000 | 0.500000000 | 0.500000000 | 0.500000000 | 0.500000000 | 0.500000000 | 0.500000000 | 0.500000000 | 0.500000000 | 0.500000000 |
J6s | 0.500000000 | 0.500000000 | 0.500000000 | 0.500000000 | 0.500000000 | 0.500000000 | 0.500000000 | 0.500000000 | 0.500000000 | 0.500000000 | 0.500000000 | 0.500000000 | 0.500000000 | 0.500000000 |
J7o | 0.500000000 | 0.500000000 | 0.500000000 | 0.500000000 | 0.500000000 | 0.500000000 | 0.500000000 | 0.500000000 | 0.500000000 | 0.500000000 | 0.500000000 | 0.500000000 | 0.500000000 | 0.500000000 |
J7s | 0.500000000 | 0.500000000 | 0.500000000 | 0.500000000 | 0.500000000 | 0.500000000 | 0.500000000 | 0.500000000 | 0.500000000 | 0.500000000 | 0.500000000 | 0.500000000 | 0.500000000 | 0.500000000 |
J8o | 0.500000000 | 0.500000000 | 0.500000000 | 0.500000000 | 0.500000000 | 0.500000000 | 0.500000000 | 0.500000000 | 0.500000000 | 0.500000000 | 0.500000000 | 0.500000000 | 0.500000000 | 0.500000000 |
J8s | 0.500000000 | 0.500000000 | 0.500000000 | 0.500000000 | 0.500000000 | 0.500000000 | 0.500000000 | 0.500000000 | 0.500000000 | 0.500000000 | 0.500000000 | 0.500000000 | 0.500000000 | 0.500000000 |
J9o | 0.500000000 | 0.500000000 | 0.500000000 | 0.500000000 | 0.500000000 | 0.500000000 | 0.500000000 | 0.500000000 | 0.500000000 | 0.500000000 | 0.500000000 | 0.500000000 | 0.500000000 | 0.500000000 |
J9s | 0.500000000 | 0.500000000 | 0.500000000 | 0.500000000 | 0.500000000 | 0.500000000 | 0.500000000 | 0.500000000 | 0.500000000 | 0.500000000 | 0.500000000 | 0.500000000 | 0.500000000 | 0.500000000 |
JTo | 0.500000000 | 0.500000000 | 0.500000000 | 0.500000000 | 0.500000000 | 0.500000000 | 0.500000000 | 0.500000000 | 0.500000000 | 0.500000000 | 0.500000000 | 0.500000000 | 0.500000000 | 0.500000000 |
JTs | 0.500000000 | 0.500000000 | 0.500000000 | 0.500000000 | 0.500000000 | 0.500000000 | 0.500000000 | 0.500000000 | 0.500000000 | 0.500000000 | 0.500000000 | 0.500000000 | 0.500000000 | 0.500000000 |
JJo | 0.500000000 | 0.500000000 | 0.500000000 | 0.500000000 | 0.500000000 | 0.500000000 | 0.500000000 | 0.500000000 | 0.500000000 | 0.500000000 | 0.500000000 | 0.500000000 | 0.500000000 | 0.500000000 |
Q2o | 0.500000000 | 0.500000000 | 0.500000000 | 0.500000000 | 0.500000000 | 0.500000000 | 0.500000000 | 0.500000000 | 0.500000000 | 0.500000000 | 0.500000000 | 0.500000000 | 0.500000000 | 0.500000000 |
Q2s | 0.500000000 | 0.500000000 | 0.500000000 | 0.500000000 | 0.500000000 | 0.500000000 | 0.500000000 | 0.500000000 | 0.500000000 | 0.500000000 | 0.500000000 | 0.500000000 | 0.500000000 | 0.500000000 |
Q3o | 0.500000000 | 0.500000000 | 0.500000000 | 0.500000000 | 0.500000000 | 0.500000000 | 0.500000000 | 0.500000000 | 0.500000000 | 0.500000000 | 0.500000000 | 0.500000000 | 0.500000000 | 0.500000000 |
Q3s | 0.500000000 | 0.500000000 | 0.500000000 | 0.500000000 | 0.500000000 | 0.500000000 | 0.500000000 | 0.500000000 | 0.500000000 | 0.500000000 | 0.500000000 | 0.500000000 | 0.500000000 | 0.500000000 |
Q4o | 0.500000000 | 0.500000000 | 0.500000000 | 0.500000000 | 0.500000000 | 0.500000000 | 0.500000000 | 0.500000000 | 0.500000000 | 0.500000000 | 0.500000000 | 0.500000000 | 0.500000000 | 0.500000000 |
Q4s | 0.500000000 | 0.500000000 | 0.500000000 | 0.500000000 | 0.500000000 | 0.500000000 | 0.500000000 | 0.500000000 | 0.500000000 | 0.500000000 | 0.500000000 | 0.500000000 | 0.500000000 | 0.500000000 |
Q5o | 0.500000000 | 0.500000000 | 0.500000000 | 0.500000000 | 0.500000000 | 0.500000000 | 0.500000000 | 0.500000000 | 0.500000000 | 0.500000000 | 0.500000000 | 0.500000000 | 0.500000000 | 0.500000000 |
Q5s | 0.500000000 | 0.500000000 | 0.500000000 | 0.500000000 | 0.500000000 | 0.500000000 | 0.500000000 | 0.500000000 | 0.500000000 | 0.500000000 | 0.500000000 | 0.500000000 | 0.500000000 | 0.500000000 |
Q6o | 0.500000000 | 0.500000000 | 0.500000000 | 0.500000000 | 0.500000000 | 0.500000000 | 0.500000000 | 0.500000000 | 0.500000000 | 0.500000000 | 0.500000000 | 0.500000000 | 0.500000000 | 0.500000000 |
Q6s | 0.500000000 | 0.500000000 | 0.500000000 | 0.500000000 | 0.500000000 | 0.500000000 | 0.500000000 | 0.500000000 | 0.500000000 | 0.500000000 | 0.500000000 | 0.500000000 | 0.500000000 | 0.500000000 |
Q7o | 0.500000000 | 0.500000000 | 0.500000000 | 0.500000000 | 0.500000000 | 0.500000000 | 0.500000000 | 0.500000000 | 0.500000000 | 0.500000000 | 0.500000000 | 0.500000000 | 0.500000000 | 0.500000000 |
Q7s | 0.500000000 | 0.500000000 | 0.500000000 | 0.500000000 | 0.500000000 | 0.500000000 | 0.500000000 | 0.500000000 | 0.500000000 | 0.500000000 | 0.500000000 | 0.500000000 | 0.500000000 | 0.500000000 |
Q8o | 0.500000000 | 0.500000000 | 0.500000000 | 0.500000000 | 0.500000000 | 0.500000000 | 0.500000000 | 0.500000000 | 0.500000000 | 0.500000000 | 0.500000000 | 0.500000000 | 0.500000000 | 0.500000000 |
Q8s | 0.500000000 | 0.500000000 | 0.500000000 | 0.500000000 | 0.500000000 | 0.500000000 | 0.500000000 | 0.500000000 | 0.500000000 | 0.500000000 | 0.500000000 | 0.500000000 | 0.500000000 | 0.500000000 |
Q9o | 0.500000000 | 0.500000000 | 0.500000000 | 0.500000000 | 0.500000000 | 0.500000000 | 0.500000000 | 0.500000000 | 0.500000000 | 0.500000000 | 0.500000000 | 0.500000000 | 0.500000000 | 0.500000000 |
Q9s | 0.500000000 | 0.500000000 | 0.500000000 | 0.500000000 | 0.500000000 | 0.500000000 | 0.500000000 | 0.500000000 | 0.500000000 | 0.500000000 | 0.500000000 | 0.500000000 | 0.500000000 | 0.500000000 |
QTo | 0.500000000 | 0.500000000 | 0.500000000 | 0.500000000 | 0.500000000 | 0.500000000 | 0.500000000 | 0.500000000 | 0.500000000 | 0.500000000 | 0.500000000 | 0.500000000 | 0.500000000 | 0.500000000 |
QTs | 0.500000000 | 0.500000000 | 0.500000000 | 0.500000000 | 0.500000000 | 0.500000000 | 0.500000000 | 0.500000000 | 0.500000000 | 0.500000000 | 0.500000000 | 0.500000000 | 0.500000000 | 0.500000000 |
QJo | 0.500000000 | 0.500000000 | 0.500000000 | 0.500000000 | 0.500000000 | 0.500000000 | 0.500000000 | 0.500000000 | 0.500000000 | 0.500000000 | 0.500000000 | 0.500000000 | 0.500000000 | 0.500000000 |
QJs | 0.500000000 | 0.500000000 | 0.500000000 | 0.500000000 | 0.500000000 | 0.500000000 | 0.500000000 | 0.500000000 | 0.500000000 | 0.500000000 | 0.500000000 | 0.500000000 | 0.500000000 | 0.500000000 |
QQo | 0.500000000 | 0.500000000 | 0.500000000 | 0.500000000 | 0.500000000 | 0.500000000 | 0.500000000 | 0.500000000 | 0.500000000 | 0.500000000 | 0.500000000 | 0.500000000 | 0.500000000 | 0.500000000 |
K2o | 0.500000000 | 0.500000000 | 0.500000000 | 0.500000000 | 0.500000000 | 0.500000000 | 0.500000000 | 0.500000000 | 0.500000000 | 0.500000000 | 0.500000000 | 0.500000000 | 0.500000000 | 0.500000000 |
K2s | 0.500000000 | 0.500000000 | 0.500000000 | 0.500000000 | 0.500000000 | 0.500000000 | 0.500000000 | 0.500000000 | 0.500000000 | 0.500000000 | 0.500000000 | 0.500000000 | 0.500000000 | 0.500000000 |
K3o | 0.500000000 | 0.500000000 | 0.500000000 | 0.500000000 | 0.500000000 | 0.500000000 | 0.500000000 | 0.500000000 | 0.500000000 | 0.500000000 | 0.500000000 | 0.500000000 | 0.500000000 | 0.500000000 |
K3s | 0.500000000 | 0.500000000 | 0.500000000 | 0.500000000 | 0.500000000 | 0.500000000 | 0.500000000 | 0.500000000 | 0.500000000 | 0.500000000 | 0.500000000 | 0.500000000 | 0.500000000 | 0.500000000 |
K4o | 0.500000000 | 0.500000000 | 0.500000000 | 0.500000000 | 0.500000000 | 0.500000000 | 0.500000000 | 0.500000000 | 0.500000000 | 0.500000000 | 0.500000000 | 0.500000000 | 0.500000000 | 0.500000000 |
K4s | 0.500000000 | 0.500000000 | 0.500000000 | 0.500000000 | 0.500000000 | 0.500000000 | 0.500000000 | 0.500000000 | 0.500000000 | 0.500000000 | 0.500000000 | 0.500000000 | 0.500000000 | 0.500000000 |
K5o | 0.500000000 | 0.500000000 | 0.500000000 | 0.500000000 | 0.500000000 | 0.500000000 | 0.500000000 | 0.500000000 | 0.500000000 | 0.500000000 | 0.500000000 | 0.500000000 | 0.500000000 | 0.500000000 |
K5s | 0.500000000 | 0.500000000 | 0.500000000 | 0.500000000 | 0.500000000 | 0.500000000 | 0.500000000 | 0.500000000 | 0.500000000 | 0.500000000 | 0.500000000 | 0.500000000 | 0.500000000 | 0.500000000 |
K6o | 0.500000000 | 0.500000000 | 0.500000000 | 0.500000000 | 0.500000000 | 0.500000000 | 0.500000000 | 0.500000000 | 0.500000000 | 0.500000000 | 0.500000000 | 0.500000000 | 0.500000000 | 0.500000000 |
K6s | 0.500000000 | 0.500000000 | 0.500000000 | 0.500000000 | 0.500000000 | 0.500000000 | 0.500000000 | 0.500000000 | 0.500000000 | 0.500000000 | 0.500000000 | 0.500000000 | 0.500000000 | 0.500000000 |
K7o | 0.500000000 | 0.500000000 | 0.500000000 | 0.500000000 | 0.500000000 | 0.500000000 | 0.500000000 | 0.500000000 | 0.500000000 | 0.500000000 | 0.500000000 | 0.500000000 | 0.500000000 | 0.500000000 |
K7s | 0.500000000 | 0.500000000 | 0.500000000 | 0.500000000 | 0.500000000 | 0.500000000 | 0.500000000 | 0.500000000 | 0.500000000 | 0.500000000 | 0.500000000 | 0.500000000 | 0.500000000 | 0.500000000 |
K8o | 0.500000000 | 0.500000000 | 0.500000000 | 0.500000000 | 0.500000000 | 0.500000000 | 0.500000000 | 0.500000000 | 0.500000000 | 0.500000000 | 0.500000000 | 0.500000000 | 0.500000000 | 0.500000000 |
K8s | 0.500000000 | 0.500000000 | 0.500000000 | 0.500000000 | 0.500000000 | 0.500000000 | 0.500000000 | 0.500000000 | 0.500000000 | 0.500000000 | 0.500000000 | 0.500000000 | 0.500000000 | 0.500000000 |
K9o | 0.500000000 | 0.500000000 | 0.500000000 | 0.500000000 | 0.500000000 | 0.500000000 | 0.500000000 | 0.500000000 | 0.500000000 | 0.500000000 | 0.500000000 | 0.500000000 | 0.500000000 | 0.500000000 |
K9s | 0.500000000 | 0.500000000 | 0.500000000 | 0.500000000 | 0.500000000 | 0.500000000 | 0.500000000 | 0.500000000 | 0.500000000 | 0.500000000 | 0.500000000 | 0.500000000 | 0.500000000 | 0.500000000 |
KTo | 0.500000000 | 0.500000000 | 0.500000000 | 0.500000000 | 0.500000000 | 0.500000000 | 0.500000000 | 0.500000000 | 0.500000000 | 0.500000000 | 0.500000000 | 0.500000000 | 0.500000000 | 0.500000000 |
KTs | 0.500000000 | 0.500000000 | 0.500000000 | 0.500000000 | 0.500000000 | 0.500000000 | 0.500000000 | 0.500000000 | 0.500000000 | 0.500000000 | 0.500000000 | 0.500000000 | 0.500000000 | 0.500000000 |
KJo | 0.500000000 | 0.500000000 | 0.500000000 | 0.500000000 | 0.500000000 | 0.500000000 | 0.500000000 | 0.500000000 | 0.500000000 | 0.500000000 | 0.500000000 | 0.500000000 | 0.500000000 | 0.500000000 |
KJs | 0.500000000 | 0.500000000 | 0.500000000 | 0.500000000 | 0.500000000 | 0.500000000 | 0.500000000 | 0.500000000 | 0.500000000 | 0.500000000 | 0.500000000 | 0.500000000 | 0.500000000 | 0.500000000 |
KQo | 0.500000000 | 0.500000000 | 0.500000000 | 0.500000000 | 0.500000000 | 0.500000000 | 0.500000000 | 0.500000000 | 0.500000000 | 0.500000000 | 0.500000000 | 0.500000000 | 0.500000000 | 0.500000000 |
KQs | 0.500000000 | 0.500000000 | 0.500000000 | 0.500000000 | 0.500000000 | 0.500000000 | 0.500000000 | 0.500000000 | 0.500000000 | 0.500000000 | 0.500000000 | 0.500000000 | 0.500000000 | 0.500000000 |
KKo | 0.500000000 | 0.500000000 | 0.500000000 | 0.500000000 | 0.500000000 | 0.500000000 | 0.500000000 | 0.500000000 | 0.500000000 | 0.500000000 | 0.500000000 | 0.500000000 | 0.500000000 | 0.500000000 |
A2o | 0.500000000 | 0.500000000 | 0.500000000 | 0.500000000 | 0.500000000 | 0.500000000 | 0.500000000 | 0.500000000 | 0.500000000 | 0.500000000 | 0.500000000 | 0.500000000 | 0.500000000 | 0.500000000 |
A2s | 0.500000000 | 0.500000000 | 0.500000000 | 0.500000000 | 0.500000000 | 0.500000000 | 0.500000000 | 0.500000000 | 0.500000000 | 0.500000000 | 0.500000000 | 0.500000000 | 0.500000000 | 0.500000000 |
A3o | 0.500000000 | 0.500000000 | 0.500000000 | 0.500000000 | 0.500000000 | 0.500000000 | 0.500000000 | 0.500000000 | 0.500000000 | 0.500000000 | 0.500000000 | 0.500000000 | 0.500000000 | 0.500000000 |
A3s | 0.500000000 | 0.500000000 | 0.500000000 | 0.500000000 | 0.500000000 | 0.500000000 | 0.500000000 | 0.500000000 | 0.500000000 | 0.500000000 | 0.500000000 | 0.500000000 | 0.500000000 | 0.500000000 |
A4o | 0.500000000 | 0.500000000 | 0.500000000 | 0.500000000 | 0.500000000 | 0.500000000 | 0.500000000 | 0.500000000 | 0.500000000 | 0.500000000 | 0.500000000 | 0.500000000 | 0.500000000 | 0.500000000 |
A4s | 0.500000000 | 0.500000000 | 0.500000000 | 0.500000000 | 0.500000000 | 0.500000000 | 0.500000000 | 0.500000000 | 0.500000000 | 0.500000000 | 0.500000000 | 0.500000000 | 0.500000000 | 0.500000000 |
A5o | 0.500000000 | 0.500000000 | 0.500000000 | 0.500000000 | 0.500000000 | 0.500000000 | 0.500000000 | 0.500000000 | 0.500000000 | 0.500000000 | 0.500000000 | 0.500000000 | 0.500000000 | 0.500000000 |
A5s | 0.500000000 | 0.500000000 | 0.500000000 | 0.500000000 | 0.500000000 | 0.500000000 | 0.500000000 | 0.500000000 | 0.500000000 | 0.500000000 | 0.500000000 | 0.500000000 | 0.500000000 | 0.500000000 |
A6o | 0.500000000 | 0.500000000 | 0.500000000 | 0.500000000 | 0.500000000 | 0.500000000 | 0.500000000 | 0.500000000 | 0.500000000 | 0.500000000 | 0.500000000 | 0.500000000 | 0.500000000 | 0.500000000 |
A6s | 0.500000000 | 0.500000000 | 0.500000000 | 0.500000000 | 0.500000000 | 0.500000000 | 0.500000000 | 0.500000000 | 0.500000000 | 0.500000000 | 0.500000000 | 0.500000000 | 0.500000000 | 0.500000000 |
A7o | 0.500000000 | 0.500000000 | 0.500000000 | 0.500000000 | 0.500000000 | 0.500000000 | 0.500000000 | 0.500000000 | 0.500000000 | 0.500000000 | 0.500000000 | 0.500000000 | 0.500000000 | 0.500000000 |
A7s | 0.500000000 | 0.500000000 | 0.500000000 | 0.500000000 | 0.500000000 | 0.500000000 | 0.500000000 | 0.500000000 | 0.500000000 | 0.500000000 | 0.500000000 | 0.500000000 | 0.500000000 | 0.500000000 |
A8o | 0.500000000 | 0.500000000 | 0.500000000 | 0.500000000 | 0.500000000 | 0.500000000 | 0.500000000 | 0.500000000 | 0.500000000 | 0.500000000 | 0.500000000 | 0.500000000 | 0.500000000 | 0.500000000 |
A8s | 0.500000000 | 0.500000000 | 0.500000000 | 0.500000000 | 0.500000000 | 0.500000000 | 0.500000000 | 0.500000000 | 0.500000000 | 0.500000000 | 0.500000000 | 0.500000000 | 0.500000000 | 0.500000000 |
A9o | 0.500000000 | 0.500000000 | 0.500000000 | 0.500000000 | 0.500000000 | 0.500000000 | 0.500000000 | 0.500000000 | 0.500000000 | 0.500000000 | 0.500000000 | 0.500000000 | 0.500000000 | 0.500000000 |
A9s | 0.500000000 | 0.500000000 | 0.500000000 | 0.500000000 | 0.500000000 | 0.500000000 | 0.500000000 | 0.500000000 | 0.500000000 | 0.500000000 | 0.500000000 | 0.500000000 | 0.500000000 | 0.500000000 |
ATo | 0.500000000 | 0.500000000 | 0.500000000 | 0.500000000 | 0.500000000 | 0.500000000 | 0.500000000 | 0.500000000 | 0.500000000 | 0.500000000 | 0.500000000 | 0.500000000 | 0.500000000 | 0.500000000 |
ATs | 0.500000000 | 0.500000000 | 0.500000000 | 0.500000000 | 0.500000000 | 0.500000000 | 0.500000000 | 0.500000000 | 0.500000000 | 0.500000000 | 0.500000000 | 0.500000000 | 0.500000000 | 0.500000000 |
AJo | 0.500000000 | 0.500000000 | 0.500000000 | 0.500000000 | 0.500000000 | 0.500000000 | 0.500000000 | 0.500000000 | 0.500000000 | 0.500000000 | 0.500000000 | 0.500000000 | 0.500000000 | 0.500000000 |
AJs | 0.500000000 | 0.500000000 | 0.500000000 | 0.500000000 | 0.500000000 | 0.500000000 | 0.500000000 | 0.500000000 | 0.500000000 | 0.500000000 | 0.500000000 | 0.500000000 | 0.500000000 | 0.500000000 |
AQo | 0.500000000 | 0.500000000 | 0.500000000 | 0.500000000 | 0.500000000 | 0.500000000 | 0.500000000 | 0.500000000 | 0.500000000 | 0.500000000 | 0.500000000 | 0.500000000 | 0.500000000 | 0.500000000 |
AQs | 0.500000000 | 0.500000000 | 0.500000000 | 0.500000000 | 0.500000000 | 0.500000000 | 0.500000000 | 0.500000000 | 0.500000000 | 0.500000000 | 0.500000000 | 0.500000000 | 0.500000000 | 0.500000000 |
AKo | 0.500000000 | 0.500000000 | 0.500000000 | 0.500000000 | 0.500000000 | 0.500000000 | 0.500000000 | 0.500000000 | 0.500000000 | 0.500000000 | 0.500000000 | 0.500000000 | 0.500000000 | 0.500000000 |
AKs | 0.500000000 | 0.500000000 | 0.500000000 | 0.500000000 | 0.500000000 | 0.500000000 | 0.500000000 | 0.500000000 | 0.500000000 | 0.500000000 | 0.500000000 | 0.500000000 | 0.500000000 | 0.500000000 |
AAo | 0.500000000 | 0.500000000 | 0.500000000 | 0.500000000 | 0.500000000 | 0.500000000 | 0.500000000 | 0.500000000 | 0.500000000 | 0.500000000 | 0.500000000 | 0.500000000 | 0.500000000 | 0.500000000 |


Player ID: , Position: Dealer, Holding Cards: | 7♣ | K♣ | , Action: AllIn, 
Best Hand: 1652, Money: 1.280000, Reward: 1.280000
MWU Agent 
    |     CO      |     DE      |    DE_CO    |     SB      |    SB_CO    |    SB_DE    |  SB_CO_DE   |    BB_CO    |    BB_DE    |    BB_SB    |  BB_CO_DE   |  BB_CO_SB   |  BB_DE_SB   | BB_CO_DE_SB |
22o | 0.500000000 | 0.500000000 | 0.500000000 | 0.500000000 | 0.500000000 | 0.500000000 | 0.500000000 | 0.500000000 | 0.500000000 | 0.500000000 | 0.500000000 | 0.500000000 | 0.500000000 | 0.500000000 |
32o | 0.500000000 | 0.500000000 | 0.500000000 | 0.500000000 | 0.500000000 | 0.500000000 | 0.500000000 | 0.500000000 | 0.500000000 | 0.500000000 | 0.500000000 | 0.500000000 | 0.500000000 | 0.500000000 |
32s | 0.500000000 | 0.500000000 | 0.500000000 | 0.500000000 | 0.500000000 | 0.500000000 | 0.500000000 | 0.500000000 | 0.500000000 | 0.500000000 | 0.500000000 | 0.500000000 | 0.500000000 | 0.500000000 |
33o | 0.500000000 | 0.500000000 | 0.500000000 | 0.500000000 | 0.500000000 | 0.500000000 | 0.500000000 | 0.500000000 | 0.500000000 | 0.500000000 | 0.500000000 | 0.500000000 | 0.500000000 | 0.500000000 |
42o | 0.500000000 | 0.500000000 | 0.500000000 | 0.500000000 | 0.500000000 | 0.500000000 | 0.500000000 | 0.500000000 | 0.500000000 | 0.500000000 | 0.500000000 | 0.500000000 | 0.500000000 | 0.500000000 |
42s | 0.500000000 | 0.500000000 | 0.500000000 | 0.500000000 | 0.500000000 | 0.500000000 | 0.500000000 | 0.500000000 | 0.500000000 | 0.500000000 | 0.500000000 | 0.500000000 | 0.500000000 | 0.500000000 |
43o | 0.500000000 | 0.500000000 | 0.500000000 | 0.500000000 | 0.500000000 | 0.500000000 | 0.500000000 | 0.500000000 | 0.500000000 | 0.500000000 | 0.500000000 | 0.500000000 | 0.500000000 | 0.500000000 |
43s | 0.500000000 | 0.500000000 | 0.500000000 | 0.500000000 | 0.500000000 | 0.500000000 | 0.500000000 | 0.500000000 | 0.500000000 | 0.500000000 | 0.500000000 | 0.500000000 | 0.500000000 | 0.500000000 |
44o | 0.500000000 | 0.500000000 | 0.500000000 | 0.500000000 | 0.500000000 | 0.500000000 | 0.500000000 | 0.500000000 | 0.500000000 | 0.500000000 | 0.500000000 | 0.500000000 | 0.500000000 | 0.500000000 |
52o | 0.500000000 | 0.500000000 | 0.500000000 | 0.500000000 | 0.500000000 | 0.500000000 | 0.500000000 | 0.500000000 | 0.500000000 | 0.500000000 | 0.500000000 | 0.500000000 | 0.500000000 | 0.500000000 |
52s | 0.500000000 | 0.500000000 | 0.500000000 | 0.500000000 | 0.500000000 | 0.500000000 | 0.500000000 | 0.500000000 | 0.500000000 | 0.500000000 | 0.500000000 | 0.500000000 | 0.500000000 | 0.500000000 |
53o | 0.500000000 | 0.500000000 | 0.500000000 | 0.500000000 | 0.500000000 | 0.500000000 | 0.500000000 | 0.500000000 | 0.500000000 | 0.500000000 | 0.500000000 | 0.500000000 | 0.500000000 | 0.500000000 |
53s | 0.500000000 | 0.500000000 | 0.500000000 | 0.500000000 | 0.500000000 | 0.500000000 | 0.500000000 | 0.500000000 | 0.500000000 | 0.500000000 | 0.500000000 | 0.500000000 | 0.500000000 | 0.500000000 |
54o | 0.500000000 | 0.500000000 | 0.500000000 | 0.500000000 | 0.500000000 | 0.500000000 | 0.500000000 | 0.500000000 | 0.500000000 | 0.500000000 | 0.500000000 | 0.500000000 | 0.500000000 | 0.500000000 |
54s | 0.500000000 | 0.500000000 | 0.500000000 | 0.500000000 | 0.500000000 | 0.500000000 | 0.500000000 | 0.500000000 | 0.500000000 | 0.500000000 | 0.500000000 | 0.500000000 | 0.500000000 | 0.500000000 |
55o | 0.500000000 | 0.500000000 | 0.500000000 | 0.500000000 | 0.500000000 | 0.500000000 | 0.500000000 | 0.500000000 | 0.500000000 | 0.500000000 | 0.500000000 | 0.500000000 | 0.500000000 | 0.500000000 |
62o | 0.500000000 | 0.500000000 | 0.500000000 | 0.500000000 | 0.500000000 | 0.500000000 | 0.500000000 | 0.500000000 | 0.500000000 | 0.500000000 | 0.500000000 | 0.500000000 | 0.500000000 | 0.500000000 |
62s | 0.500000000 | 0.500000000 | 0.500000000 | 0.500000000 | 0.500000000 | 0.500000000 | 0.500000000 | 0.500000000 | 0.500000000 | 0.500000000 | 0.500000000 | 0.500000000 | 0.500000000 | 0.500000000 |
63o | 0.500000000 | 0.500000000 | 0.500000000 | 0.500000000 | 0.500000000 | 0.500000000 | 0.500000000 | 0.500000000 | 0.500000000 | 0.500000000 | 0.500000000 | 0.500000000 | 0.500000000 | 0.500000000 |
63s | 0.500000000 | 0.500000000 | 0.500000000 | 0.500000000 | 0.500000000 | 0.500000000 | 0.500000000 | 0.500000000 | 0.500000000 | 0.500000000 | 0.500000000 | 0.500000000 | 0.500000000 | 0.500000000 |
64o | 0.500000000 | 0.500000000 | 0.500000000 | 0.500000000 | 0.500000000 | 0.500000000 | 0.500000000 | 0.500000000 | 0.500000000 | 0.500000000 | 0.500000000 | 0.500000000 | 0.500000000 | 0.500000000 |
64s | 0.500000000 | 0.500000000 | 0.500000000 | 0.500000000 | 0.500000000 | 0.500000000 | 0.500000000 | 0.500000000 | 0.500000000 | 0.500000000 | 0.500000000 | 0.500000000 | 0.500000000 | 0.500000000 |
65o | 0.500000000 | 0.500000000 | 0.500000000 | 0.500000000 | 0.500000000 | 0.500000000 | 0.500000000 | 0.500000000 | 0.500000000 | 0.500000000 | 0.500000000 | 0.500000000 | 0.500000000 | 0.500000000 |
65s | 0.500000000 | 0.500000000 | 0.500000000 | 0.500000000 | 0.500000000 | 0.500000000 | 0.500000000 | 0.500000000 | 0.500000000 | 0.500000000 | 0.500000000 | 0.500000000 | 0.500000000 | 0.500000000 |
66o | 0.500000000 | 0.500000000 | 0.500000000 | 0.500000000 | 0.500000000 | 0.500000000 | 0.500000000 | 0.500000000 | 0.500000000 | 0.500000000 | 0.500000000 | 0.500000000 | 0.500000000 | 0.500000000 |
72o | 0.500000000 | 0.500000000 | 0.500000000 | 0.500000000 | 0.500000000 | 0.500000000 | 0.500000000 | 0.500000000 | 0.500000000 | 0.500000000 | 0.500000000 | 0.500000000 | 0.500000000 | 0.500000000 |
72s | 0.500000000 | 0.500000000 | 0.500000000 | 0.500000000 | 0.500000000 | 0.500000000 | 0.500000000 | 0.500000000 | 0.500000000 | 0.500000000 | 0.500000000 | 0.500000000 | 0.500000000 | 0.500000000 |
73o | 0.500000000 | 0.500000000 | 0.500000000 | 0.500000000 | 0.500000000 | 0.500000000 | 0.500000000 | 0.500000000 | 0.500000000 | 0.500000000 | 0.500000000 | 0.500000000 | 0.500000000 | 0.500000000 |
73s | 0.500000000 | 0.500000000 | 0.500000000 | 0.500000000 | 0.500000000 | 0.500000000 | 0.500000000 | 0.500000000 | 0.500000000 | 0.500000000 | 0.500000000 | 0.500000000 | 0.500000000 | 0.500000000 |
74o | 0.500000000 | 0.500000000 | 0.500000000 | 0.500000000 | 0.500000000 | 0.500000000 | 0.500000000 | 0.500000000 | 0.500000000 | 0.500000000 | 0.500000000 | 0.500000000 | 0.500000000 | 0.500000000 |
74s | 0.500000000 | 0.500000000 | 0.500000000 | 0.500000000 | 0.500000000 | 0.500000000 | 0.500000000 | 0.500000000 | 0.500000000 | 0.500000000 | 0.500000000 | 0.500000000 | 0.500000000 | 0.500000000 |
75o | 0.500000000 | 0.500000000 | 0.500000000 | 0.500000000 | 0.500000000 | 0.500000000 | 0.500000000 | 0.500000000 | 0.500000000 | 0.500000000 | 0.500000000 | 0.500000000 | 0.500000000 | 0.500000000 |
75s | 0.500000000 | 0.500000000 | 0.500000000 | 0.500000000 | 0.500000000 | 0.500000000 | 0.500000000 | 0.500000000 | 0.500000000 | 0.500000000 | 0.500000000 | 0.500000000 | 0.500000000 | 0.500000000 |
76o | 0.500000000 | 0.500000000 | 0.500000000 | 0.500000000 | 0.500000000 | 0.500000000 | 0.500000000 | 0.500000000 | 0.500000000 | 0.500000000 | 0.500000000 | 0.500000000 | 0.500000000 | 0.500000000 |
76s | 0.500000000 | 0.500000000 | 0.500000000 | 0.500000000 | 0.500000000 | 0.500000000 | 0.500000000 | 0.500000000 | 0.500000000 | 0.500000000 | 0.500000000 | 0.500000000 | 0.500000000 | 0.500000000 |
77o | 0.500000000 | 0.500000000 | 0.500000000 | 0.500000000 | 0.500000000 | 0.500000000 | 0.500000000 | 0.500000000 | 0.500000000 | 0.500000000 | 0.500000000 | 0.500000000 | 0.500000000 | 0.500000000 |
82o | 0.500000000 | 0.500000000 | 0.500000000 | 0.500000000 | 0.500000000 | 0.500000000 | 0.500000000 | 0.500000000 | 0.500000000 | 0.500000000 | 0.500000000 | 0.500000000 | 0.500000000 | 0.500000000 |
82s | 0.500000000 | 0.500000000 | 0.500000000 | 0.500000000 | 0.500000000 | 0.500000000 | 0.500000000 | 0.500000000 | 0.500000000 | 0.500000000 | 0.500000000 | 0.500000000 | 0.500000000 | 0.500000000 |
83o | 0.500000000 | 0.500000000 | 0.500000000 | 0.500000000 | 0.500000000 | 0.500000000 | 0.500000000 | 0.500000000 | 0.500000000 | 0.500000000 | 0.500000000 | 0.500000000 | 0.500000000 | 0.500000000 |
83s | 0.500000000 | 0.500000000 | 0.500000000 | 0.500000000 | 0.500000000 | 0.500000000 | 0.500000000 | 0.500000000 | 0.500000000 | 0.500000000 | 0.500000000 | 0.500000000 | 0.500000000 | 0.500000000 |
84o | 0.500000000 | 0.500000000 | 0.500000000 | 0.500000000 | 0.500000000 | 0.500000000 | 0.500000000 | 0.500000000 | 0.500000000 | 0.500000000 | 0.500000000 | 0.500000000 | 0.500000000 | 0.500000000 |
84s | 0.500000000 | 0.500000000 | 0.500000000 | 0.500000000 | 0.500000000 | 0.500000000 | 0.500000000 | 0.500000000 | 0.500000000 | 0.500000000 | 0.500000000 | 0.500000000 | 0.500000000 | 0.500000000 |
85o | 0.500000000 | 0.500000000 | 0.500000000 | 0.500000000 | 0.500000000 | 0.500000000 | 0.500000000 | 0.500000000 | 0.500000000 | 0.500000000 | 0.500000000 | 0.500000000 | 0.500000000 | 0.500000000 |
85s | 0.500000000 | 0.500000000 | 0.500000000 | 0.500000000 | 0.500000000 | 0.500000000 | 0.500000000 | 0.500000000 | 0.500000000 | 0.500000000 | 0.500000000 | 0.500000000 | 0.500000000 | 0.500000000 |
86o | 0.500000000 | 0.500000000 | 0.500000000 | 0.500000000 | 0.500000000 | 0.500000000 | 0.500000000 | 0.500000000 | 0.500000000 | 0.500000000 | 0.500000000 | 0.500000000 | 0.500000000 | 0.500000000 |
86s | 0.500000000 | 0.500000000 | 0.500000000 | 0.500000000 | 0.500000000 | 0.500000000 | 0.500000000 | 0.500000000 | 0.500000000 | 0.500000000 | 0.500000000 | 0.500000000 | 0.500000000 | 0.500000000 |
87o | 0.500000000 | 0.500000000 | 0.500000000 | 0.500000000 | 0.500000000 | 0.500000000 | 0.500000000 | 0.500000000 | 0.500000000 | 0.500000000 | 0.500000000 | 0.500000000 | 0.500000000 | 0.500000000 |
87s | 0.500000000 | 0.500000000 | 0.500000000 | 0.500000000 | 0.500000000 | 0.500000000 | 0.500000000 | 0.500000000 | 0.500000000 | 0.500000000 | 0.500000000 | 0.500000000 | 0.500000000 | 0.500000000 |
88o | 0.500000000 | 0.500000000 | 0.500000000 | 0.500000000 | 0.500000000 | 0.500000000 | 0.500000000 | 0.500000000 | 0.500000000 | 0.500000000 | 0.500000000 | 0.500000000 | 0.500000000 | 0.500000000 |
92o | 0.500000000 | 0.500000000 | 0.500000000 | 0.500000000 | 0.500000000 | 0.500000000 | 0.500000000 | 0.500000000 | 0.500000000 | 0.500000000 | 0.500000000 | 0.500000000 | 0.500000000 | 0.500000000 |
92s | 0.500000000 | 0.500000000 | 0.500000000 | 0.500000000 | 0.500000000 | 0.500000000 | 0.500000000 | 0.500000000 | 0.500000000 | 0.500000000 | 0.500000000 | 0.500000000 | 0.500000000 | 0.500000000 |
93o | 0.500000000 | 0.500000000 | 0.500000000 | 0.500000000 | 0.500000000 | 0.500000000 | 0.500000000 | 0.500000000 | 0.500000000 | 0.500000000 | 0.500000000 | 0.500000000 | 0.500000000 | 0.500000000 |
93s | 0.500000000 | 0.500000000 | 0.500000000 | 0.500000000 | 0.500000000 | 0.500000000 | 0.500000000 | 0.500000000 | 0.500000000 | 0.500000000 | 0.500000000 | 0.500000000 | 0.500000000 | 0.500000000 |
94o | 0.500000000 | 0.500000000 | 0.500000000 | 0.500000000 | 0.500000000 | 0.500000000 | 0.500000000 | 0.500000000 | 0.500000000 | 0.500000000 | 0.500000000 | 0.500000000 | 0.500000000 | 0.500000000 |
94s | 0.500000000 | 0.500000000 | 0.500000000 | 0.500000000 | 0.500000000 | 0.500000000 | 0.500000000 | 0.500000000 | 0.500000000 | 0.500000000 | 0.500000000 | 0.500000000 | 0.500000000 | 0.500000000 |
95o | 0.500000000 | 0.500000000 | 0.500000000 | 0.500000000 | 0.500000000 | 0.500000000 | 0.500000000 | 0.500000000 | 0.500000000 | 0.500000000 | 0.500000000 | 0.500000000 | 0.500000000 | 0.500000000 |
95s | 0.500000000 | 0.500000000 | 0.500000000 | 0.500000000 | 0.500000000 | 0.500000000 | 0.500000000 | 0.500000000 | 0.500000000 | 0.500000000 | 0.500000000 | 0.500000000 | 0.500000000 | 0.500000000 |
96o | 0.500000000 | 0.500000000 | 0.500000000 | 0.500000000 | 0.500000000 | 0.500000000 | 0.500000000 | 0.500000000 | 0.500000000 | 0.500000000 | 0.500000000 | 0.500000000 | 0.500000000 | 0.500000000 |
96s | 0.500000000 | 0.500000000 | 0.500000000 | 0.500000000 | 0.500000000 | 0.500000000 | 0.500000000 | 0.500000000 | 0.500000000 | 0.500000000 | 0.500000000 | 0.500000000 | 0.500000000 | 0.500000000 |
97o | 0.500000000 | 0.500000000 | 0.500000000 | 0.500000000 | 0.500000000 | 0.500000000 | 0.500000000 | 0.500000000 | 0.500000000 | 0.500000000 | 0.500000000 | 0.500000000 | 0.500000000 | 0.500000000 |
97s | 0.500000000 | 0.500000000 | 0.500000000 | 0.500000000 | 0.500000000 | 0.500000000 | 0.500000000 | 0.500000000 | 0.500000000 | 0.500000000 | 0.500000000 | 0.500000000 | 0.500000000 | 0.500000000 |
98o | 0.500000000 | 0.500000000 | 0.500000000 | 0.500000000 | 0.500000000 | 0.500000000 | 0.500000000 | 0.500000000 | 0.500000000 | 0.500000000 | 0.500000000 | 0.500000000 | 0.500000000 | 0.500000000 |
98s | 0.500000000 | 0.500000000 | 0.500000000 | 0.500000000 | 0.500000000 | 0.500000000 | 0.500000000 | 0.500000000 | 0.500000000 | 0.500000000 | 0.500000000 | 0.500000000 | 0.500000000 | 0.500000000 |
99o | 0.500000000 | 0.500000000 | 0.500000000 | 0.500000000 | 0.500000000 | 0.500000000 | 0.500000000 | 0.500000000 | 0.500000000 | 0.500000000 | 0.500000000 | 0.500000000 | 0.500000000 | 0.500000000 |
T2o | 0.500000000 | 0.500000000 | 0.500000000 | 0.500000000 | 0.500000000 | 0.500000000 | 0.500000000 | 0.500000000 | 0.500000000 | 0.500000000 | 0.500000000 | 0.500000000 | 0.500000000 | 0.500000000 |
T2s | 0.500000000 | 0.500000000 | 0.500000000 | 0.500000000 | 0.500000000 | 0.500000000 | 0.500000000 | 0.500000000 | 0.500000000 | 0.500000000 | 0.500000000 | 0.500000000 | 0.500000000 | 0.500000000 |
T3o | 0.500000000 | 0.500000000 | 0.500000000 | 0.500000000 | 0.500000000 | 0.500000000 | 0.500000000 | 0.500000000 | 0.500000000 | 0.500000000 | 0.500000000 | 0.500000000 | 0.500000000 | 0.500000000 |
T3s | 0.500000000 | 0.500000000 | 0.500000000 | 0.500000000 | 0.500000000 | 0.500000000 | 0.500000000 | 0.500000000 | 0.500000000 | 0.500000000 | 0.500000000 | 0.500000000 | 0.500000000 | 0.500000000 |
T4o | 0.500000000 | 0.500000000 | 0.500000000 | 0.500000000 | 0.500000000 | 0.500000000 | 0.500000000 | 0.500000000 | 0.500000000 | 0.500000000 | 0.500000000 | 0.500000000 | 0.500000000 | 0.500000000 |
T4s | 0.500000000 | 0.500000000 | 0.500000000 | 0.500000000 | 0.500000000 | 0.500000000 | 0.500000000 | 0.500000000 | 0.500000000 | 0.500000000 | 0.500000000 | 0.500000000 | 0.500000000 | 0.500000000 |
T5o | 0.500000000 | 0.500000000 | 0.500000000 | 0.500000000 | 0.500000000 | 0.500000000 | 0.500000000 | 0.500000000 | 0.500000000 | 0.500000000 | 0.500000000 | 0.500000000 | 0.500000000 | 0.500000000 |
T5s | 0.500000000 | 0.500000000 | 0.500000000 | 0.500000000 | 0.500000000 | 0.500000000 | 0.500000000 | 0.500000000 | 0.500000000 | 0.500000000 | 0.500000000 | 0.500000000 | 0.500000000 | 0.500000000 |
T6o | 0.500000000 | 0.500000000 | 0.500000000 | 0.500000000 | 0.500000000 | 0.500000000 | 0.500000000 | 0.500000000 | 0.500000000 | 0.500000000 | 0.500000000 | 0.500000000 | 0.500000000 | 0.500000000 |
T6s | 0.500000000 | 0.500000000 | 0.500000000 | 0.500000000 | 0.500000000 | 0.500000000 | 0.500000000 | 0.500000000 | 0.500000000 | 0.500000000 | 0.500000000 | 0.500000000 | 0.500000000 | 0.500000000 |
T7o | 0.500000000 | 0.500000000 | 0.500000000 | 0.500000000 | 0.500000000 | 0.500000000 | 0.500000000 | 0.500000000 | 0.500000000 | 0.500000000 | 0.500000000 | 0.500000000 | 0.500000000 | 0.500000000 |
T7s | 0.500000000 | 0.500000000 | 0.500000000 | 0.500000000 | 0.500000000 | 0.500000000 | 0.500000000 | 0.500000000 | 0.500000000 | 0.500000000 | 0.500000000 | 0.500000000 | 0.500000000 | 0.500000000 |
T8o | 0.500000000 | 0.500000000 | 0.500000000 | 0.500000000 | 0.500000000 | 0.500000000 | 0.500000000 | 0.500000000 | 0.500000000 | 0.500000000 | 0.500000000 | 0.500000000 | 0.500000000 | 0.500000000 |
T8s | 0.500000000 | 0.500000000 | 0.500000000 | 0.500000000 | 0.500000000 | 0.500000000 | 0.500000000 | 0.500000000 | 0.500000000 | 0.500000000 | 0.500000000 | 0.500000000 | 0.500000000 | 0.500000000 |
T9o | 0.500000000 | 0.500000000 | 0.500000000 | 0.500000000 | 0.500000000 | 0.500000000 | 0.500000000 | 0.500000000 | 0.500000000 | 0.500000000 | 0.500000000 | 0.500000000 | 0.500000000 | 0.500000000 |
T9s | 0.500000000 | 0.500000000 | 0.500000000 | 0.500000000 | 0.500000000 | 0.500000000 | 0.500000000 | 0.500000000 | 0.500000000 | 0.500000000 | 0.500000000 | 0.500000000 | 0.500000000 | 0.500000000 |
TTo | 0.500000000 | 0.500000000 | 0.500000000 | 0.500000000 | 0.500000000 | 0.500000000 | 0.500000000 | 0.500000000 | 0.500000000 | 0.500000000 | 0.500000000 | 0.500000000 | 0.500000000 | 0.500000000 |
J2o | 0.500000000 | 0.500000000 | 0.500000000 | 0.500000000 | 0.500000000 | 0.500000000 | 0.500000000 | 0.500000000 | 0.500000000 | 0.500000000 | 0.500000000 | 0.500000000 | 0.500000000 | 0.500000000 |
J2s | 0.500000000 | 0.500000000 | 0.500000000 | 0.500000000 | 0.500000000 | 0.500000000 | 0.500000000 | 0.500000000 | 0.500000000 | 0.500000000 | 0.500000000 | 0.500000000 | 0.500000000 | 0.500000000 |
J3o | 0.500000000 | 0.500000000 | 0.500000000 | 0.500000000 | 0.500000000 | 0.500000000 | 0.500000000 | 0.500000000 | 0.500000000 | 0.500000000 | 0.500000000 | 0.500000000 | 0.500000000 | 0.500000000 |
J3s | 0.500000000 | 0.500000000 | 0.500000000 | 0.500000000 | 0.500000000 | 0.500000000 | 0.500000000 | 0.500000000 | 0.500000000 | 0.500000000 | 0.500000000 | 0.500000000 | 0.500000000 | 0.500000000 |
J4o | 0.500000000 | 0.500000000 | 0.500000000 | 0.500000000 | 0.500000000 | 0.500000000 | 0.500000000 | 0.500000000 | 0.500000000 | 0.500000000 | 0.500000000 | 0.500000000 | 0.500000000 | 0.500000000 |
J4s | 0.500000000 | 0.500000000 | 0.500000000 | 0.500000000 | 0.500000000 | 0.500000000 | 0.500000000 | 0.500000000 | 0.500000000 | 0.500000000 | 0.500000000 | 0.500000000 | 0.500000000 | 0.500000000 |
J5o | 0.500000000 | 0.500000000 | 0.500000000 | 0.500000000 | 0.500000000 | 0.500000000 | 0.500000000 | 0.500000000 | 0.500000000 | 0.500000000 | 0.500000000 | 0.500000000 | 0.500000000 | 0.500000000 |
J5s | 0.500000000 | 0.500000000 | 0.500000000 | 0.500000000 | 0.500000000 | 0.500000000 | 0.500000000 | 0.500000000 | 0.500000000 | 0.500000000 | 0.500000000 | 0.500000000 | 0.500000000 | 0.500000000 |
J6o | 0.500000000 | 0.500000000 | 0.500000000 | 0.500000000 | 0.500000000 | 0.500000000 | 0.500000000 | 0.500000000 | 0.500000000 | 0.500000000 | 0.500000000 | 0.500000000 | 0.500000000 | 0.500000000 |
J6s | 0.500000000 | 0.500000000 | 0.500000000 | 0.500000000 | 0.500000000 | 0.500000000 | 0.500000000 | 0.500000000 | 0.500000000 | 0.500000000 | 0.500000000 | 0.500000000 | 0.500000000 | 0.500000000 |
J7o | 0.500000000 | 0.500000000 | 0.500000000 | 0.500000000 | 0.500000000 | 0.500000000 | 0.500000000 | 0.500000000 | 0.500000000 | 0.500000000 | 0.500000000 | 0.500000000 | 0.500000000 | 0.500000000 |
J7s | 0.500000000 | 0.500000000 | 0.500000000 | 0.500000000 | 0.500000000 | 0.500000000 | 0.500000000 | 0.500000000 | 0.500000000 | 0.500000000 | 0.500000000 | 0.500000000 | 0.500000000 | 0.500000000 |
J8o | 0.500000000 | 0.500000000 | 0.500000000 | 0.500000000 | 0.500000000 | 0.500000000 | 0.500000000 | 0.500000000 | 0.500000000 | 0.500000000 | 0.500000000 | 0.500000000 | 0.500000000 | 0.500000000 |
J8s | 0.500000000 | 0.500000000 | 0.500000000 | 0.500000000 | 0.500000000 | 0.500000000 | 0.500000000 | 0.500000000 | 0.500000000 | 0.500000000 | 0.500000000 | 0.500000000 | 0.500000000 | 0.500000000 |
J9o | 0.500000000 | 0.500000000 | 0.500000000 | 0.500000000 | 0.500000000 | 0.500000000 | 0.500000000 | 0.500000000 | 0.500000000 | 0.500000000 | 0.500000000 | 0.500000000 | 0.500000000 | 0.500000000 |
J9s | 0.500000000 | 0.500000000 | 0.500000000 | 0.500000000 | 0.500000000 | 0.500000000 | 0.500000000 | 0.500000000 | 0.500000000 | 0.500000000 | 0.500000000 | 0.500000000 | 0.500000000 | 0.500000000 |
JTo | 0.500000000 | 0.500000000 | 0.500000000 | 0.500000000 | 0.500000000 | 0.500000000 | 0.500000000 | 0.500000000 | 0.500000000 | 0.500000000 | 0.500000000 | 0.500000000 | 0.500000000 | 0.500000000 |
JTs | 0.500000000 | 0.500000000 | 0.500000000 | 0.500000000 | 0.500000000 | 0.500000000 | 0.500000000 | 0.500000000 | 0.500000000 | 0.500000000 | 0.500000000 | 0.500000000 | 0.500000000 | 0.500000000 |
JJo | 0.500000000 | 0.500000000 | 0.500000000 | 0.500000000 | 0.500000000 | 0.500000000 | 0.500000000 | 0.500000000 | 0.500000000 | 0.500000000 | 0.500000000 | 0.500000000 | 0.500000000 | 0.500000000 |
Q2o | 0.500000000 | 0.500000000 | 0.500000000 | 0.500000000 | 0.500000000 | 0.500000000 | 0.500000000 | 0.500000000 | 0.500000000 | 0.500000000 | 0.500000000 | 0.500000000 | 0.500000000 | 0.500000000 |
Q2s | 0.500000000 | 0.500000000 | 0.500000000 | 0.500000000 | 0.500000000 | 0.500000000 | 0.500000000 | 0.500000000 | 0.500000000 | 0.500000000 | 0.500000000 | 0.500000000 | 0.500000000 | 0.500000000 |
Q3o | 0.500000000 | 0.500000000 | 0.500000000 | 0.500000000 | 0.500000000 | 0.500000000 | 0.500000000 | 0.500000000 | 0.500000000 | 0.500000000 | 0.500000000 | 0.500000000 | 0.500000000 | 0.500000000 |
Q3s | 0.500000000 | 0.500000000 | 0.500000000 | 0.500000000 | 0.500000000 | 0.500000000 | 0.500000000 | 0.500000000 | 0.500000000 | 0.500000000 | 0.500000000 | 0.500000000 | 0.500000000 | 0.500000000 |
Q4o | 0.500000000 | 0.500000000 | 0.500000000 | 0.500000000 | 0.500000000 | 0.500000000 | 0.500000000 | 0.500000000 | 0.500000000 | 0.500000000 | 0.500000000 | 0.500000000 | 0.500000000 | 0.500000000 |
Q4s | 0.500000000 | 0.500000000 | 0.500000000 | 0.500000000 | 0.500000000 | 0.500000000 | 0.500000000 | 0.500000000 | 0.500000000 | 0.500000000 | 0.500000000 | 0.500000000 | 0.500000000 | 0.500000000 |
Q5o | 0.500000000 | 0.500000000 | 0.500000000 | 0.500000000 | 0.500000000 | 0.500000000 | 0.500000000 | 0.500000000 | 0.500000000 | 0.500000000 | 0.500000000 | 0.500000000 | 0.500000000 | 0.500000000 |
Q5s | 0.500000000 | 0.500000000 | 0.500000000 | 0.500000000 | 0.500000000 | 0.500000000 | 0.500000000 | 0.500000000 | 0.500000000 | 0.500000000 | 0.500000000 | 0.500000000 | 0.500000000 | 0.500000000 |
Q6o | 0.500000000 | 0.500000000 | 0.500000000 | 0.500000000 | 0.500000000 | 0.500000000 | 0.500000000 | 0.500000000 | 0.500000000 | 0.500000000 | 0.500000000 | 0.500000000 | 0.500000000 | 0.500000000 |
Q6s | 0.500000000 | 0.500000000 | 0.500000000 | 0.500000000 | 0.500000000 | 0.500000000 | 0.500000000 | 0.500000000 | 0.500000000 | 0.500000000 | 0.500000000 | 0.500000000 | 0.500000000 | 0.500000000 |
Q7o | 0.500000000 | 0.500000000 | 0.500000000 | 0.500000000 | 0.500000000 | 0.500000000 | 0.500000000 | 0.500000000 | 0.500000000 | 0.500000000 | 0.500000000 | 0.500000000 | 0.500000000 | 0.500000000 |
Q7s | 0.500000000 | 0.500000000 | 0.500000000 | 0.500000000 | 0.500000000 | 0.500000000 | 0.500000000 | 0.500000000 | 0.500000000 | 0.500000000 | 0.500000000 | 0.500000000 | 0.500000000 | 0.500000000 |
Q8o | 0.500000000 | 0.500000000 | 0.500000000 | 0.500000000 | 0.500000000 | 0.500000000 | 0.500000000 | 0.500000000 | 0.500000000 | 0.500000000 | 0.500000000 | 0.500000000 | 0.500000000 | 0.500000000 |
Q8s | 0.500000000 | 0.500000000 | 0.500000000 | 0.500000000 | 0.500000000 | 0.500000000 | 0.500000000 | 0.500000000 | 0.500000000 | 0.500000000 | 0.500000000 | 0.500000000 | 0.500000000 | 0.500000000 |
Q9o | 0.500000000 | 0.500000000 | 0.500000000 | 0.500000000 | 0.500000000 | 0.500000000 | 0.500000000 | 0.500000000 | 0.500000000 | 0.500000000 | 0.500000000 | 0.500000000 | 0.500000000 | 0.500000000 |
Q9s | 0.500000000 | 0.500000000 | 0.500000000 | 0.500000000 | 0.500000000 | 0.500000000 | 0.500000000 | 0.500000000 | 0.500000000 | 0.500000000 | 0.500000000 | 0.500000000 | 0.500000000 | 0.500000000 |
QTo | 0.500000000 | 0.500000000 | 0.500000000 | 0.500000000 | 0.500000000 | 0.500000000 | 0.500000000 | 0.500000000 | 0.500000000 | 0.500000000 | 0.500000000 | 0.500000000 | 0.500000000 | 0.500000000 |
QTs | 0.500000000 | 0.500000000 | 0.500000000 | 0.500000000 | 0.500000000 | 0.500000000 | 0.500000000 | 0.500000000 | 0.500000000 | 0.500000000 | 0.500000000 | 0.500000000 | 0.500000000 | 0.500000000 |
QJo | 0.500000000 | 0.500000000 | 0.500000000 | 0.500000000 | 0.500000000 | 0.500000000 | 0.500000000 | 0.500000000 | 0.500000000 | 0.500000000 | 0.500000000 | 0.500000000 | 0.500000000 | 0.500000000 |
QJs | 0.500000000 | 0.500000000 | 0.500000000 | 0.500000000 | 0.500000000 | 0.500000000 | 0.500000000 | 0.500000000 | 0.500000000 | 0.500000000 | 0.500000000 | 0.500000000 | 0.500000000 | 0.500000000 |
QQo | 0.500000000 | 0.500000000 | 0.500000000 | 0.500000000 | 0.500000000 | 0.500000000 | 0.500000000 | 0.500000000 | 0.500000000 | 0.500000000 | 0.500000000 | 0.500000000 | 0.500000000 | 0.500000000 |
K2o | 0.500000000 | 0.500000000 | 0.500000000 | 0.500000000 | 0.500000000 | 0.500000000 | 0.500000000 | 0.500000000 | 0.500000000 | 0.500000000 | 0.500000000 | 0.500000000 | 0.500000000 | 0.500000000 |
K2s | 0.500000000 | 0.500000000 | 0.500000000 | 0.500000000 | 0.500000000 | 0.500000000 | 0.500000000 | 0.500000000 | 0.500000000 | 0.500000000 | 0.500000000 | 0.500000000 | 0.500000000 | 0.500000000 |
K3o | 0.500000000 | 0.500000000 | 0.500000000 | 0.500000000 | 0.500000000 | 0.500000000 | 0.500000000 | 0.500000000 | 0.500000000 | 0.500000000 | 0.500000000 | 0.500000000 | 0.500000000 | 0.500000000 |
K3s | 0.500000000 | 0.500000000 | 0.500000000 | 0.500000000 | 0.500000000 | 0.500000000 | 0.500000000 | 0.500000000 | 0.500000000 | 0.500000000 | 0.500000000 | 0.500000000 | 0.500000000 | 0.500000000 |
K4o | 0.500000000 | 0.500000000 | 0.500000000 | 0.500000000 | 0.500000000 | 0.500000000 | 0.500000000 | 0.500000000 | 0.500000000 | 0.500000000 | 0.500000000 | 0.500000000 | 0.500000000 | 0.500000000 |
K4s | 0.500000000 | 0.500000000 | 0.500000000 | 0.500000000 | 0.500000000 | 0.500000000 | 0.500000000 | 0.500000000 | 0.500000000 | 0.500000000 | 0.500000000 | 0.500000000 | 0.500000000 | 0.500000000 |
K5o | 0.500000000 | 0.500000000 | 0.500000000 | 0.500000000 | 0.500000000 | 0.500000000 | 0.500000000 | 0.500000000 | 0.500000000 | 0.500000000 | 0.500000000 | 0.500000000 | 0.500000000 | 0.500000000 |
K5s | 0.500000000 | 0.500000000 | 0.500000000 | 0.500000000 | 0.500000000 | 0.500000000 | 0.500000000 | 0.500000000 | 0.500000000 | 0.500000000 | 0.500000000 | 0.500000000 | 0.500000000 | 0.500000000 |
K6o | 0.500000000 | 0.500000000 | 0.500000000 | 0.500000000 | 0.500000000 | 0.500000000 | 0.500000000 | 0.500000000 | 0.500000000 | 0.500000000 | 0.500000000 | 0.500000000 | 0.500000000 | 0.500000000 |
K6s | 0.500000000 | 0.500000000 | 0.500000000 | 0.500000000 | 0.500000000 | 0.500000000 | 0.500000000 | 0.500000000 | 0.500000000 | 0.500000000 | 0.500000000 | 0.500000000 | 0.500000000 | 0.500000000 |
K7o | 0.500000000 | 0.500000000 | 0.500000000 | 0.500000000 | 0.500000000 | 0.500000000 | 0.500000000 | 0.500000000 | 0.500000000 | 0.500000000 | 0.500000000 | 0.500000000 | 0.500000000 | 0.500000000 |
K7s | 0.500000000 | 0.500000000 | 0.500000000 | 0.500000000 | 0.500000000 | 0.500000000 | 0.500000000 | 0.500000000 | 0.500000000 | 0.500000000 | 0.500000000 | 0.500000000 | 0.500000000 | 0.500000000 |
K8o | 0.500000000 | 0.500000000 | 0.500000000 | 0.500000000 | 0.500000000 | 0.500000000 | 0.500000000 | 0.500000000 | 0.500000000 | 0.500000000 | 0.500000000 | 0.500000000 | 0.500000000 | 0.500000000 |
K8s | 0.500000000 | 0.500000000 | 0.500000000 | 0.500000000 | 0.500000000 | 0.500000000 | 0.500000000 | 0.500000000 | 0.500000000 | 0.500000000 | 0.500000000 | 0.500000000 | 0.500000000 | 0.500000000 |
K9o | 0.500000000 | 0.500000000 | 0.500000000 | 0.500000000 | 0.500000000 | 0.500000000 | 0.500000000 | 0.500000000 | 0.500000000 | 0.500000000 | 0.500000000 | 0.500000000 | 0.500000000 | 0.500000000 |
K9s | 0.500000000 | 0.500000000 | 0.500000000 | 0.500000000 | 0.500000000 | 0.500000000 | 0.500000000 | 0.500000000 | 0.500000000 | 0.500000000 | 0.500000000 | 0.500000000 | 0.500000000 | 0.500000000 |
KTo | 0.500000000 | 0.500000000 | 0.500000000 | 0.500000000 | 0.500000000 | 0.500000000 | 0.500000000 | 0.500000000 | 0.500000000 | 0.500000000 | 0.500000000 | 0.500000000 | 0.500000000 | 0.500000000 |
KTs | 0.500000000 | 0.500000000 | 0.500000000 | 0.500000000 | 0.500000000 | 0.500000000 | 0.500000000 | 0.500000000 | 0.500000000 | 0.500000000 | 0.500000000 | 0.500000000 | 0.500000000 | 0.500000000 |
KJo | 0.500000000 | 0.500000000 | 0.500000000 | 0.500000000 | 0.500000000 | 0.500000000 | 0.500000000 | 0.500000000 | 0.500000000 | 0.500000000 | 0.500000000 | 0.500000000 | 0.500000000 | 0.500000000 |
KJs | 0.500000000 | 0.500000000 | 0.500000000 | 0.500000000 | 0.500000000 | 0.500000000 | 0.500000000 | 0.500000000 | 0.500000000 | 0.500000000 | 0.500000000 | 0.500000000 | 0.500000000 | 0.500000000 |
KQo | 0.500000000 | 0.500000000 | 0.500000000 | 0.500000000 | 0.500000000 | 0.500000000 | 0.500000000 | 0.500000000 | 0.500000000 | 0.500000000 | 0.500000000 | 0.500000000 | 0.500000000 | 0.500000000 |
KQs | 0.500000000 | 0.500000000 | 0.500000000 | 0.500000000 | 0.500000000 | 0.500000000 | 0.500000000 | 0.500000000 | 0.500000000 | 0.500000000 | 0.500000000 | 0.500000000 | 0.500000000 | 0.500000000 |
KKo | 0.500000000 | 0.500000000 | 0.500000000 | 0.500000000 | 0.500000000 | 0.500000000 | 0.500000000 | 0.500000000 | 0.500000000 | 0.500000000 | 0.500000000 | 0.500000000 | 0.500000000 | 0.500000000 |
A2o | 0.500000000 | 0.500000000 | 0.500000000 | 0.500000000 | 0.500000000 | 0.500000000 | 0.500000000 | 0.500000000 | 0.500000000 | 0.500000000 | 0.500000000 | 0.500000000 | 0.500000000 | 0.500000000 |
A2s | 0.500000000 | 0.500000000 | 0.500000000 | 0.500000000 | 0.500000000 | 0.500000000 | 0.500000000 | 0.500000000 | 0.500000000 | 0.500000000 | 0.500000000 | 0.500000000 | 0.500000000 | 0.500000000 |
A3o | 0.500000000 | 0.500000000 | 0.500000000 | 0.500000000 | 0.500000000 | 0.500000000 | 0.500000000 | 0.500000000 | 0.500000000 | 0.500000000 | 0.500000000 | 0.500000000 | 0.500000000 | 0.500000000 |
A3s | 0.500000000 | 0.500000000 | 0.500000000 | 0.500000000 | 0.500000000 | 0.500000000 | 0.500000000 | 0.500000000 | 0.500000000 | 0.500000000 | 0.500000000 | 0.500000000 | 0.500000000 | 0.500000000 |
A4o | 0.500000000 | 0.500000000 | 0.500000000 | 0.500000000 | 0.500000000 | 0.500000000 | 0.500000000 | 0.500000000 | 0.500000000 | 0.500000000 | 0.500000000 | 0.500000000 | 0.500000000 | 0.500000000 |
A4s | 0.500000000 | 0.500000000 | 0.500000000 | 0.500000000 | 0.500000000 | 0.500000000 | 0.500000000 | 0.500000000 | 0.500000000 | 0.500000000 | 0.500000000 | 0.500000000 | 0.500000000 | 0.500000000 |
A5o | 0.500000000 | 0.500000000 | 0.500000000 | 0.500000000 | 0.500000000 | 0.500000000 | 0.500000000 | 0.500000000 | 0.500000000 | 0.500000000 | 0.500000000 | 0.500000000 | 0.500000000 | 0.500000000 |
A5s | 0.500000000 | 0.500000000 | 0.500000000 | 0.500000000 | 0.500000000 | 0.500000000 | 0.500000000 | 0.500000000 | 0.500000000 | 0.500000000 | 0.500000000 | 0.500000000 | 0.500000000 | 0.500000000 |
A6o | 0.500000000 | 0.500000000 | 0.500000000 | 0.500000000 | 0.500000000 | 0.500000000 | 0.500000000 | 0.500000000 | 0.500000000 | 0.500000000 | 0.500000000 | 0.500000000 | 0.500000000 | 0.500000000 |
A6s | 0.500000000 | 0.500000000 | 0.500000000 | 0.500000000 | 0.500000000 | 0.500000000 | 0.500000000 | 0.500000000 | 0.500000000 | 0.500000000 | 0.500000000 | 0.500000000 | 0.500000000 | 0.500000000 |
A7o | 0.500000000 | 0.500000000 | 0.500000000 | 0.500000000 | 0.500000000 | 0.500000000 | 0.500000000 | 0.500000000 | 0.500000000 | 0.500000000 | 0.500000000 | 0.500000000 | 0.500000000 | 0.500000000 |
A7s | 0.500000000 | 0.500000000 | 0.500000000 | 0.500000000 | 0.500000000 | 0.500000000 | 0.500000000 | 0.500000000 | 0.500000000 | 0.500000000 | 0.500000000 | 0.500000000 | 0.500000000 | 0.500000000 |
A8o | 0.500000000 | 0.500000000 | 0.500000000 | 0.500000000 | 0.500000000 | 0.500000000 | 0.500000000 | 0.500000000 | 0.500000000 | 0.500000000 | 0.500000000 | 0.500000000 | 0.500000000 | 0.500000000 |
A8s | 0.500000000 | 0.500000000 | 0.500000000 | 0.500000000 | 0.500000000 | 0.500000000 | 0.500000000 | 0.500000000 | 0.500000000 | 0.500000000 | 0.500000000 | 0.500000000 | 0.500000000 | 0.500000000 |
A9o | 0.500000000 | 0.500000000 | 0.500000000 | 0.500000000 | 0.500000000 | 0.500000000 | 0.500000000 | 0.500000000 | 0.500000000 | 0.500000000 | 0.500000000 | 0.500000000 | 0.500000000 | 0.500000000 |
A9s | 0.500000000 | 0.500000000 | 0.500000000 | 0.500000000 | 0.500000000 | 0.500000000 | 0.500000000 | 0.500000000 | 0.500000000 | 0.500000000 | 0.500000000 | 0.500000000 | 0.500000000 | 0.500000000 |
ATo | 0.500000000 | 0.500000000 | 0.500000000 | 0.500000000 | 0.500000000 | 0.500000000 | 0.500000000 | 0.500000000 | 0.500000000 | 0.500000000 | 0.500000000 | 0.500000000 | 0.500000000 | 0.500000000 |
ATs | 0.500000000 | 0.500000000 | 0.500000000 | 0.500000000 | 0.500000000 | 0.500000000 | 0.500000000 | 0.500000000 | 0.500000000 | 0.500000000 | 0.500000000 | 0.500000000 | 0.500000000 | 0.500000000 |
AJo | 0.500000000 | 0.500000000 | 0.500000000 | 0.500000000 | 0.500000000 | 0.500000000 | 0.500000000 | 0.500000000 | 0.500000000 | 0.500000000 | 0.500000000 | 0.500000000 | 0.500000000 | 0.500000000 |
AJs | 0.500000000 | 0.500000000 | 0.500000000 | 0.500000000 | 0.500000000 | 0.500000000 | 0.500000000 | 0.500000000 | 0.500000000 | 0.500000000 | 0.500000000 | 0.500000000 | 0.500000000 | 0.500000000 |
AQo | 0.500000000 | 0.500000000 | 0.500000000 | 0.500000000 | 0.500000000 | 0.500000000 | 0.500000000 | 0.500000000 | 0.500000000 | 0.500000000 | 0.500000000 | 0.500000000 | 0.500000000 | 0.500000000 |
AQs | 0.500000000 | 0.500000000 | 0.500000000 | 0.500000000 | 0.500000000 | 0.500000000 | 0.500000000 | 0.500000000 | 0.500000000 | 0.500000000 | 0.500000000 | 0.500000000 | 0.500000000 | 0.500000000 |
AKo | 0.500000000 | 0.500000000 | 0.500000000 | 0.500000000 | 0.500000000 | 0.500000000 | 0.500000000 | 0.500000000 | 0.500000000 | 0.500000000 | 0.500000000 | 0.500000000 | 0.500000000 | 0.500000000 |
AKs | 0.500000000 | 0.500000000 | 0.500000000 | 0.500000000 | 0.500000000 | 0.500000000 | 0.500000000 | 0.500000000 | 0.500000000 | 0.500000000 | 0.500000000 | 0.500000000 | 0.500000000 | 0.500000000 |
AAo | 0.500000000 | 0.500000000 | 0.500000000 | 0.500000000 | 0.500000000 | 0.500000000 | 0.500000000 | 0.500000000 | 0.500000000 | 0.500000000 | 0.500000000 | 0.500000000 | 0.500000000 | 0.500000000 |


Player ID: , Position: SmallBlind, Holding Cards: | 5♣ | 9♥ | , Action: Fold, 
Best Hand: 4387, Money: -0.100000, Reward: -0.100000
Bandit Agent 
    |     CO      |     DE      |    DE_CO    |     SB      |    SB_CO    |    SB_DE    |  SB_CO_DE   |    BB_CO    |    BB_DE    |    BB_SB    |  BB_CO_DE   |  BB_CO_SB   |  BB_DE_SB   | BB_CO_DE_SB |
22o | A 0.0000000 | A 0.0000000 | A 0.0000000 | A 0.0000000 | A 0.0000000 | A 0.0000000 | A 0.0000000 | A 0.0000000 | A 0.0000000 | A 0.0000000 | A 0.0000000 | A 0.0000000 | A 0.0000000 | A 0.0000000 |
32o | A 0.0000000 | A 0.0000000 | A 0.0000000 | A 0.0000000 | A 0.0000000 | A 0.0000000 | A 0.0000000 | A 0.0000000 | A 0.0000000 | A 0.0000000 | A 0.0000000 | A 0.0000000 | A 0.0000000 | A 0.0000000 |
32s | A 0.0000000 | A 0.0000000 | A 0.0000000 | A 0.0000000 | A 0.0000000 | A 0.0000000 | A 0.0000000 | A 0.0000000 | A 0.0000000 | A 0.0000000 | A 0.0000000 | A 0.0000000 | A 0.0000000 | A 0.0000000 |
33o | A 0.0000000 | A 0.0000000 | A 0.0000000 | A 0.0000000 | A 0.0000000 | A 0.0000000 | A 0.0000000 | A 0.0000000 | A 0.0000000 | A 0.0000000 | A 0.0000000 | A 0.0000000 | A 0.0000000 | A 0.0000000 |
42o | A 0.0000000 | A 0.0000000 | A 0.0000000 | A 0.0000000 | A 0.0000000 | A 0.0000000 | A 0.0000000 | A 0.0000000 | A 0.0000000 | A 0.0000000 | A 0.0000000 | A 0.0000000 | A 0.0000000 | A 0.0000000 |
42s | A 0.0000000 | A 0.0000000 | A 0.0000000 | A 0.0000000 | A 0.0000000 | A 0.0000000 | A 0.0000000 | A 0.0000000 | A 0.0000000 | A 0.0000000 | A 0.0000000 | A 0.0000000 | A 0.0000000 | A 0.0000000 |
43o | A 0.0000000 | A 0.0000000 | A 0.0000000 | A 0.0000000 | A 0.0000000 | A 0.0000000 | A 0.0000000 | A 0.0000000 | A 0.0000000 | A 0.0000000 | A 0.0000000 | A 0.0000000 | A 0.0000000 | A 0.0000000 |
43s | A 0.0000000 | A 0.0000000 | A 0.0000000 | A 0.0000000 | A 0.0000000 | A 0.0000000 | A 0.0000000 | A 0.0000000 | A 0.0000000 | A 0.0000000 | A 0.0000000 | A 0.0000000 | A 0.0000000 | A 0.0000000 |
44o | A 0.0000000 | A 0.0000000 | A 0.0000000 | A 0.0000000 | A 0.0000000 | A 0.0000000 | A 0.0000000 | A 0.0000000 | A 0.0000000 | A 0.0000000 | A 0.0000000 | A 0.0000000 | A 0.0000000 | A 0.0000000 |
52o | A 0.0000000 | A 0.0000000 | A 0.0000000 | A 0.0000000 | A 0.0000000 | A 0.0000000 | A 0.0000000 | A 0.0000000 | A 0.0000000 | A 0.0000000 | A 0.0000000 | A 0.0000000 | A 0.0000000 | A 0.0000000 |
52s | A 0.0000000 | A 0.0000000 | A 0.0000000 | A 0.0000000 | A 0.0000000 | A 0.0000000 | A 0.0000000 | A 0.0000000 | A 0.0000000 | A 0.0000000 | A 0.0000000 | A 0.0000000 | A 0.0000000 | A 0.0000000 |
53o | A 0.0000000 | A 0.0000000 | A 0.0000000 | A 0.0000000 | A 0.0000000 | A 0.0000000 | A 0.0000000 | A 0.0000000 | A 0.0000000 | A 0.0000000 | A 0.0000000 | A 0.0000000 | A 0.0000000 | A 0.0000000 |
53s | A 0.0000000 | A 0.0000000 | A 0.0000000 | A 0.0000000 | A 0.0000000 | A 0.0000000 | A 0.0000000 | A 0.0000000 | A 0.0000000 | A 0.0000000 | A 0.0000000 | A 0.0000000 | A 0.0000000 | A 0.0000000 |
54o | A 0.0000000 | A 0.0000000 | A 0.0000000 | A 0.0000000 | A 0.0000000 | A 0.0000000 | A 0.0000000 | A 0.0000000 | A 0.0000000 | A 0.0000000 | A 0.0000000 | A 0.0000000 | A 0.0000000 | A 0.0000000 |
54s | A 0.0000000 | A 0.0000000 | A 0.0000000 | A 0.0000000 | A 0.0000000 | A 0.0000000 | A 0.0000000 | A 0.0000000 | A 0.0000000 | A 0.0000000 | A 0.0000000 | A 0.0000000 | A 0.0000000 | A 0.0000000 |
55o | A 0.0000000 | A 0.0000000 | A 0.0000000 | A 0.0000000 | A 0.0000000 | A 0.0000000 | A 0.0000000 | A 0.0000000 | A 0.0000000 | A 0.0000000 | A 0.0000000 | A 0.0000000 | A 0.0000000 | A 0.0000000 |
62o | A 0.0000000 | A 0.0000000 | A 0.0000000 | A 0.0000000 | A 0.0000000 | A 0.0000000 | A 0.0000000 | A 0.0000000 | A 0.0000000 | A 0.0000000 | A 0.0000000 | A 0.0000000 | A 0.0000000 | A 0.0000000 |
62s | A 0.0000000 | A 0.0000000 | A 0.0000000 | A 0.0000000 | A 0.0000000 | A 0.0000000 | A 0.0000000 | A 0.0000000 | A 0.0000000 | A 0.0000000 | A 0.0000000 | A 0.0000000 | A 0.0000000 | A 0.0000000 |
63o | A 0.0000000 | A 0.0000000 | A 0.0000000 | A 0.0000000 | A 0.0000000 | A 0.0000000 | A 0.0000000 | A 0.0000000 | A 0.0000000 | A 0.0000000 | A 0.0000000 | A 0.0000000 | A 0.0000000 | A 0.0000000 |
63s | A 0.0000000 | A 0.0000000 | A 0.0000000 | A 0.0000000 | A 0.0000000 | A 0.0000000 | A 0.0000000 | A 0.0000000 | A 0.0000000 | A 0.0000000 | A 0.0000000 | A 0.0000000 | A 0.0000000 | A 0.0000000 |
64o | A 0.0000000 | A 0.0000000 | A 0.0000000 | A 0.0000000 | A 0.0000000 | A 0.0000000 | A 0.0000000 | A 0.0000000 | A 0.0000000 | A 0.0000000 | A 0.0000000 | A 0.0000000 | A 0.0000000 | A 0.0000000 |
64s | A 0.0000000 | A 0.0000000 | A 0.0000000 | A 0.0000000 | A 0.0000000 | A 0.0000000 | A 0.0000000 | A 0.0000000 | A 0.0000000 | A 0.0000000 | A 0.0000000 | A 0.0000000 | A 0.0000000 | A 0.0000000 |
65o | A 0.0000000 | A 0.0000000 | A 0.0000000 | A 0.0000000 | A 0.0000000 | A 0.0000000 | A 0.0000000 | A 0.0000000 | A 0.0000000 | A 0.0000000 | A 0.0000000 | A 0.0000000 | A 0.0000000 | A 0.0000000 |
65s | A 0.0000000 | A 0.0000000 | A 0.0000000 | A 0.0000000 | A 0.0000000 | A 0.0000000 | A 0.0000000 | A 0.0000000 | A 0.0000000 | A 0.0000000 | A 0.0000000 | A 0.0000000 | A 0.0000000 | A 0.0000000 |
66o | A 0.0000000 | A 0.0000000 | A 0.0000000 | A 0.0000000 | A 0.0000000 | A 0.0000000 | A 0.0000000 | A 0.0000000 | A 0.0000000 | A 0.0000000 | A 0.0000000 | A 0.0000000 | A 0.0000000 | A 0.0000000 |
72o | A 0.0000000 | A 0.0000000 | A 0.0000000 | A 0.0000000 | A 0.0000000 | A 0.0000000 | A 0.0000000 | A 0.0000000 | A 0.0000000 | A 0.0000000 | A 0.0000000 | A 0.0000000 | A 0.0000000 | A 0.0000000 |
72s | A 0.0000000 | A 0.0000000 | A 0.0000000 | A 0.0000000 | A 0.0000000 | A 0.0000000 | A 0.0000000 | A 0.0000000 | A 0.0000000 | A 0.0000000 | A 0.0000000 | A 0.0000000 | A 0.0000000 | A 0.0000000 |
73o | A 0.0000000 | A 0.0000000 | A 0.0000000 | A 0.0000000 | A 0.0000000 | A 0.0000000 | A 0.0000000 | A 0.0000000 | A 0.0000000 | A 0.0000000 | A 0.0000000 | A 0.0000000 | A 0.0000000 | A 0.0000000 |
73s | A 0.0000000 | A 0.0000000 | A 0.0000000 | A 0.0000000 | A 0.0000000 | A 0.0000000 | A 0.0000000 | A 0.0000000 | A 0.0000000 | A 0.0000000 | A 0.0000000 | A 0.0000000 | A 0.0000000 | A 0.0000000 |
74o | A 0.0000000 | A 0.0000000 | A 0.0000000 | A 0.0000000 | A 0.0000000 | A 0.0000000 | A 0.0000000 | A 0.0000000 | A 0.0000000 | A 0.0000000 | A 0.0000000 | A 0.0000000 | A 0.0000000 | A 0.0000000 |
74s | A 0.0000000 | A 0.0000000 | A 0.0000000 | A 0.0000000 | A 0.0000000 | A 0.0000000 | A 0.0000000 | A 0.0000000 | A 0.0000000 | A 0.0000000 | A 0.0000000 | A 0.0000000 | A 0.0000000 | A 0.0000000 |
75o | A 0.0000000 | A 0.0000000 | A 0.0000000 | A 0.0000000 | A 0.0000000 | A 0.0000000 | A 0.0000000 | A 0.0000000 | A 0.0000000 | A 0.0000000 | A 0.0000000 | A 0.0000000 | A 0.0000000 | A 0.0000000 |
75s | A 0.0000000 | A 0.0000000 | A 0.0000000 | A 0.0000000 | A 0.0000000 | A 0.0000000 | A 0.0000000 | A 0.0000000 | A 0.0000000 | A 0.0000000 | A 0.0000000 | A 0.0000000 | A 0.0000000 | A 0.0000000 |
76o | A 0.0000000 | A 0.0000000 | A 0.0000000 | A 0.0000000 | A 0.0000000 | A 0.0000000 | A 0.0000000 | A 0.0000000 | A 0.0000000 | A 0.0000000 | A 0.0000000 | A 0.0000000 | A 0.0000000 | A 0.0000000 |
76s | A 0.0000000 | A 0.0000000 | A 0.0000000 | A 0.0000000 | A 0.0000000 | A 0.0000000 | A 0.0000000 | A 0.0000000 | A 0.0000000 | A 0.0000000 | A 0.0000000 | A 0.0000000 | A 0.0000000 | A 0.0000000 |
77o | A 0.0000000 | A 0.0000000 | A 0.0000000 | A 0.0000000 | A 0.0000000 | A 0.0000000 | A 0.0000000 | A 0.0000000 | A 0.0000000 | A 0.0000000 | A 0.0000000 | A 0.0000000 | A 0.0000000 | A 0.0000000 |
82o | A 0.0000000 | A 0.0000000 | A 0.0000000 | A 0.0000000 | A 0.0000000 | A 0.0000000 | A 0.0000000 | A 0.0000000 | A 0.0000000 | A 0.0000000 | A 0.0000000 | A 0.0000000 | A 0.0000000 | A 0.0000000 |
82s | A 0.0000000 | A 0.0000000 | A 0.0000000 | A 0.0000000 | A 0.0000000 | A 0.0000000 | A 0.0000000 | A 0.0000000 | A 0.0000000 | A 0.0000000 | A 0.0000000 | A 0.0000000 | A 0.0000000 | A 0.0000000 |
83o | A 0.0000000 | A 0.0000000 | A 0.0000000 | A 0.0000000 | A 0.0000000 | A 0.0000000 | A 0.0000000 | A 0.0000000 | A 0.0000000 | A 0.0000000 | A 0.0000000 | A 0.0000000 | A 0.0000000 | A 0.0000000 |
83s | A 0.0000000 | A 0.0000000 | A 0.0000000 | A 0.0000000 | A 0.0000000 | A 0.0000000 | A 0.0000000 | A 0.0000000 | A 0.0000000 | A 0.0000000 | A 0.0000000 | A 0.0000000 | A 0.0000000 | A 0.0000000 |
84o | A 0.0000000 | A 0.0000000 | A 0.0000000 | A 0.0000000 | A 0.0000000 | A 0.0000000 | A 0.0000000 | A 0.0000000 | A 0.0000000 | A 0.0000000 | A 0.0000000 | A 0.0000000 | A 0.0000000 | A 0.0000000 |
84s | A 0.0000000 | A 0.0000000 | A 0.0000000 | A 0.0000000 | A 0.0000000 | A 0.0000000 | A 0.0000000 | A 0.0000000 | A 0.0000000 | A 0.0000000 | A 0.0000000 | A 0.0000000 | A 0.0000000 | A 0.0000000 |
85o | A 0.0000000 | A 0.0000000 | A 0.0000000 | A 0.0000000 | A 0.0000000 | A 0.0000000 | A 0.0000000 | A 0.0000000 | A 0.0000000 | A 0.0000000 | A 0.0000000 | A 0.0000000 | A 0.0000000 | A 0.0000000 |
85s | A 0.0000000 | A 0.0000000 | A 0.0000000 | A 0.0000000 | A 0.0000000 | A 0.0000000 | A 0.0000000 | A 0.0000000 | A 0.0000000 | A 0.0000000 | A 0.0000000 | A 0.0000000 | A 0.0000000 | A 0.0000000 |
86o | A 0.0000000 | A 0.0000000 | A 0.0000000 | A 0.0000000 | A 0.0000000 | A 0.0000000 | A 0.0000000 | A 0.0000000 | A 0.0000000 | A 0.0000000 | A 0.0000000 | A 0.0000000 | A 0.0000000 | A 0.0000000 |
86s | A 0.0000000 | A 0.0000000 | A 0.0000000 | A 0.0000000 | A 0.0000000 | A 0.0000000 | A 0.0000000 | A 0.0000000 | A 0.0000000 | A 0.0000000 | A 0.0000000 | A 0.0000000 | A 0.0000000 | A 0.0000000 |
87o | A 0.0000000 | A 0.0000000 | A 0.0000000 | A 0.0000000 | A 0.0000000 | A 0.0000000 | A 0.0000000 | A 0.0000000 | A 0.0000000 | A 0.0000000 | A 0.0000000 | A 0.0000000 | A 0.0000000 | A 0.0000000 |
87s | A 0.0000000 | A 0.0000000 | A 0.0000000 | A 0.0000000 | A 0.0000000 | A 0.0000000 | A 0.0000000 | A 0.0000000 | A 0.0000000 | A 0.0000000 | A 0.0000000 | A 0.0000000 | A 0.0000000 | A 0.0000000 |
88o | A 0.0000000 | A 0.0000000 | A 0.0000000 | A 0.0000000 | A 0.0000000 | A 0.0000000 | A 0.0000000 | A 0.0000000 | A 0.0000000 | A 0.0000000 | A 0.0000000 | A 0.0000000 | A 0.0000000 | A 0.0000000 |
92o | A 0.0000000 | A 0.0000000 | A 0.0000000 | A 0.0000000 | A 0.0000000 | A 0.0000000 | A 0.0000000 | A 0.0000000 | A 0.0000000 | A 0.0000000 | A 0.0000000 | A 0.0000000 | A 0.0000000 | A 0.0000000 |
92s | A 0.0000000 | A 0.0000000 | A 0.0000000 | A 0.0000000 | A 0.0000000 | A 0.0000000 | A 0.0000000 | A 0.0000000 | A 0.0000000 | A 0.0000000 | A 0.0000000 | A 0.0000000 | A 0.0000000 | A 0.0000000 |
93o | A 0.0000000 | A 0.0000000 | A 0.0000000 | A 0.0000000 | A 0.0000000 | A 0.0000000 | A 0.0000000 | A 0.0000000 | A 0.0000000 | A 0.0000000 | A 0.0000000 | A 0.0000000 | A 0.0000000 | A 0.0000000 |
93s | A 0.0000000 | A 0.0000000 | A 0.0000000 | A 0.0000000 | A 0.0000000 | A 0.0000000 | A 0.0000000 | A 0.0000000 | A 0.0000000 | A 0.0000000 | A 0.0000000 | A 0.0000000 | A 0.0000000 | A 0.0000000 |
94o | A 0.0000000 | A 0.0000000 | A 0.0000000 | A 0.0000000 | A 0.0000000 | A 0.0000000 | A 0.0000000 | A 0.0000000 | A 0.0000000 | A 0.0000000 | A 0.0000000 | A 0.0000000 | A 0.0000000 | A 0.0000000 |
94s | A 0.0000000 | A 0.0000000 | A 0.0000000 | A 0.0000000 | A 0.0000000 | A 0.0000000 | A 0.0000000 | A 0.0000000 | A 0.0000000 | A 0.0000000 | A 0.0000000 | A 0.0000000 | A 0.0000000 | A 0.0000000 |
95o | A 0.0000000 | A 0.0000000 | A 0.0000000 | A 0.0000000 | A 0.0000000 | A 0.1000000 | A 0.0000000 | A 0.0000000 | A 0.0000000 | A 0.0000000 | A 0.0000000 | A 0.0000000 | A 0.0000000 | A 0.0000000 |
95s | A 0.0000000 | A 0.0000000 | A 0.0000000 | A 0.0000000 | A 0.0000000 | A 0.0000000 | A 0.0000000 | A 0.0000000 | A 0.0000000 | A 0.0000000 | A 0.0000000 | A 0.0000000 | A 0.0000000 | A 0.0000000 |
96o | A 0.0000000 | A 0.0000000 | A 0.0000000 | A 0.0000000 | A 0.0000000 | A 0.0000000 | A 0.0000000 | A 0.0000000 | A 0.0000000 | A 0.0000000 | A 0.0000000 | A 0.0000000 | A 0.0000000 | A 0.0000000 |
96s | A 0.0000000 | A 0.0000000 | A 0.0000000 | A 0.0000000 | A 0.0000000 | A 0.0000000 | A 0.0000000 | A 0.0000000 | A 0.0000000 | A 0.0000000 | A 0.0000000 | A 0.0000000 | A 0.0000000 | A 0.0000000 |
97o | A 0.0000000 | A 0.0000000 | A 0.0000000 | A 0.0000000 | A 0.0000000 | A 0.0000000 | A 0.0000000 | A 0.0000000 | A 0.0000000 | A 0.0000000 | A 0.0000000 | A 0.0000000 | A 0.0000000 | A 0.0000000 |
97s | A 0.0000000 | A 0.0000000 | A 0.0000000 | A 0.0000000 | A 0.0000000 | A 0.0000000 | A 0.0000000 | A 0.0000000 | A 0.0000000 | A 0.0000000 | A 0.0000000 | A 0.0000000 | A 0.0000000 | A 0.0000000 |
98o | A 0.0000000 | A 0.0000000 | A 0.0000000 | A 0.0000000 | A 0.0000000 | A 0.0000000 | A 0.0000000 | A 0.0000000 | A 0.0000000 | A 0.0000000 | A 0.0000000 | A 0.0000000 | A 0.0000000 | A 0.0000000 |
98s | A 0.0000000 | A 0.0000000 | A 0.0000000 | A 0.0000000 | A 0.0000000 | A 0.0000000 | A 0.0000000 | A 0.0000000 | A 0.0000000 | A 0.0000000 | A 0.0000000 | A 0.0000000 | A 0.0000000 | A 0.0000000 |
99o | A 0.0000000 | A 0.0000000 | A 0.0000000 | A 0.0000000 | A 0.0000000 | A 0.0000000 | A 0.0000000 | A 0.0000000 | A 0.0000000 | A 0.0000000 | A 0.0000000 | A 0.0000000 | A 0.0000000 | A 0.0000000 |
T2o | A 0.0000000 | A 0.0000000 | A 0.0000000 | A 0.0000000 | A 0.0000000 | A 0.0000000 | A 0.0000000 | A 0.0000000 | A 0.0000000 | A 0.0000000 | A 0.0000000 | A 0.0000000 | A 0.0000000 | A 0.0000000 |
T2s | A 0.0000000 | A 0.0000000 | A 0.0000000 | A 0.0000000 | A 0.0000000 | A 0.0000000 | A 0.0000000 | A 0.0000000 | A 0.0000000 | A 0.0000000 | A 0.0000000 | A 0.0000000 | A 0.0000000 | A 0.0000000 |
T3o | A 0.0000000 | A 0.0000000 | A 0.0000000 | A 0.0000000 | A 0.0000000 | A 0.0000000 | A 0.0000000 | A 0.0000000 | A 0.0000000 | A 0.0000000 | A 0.0000000 | A 0.0000000 | A 0.0000000 | A 0.0000000 |
T3s | A 0.0000000 | A 0.0000000 | A 0.0000000 | A 0.0000000 | A 0.0000000 | A 0.0000000 | A 0.0000000 | A 0.0000000 | A 0.0000000 | A 0.0000000 | A 0.0000000 | A 0.0000000 | A 0.0000000 | A 0.0000000 |
T4o | A 0.0000000 | A 0.0000000 | A 0.0000000 | A 0.0000000 | A 0.0000000 | A 0.0000000 | A 0.0000000 | A 0.0000000 | A 0.0000000 | A 0.0000000 | A 0.0000000 | A 0.0000000 | A 0.0000000 | A 0.0000000 |
T4s | A 0.0000000 | A 0.0000000 | A 0.0000000 | A 0.0000000 | A 0.0000000 | A 0.0000000 | A 0.0000000 | A 0.0000000 | A 0.0000000 | A 0.0000000 | A 0.0000000 | A 0.0000000 | A 0.0000000 | A 0.0000000 |
T5o | A 0.0000000 | A 0.0000000 | A 0.0000000 | A 0.0000000 | A 0.0000000 | A 0.0000000 | A 0.0000000 | A 0.0000000 | A 0.0000000 | A 0.0000000 | A 0.0000000 | A 0.0000000 | A 0.0000000 | A 0.0000000 |
T5s | A 0.0000000 | A 0.0000000 | A 0.0000000 | A 0.0000000 | A 0.0000000 | A 0.0000000 | A 0.0000000 | A 0.0000000 | A 0.0000000 | A 0.0000000 | A 0.0000000 | A 0.0000000 | A 0.0000000 | A 0.0000000 |
T6o | A 0.0000000 | A 0.0000000 | A 0.0000000 | A 0.0000000 | A 0.0000000 | A 0.0000000 | A 0.0000000 | A 0.0000000 | A 0.0000000 | A 0.0000000 | A 0.0000000 | A 0.0000000 | A 0.0000000 | A 0.0000000 |
T6s | A 0.0000000 | A 0.0000000 | A 0.0000000 | A 0.0000000 | A 0.0000000 | A 0.0000000 | A 0.0000000 | A 0.0000000 | A 0.0000000 | A 0.0000000 | A 0.0000000 | A 0.0000000 | A 0.0000000 | A 0.0000000 |
T7o | A 0.0000000 | A 0.0000000 | A 0.0000000 | A 0.0000000 | A 0.0000000 | A 0.0000000 | A 0.0000000 | A 0.0000000 | A 0.0000000 | A 0.0000000 | A 0.0000000 | A 0.0000000 | A 0.0000000 | A 0.0000000 |
T7s | A 0.0000000 | A 0.0000000 | A 0.0000000 | A 0.0000000 | A 0.0000000 | A 0.0000000 | A 0.0000000 | A 0.0000000 | A 0.0000000 | A 0.0000000 | A 0.0000000 | A 0.0000000 | A 0.0000000 | A 0.0000000 |
T8o | A 0.0000000 | A 0.0000000 | A 0.0000000 | A 0.0000000 | A 0.0000000 | A 0.0000000 | A 0.0000000 | A 0.0000000 | A 0.0000000 | A 0.0000000 | A 0.0000000 | A 0.0000000 | A 0.0000000 | A 0.0000000 |
T8s | A 0.0000000 | A 0.0000000 | A 0.0000000 | A 0.0000000 | A 0.0000000 | A 0.0000000 | A 0.0000000 | A 0.0000000 | A 0.0000000 | A 0.0000000 | A 0.0000000 | A 0.0000000 | A 0.0000000 | A 0.0000000 |
T9o | A 0.0000000 | A 0.0000000 | A 0.0000000 | A 0.0000000 | A 0.0000000 | A 0.0000000 | A 0.0000000 | A 0.0000000 | A 0.0000000 | A 0.0000000 | A 0.0000000 | A 0.0000000 | A 0.0000000 | A 0.0000000 |
T9s | A 0.0000000 | A 0.0000000 | A 0.0000000 | A 0.0000000 | A 0.0000000 | A 0.0000000 | A 0.0000000 | A 0.0000000 | A 0.0000000 | A 0.0000000 | A 0.0000000 | A 0.0000000 | A 0.0000000 | A 0.0000000 |
TTo | A 0.0000000 | A 0.0000000 | A 0.0000000 | A 0.0000000 | A 0.0000000 | A 0.0000000 | A 0.0000000 | A 0.0000000 | A 0.0000000 | A 0.0000000 | A 0.0000000 | A 0.0000000 | A 0.0000000 | A 0.0000000 |
J2o | A 0.0000000 | A 0.0000000 | A 0.0000000 | A 0.0000000 | A 0.0000000 | A 0.0000000 | A 0.0000000 | A 0.0000000 | A 0.0000000 | A 0.0000000 | A 0.0000000 | A 0.0000000 | A 0.0000000 | A 0.0000000 |
J2s | A 0.0000000 | A 0.0000000 | A 0.0000000 | A 0.0000000 | A 0.0000000 | A 0.0000000 | A 0.0000000 | A 0.0000000 | A 0.0000000 | A 0.0000000 | A 0.0000000 | A 0.0000000 | A 0.0000000 | A 0.0000000 |
J3o | A 0.0000000 | A 0.0000000 | A 0.0000000 | A 0.0000000 | A 0.0000000 | A 0.0000000 | A 0.0000000 | A 0.0000000 | A 0.0000000 | A 0.0000000 | A 0.0000000 | A 0.0000000 | A 0.0000000 | A 0.0000000 |
J3s | A 0.0000000 | A 0.0000000 | A 0.0000000 | A 0.0000000 | A 0.0000000 | A 0.0000000 | A 0.0000000 | A 0.0000000 | A 0.0000000 | A 0.0000000 | A 0.0000000 | A 0.0000000 | A 0.0000000 | A 0.0000000 |
J4o | A 0.0000000 | A 0.0000000 | A 0.0000000 | A 0.0000000 | A 0.0000000 | A 0.0000000 | A 0.0000000 | A 0.0000000 | A 0.0000000 | A 0.0000000 | A 0.0000000 | A 0.0000000 | A 0.0000000 | A 0.0000000 |
J4s | A 0.0000000 | A 0.0000000 | A 0.0000000 | A 0.0000000 | A 0.0000000 | A 0.0000000 | A 0.0000000 | A 0.0000000 | A 0.0000000 | A 0.0000000 | A 0.0000000 | A 0.0000000 | A 0.0000000 | A 0.0000000 |
J5o | A 0.0000000 | A 0.0000000 | A 0.0000000 | A 0.0000000 | A 0.0000000 | A 0.0000000 | A 0.0000000 | A 0.0000000 | A 0.0000000 | A 0.0000000 | A 0.0000000 | A 0.0000000 | A 0.0000000 | A 0.0000000 |
J5s | A 0.0000000 | A 0.0000000 | A 0.0000000 | A 0.0000000 | A 0.0000000 | A 0.0000000 | A 0.0000000 | A 0.0000000 | A 0.0000000 | A 0.0000000 | A 0.0000000 | A 0.0000000 | A 0.0000000 | A 0.0000000 |
J6o | A 0.0000000 | A 0.0000000 | A 0.0000000 | A 0.0000000 | A 0.0000000 | A 0.0000000 | A 0.0000000 | A 0.0000000 | A 0.0000000 | A 0.0000000 | A 0.0000000 | A 0.0000000 | A 0.0000000 | A 0.0000000 |
J6s | A 0.0000000 | A 0.0000000 | A 0.0000000 | A 0.0000000 | A 0.0000000 | A 0.0000000 | A 0.0000000 | A 0.0000000 | A 0.0000000 | A 0.0000000 | A 0.0000000 | A 0.0000000 | A 0.0000000 | A 0.0000000 |
J7o | A 0.0000000 | A 0.0000000 | A 0.0000000 | A 0.0000000 | A 0.0000000 | A 0.0000000 | A 0.0000000 | A 0.0000000 | A 0.0000000 | A 0.0000000 | A 0.0000000 | A 0.0000000 | A 0.0000000 | A 0.0000000 |
J7s | A 0.0000000 | A 0.0000000 | A 0.0000000 | A 0.0000000 | A 0.0000000 | A 0.0000000 | A 0.0000000 | A 0.0000000 | A 0.0000000 | A 0.0000000 | A 0.0000000 | A 0.0000000 | A 0.0000000 | A 0.0000000 |
J8o | A 0.0000000 | A 0.0000000 | A 0.0000000 | A 0.0000000 | A 0.0000000 | A 0.0000000 | A 0.0000000 | A 0.0000000 | A 0.0000000 | A 0.0000000 | A 0.0000000 | A 0.0000000 | A 0.0000000 | A 0.0000000 |
J8s | A 0.0000000 | A 0.0000000 | A 0.0000000 | A 0.0000000 | A 0.0000000 | A 0.0000000 | A 0.0000000 | A 0.0000000 | A 0.0000000 | A 0.0000000 | A 0.0000000 | A 0.0000000 | A 0.0000000 | A 0.0000000 |
J9o | A 0.0000000 | A 0.0000000 | A 0.0000000 | A 0.0000000 | A 0.0000000 | A 0.0000000 | A 0.0000000 | A 0.0000000 | A 0.0000000 | A 0.0000000 | A 0.0000000 | A 0.0000000 | A 0.0000000 | A 0.0000000 |
J9s | A 0.0000000 | A 0.0000000 | A 0.0000000 | A 0.0000000 | A 0.0000000 | A 0.0000000 | A 0.0000000 | A 0.0000000 | A 0.0000000 | A 0.0000000 | A 0.0000000 | A 0.0000000 | A 0.0000000 | A 0.0000000 |
JTo | A 0.0000000 | A 0.0000000 | A 0.0000000 | A 0.0000000 | A 0.0000000 | A 0.0000000 | A 0.0000000 | A 0.0000000 | A 0.0000000 | A 0.0000000 | A 0.0000000 | A 0.0000000 | A 0.0000000 | A 0.0000000 |
JTs | A 0.0000000 | A 0.0000000 | A 0.0000000 | A 0.0000000 | A 0.0000000 | A 0.0000000 | A 0.0000000 | A 0.0000000 | A 0.0000000 | A 0.0000000 | A 0.0000000 | A 0.0000000 | A 0.0000000 | A 0.0000000 |
JJo | A 0.0000000 | A 0.0000000 | A 0.0000000 | A 0.0000000 | A 0.0000000 | A 0.0000000 | A 0.0000000 | A 0.0000000 | A 0.0000000 | A 0.0000000 | A 0.0000000 | A 0.0000000 | A 0.0000000 | A 0.0000000 |
Q2o | A 0.0000000 | A 0.0000000 | A 0.0000000 | A 0.0000000 | A 0.0000000 | A 0.0000000 | A 0.0000000 | A 0.0000000 | A 0.0000000 | A 0.0000000 | A 0.0000000 | A 0.0000000 | A 0.0000000 | A 0.0000000 |
Q2s | A 0.0000000 | A 0.0000000 | A 0.0000000 | A 0.0000000 | A 0.0000000 | A 0.0000000 | A 0.0000000 | A 0.0000000 | A 0.0000000 | A 0.0000000 | A 0.0000000 | A 0.0000000 | A 0.0000000 | A 0.0000000 |
Q3o | A 0.0000000 | A 0.0000000 | A 0.0000000 | A 0.0000000 | A 0.0000000 | A 0.0000000 | A 0.0000000 | A 0.0000000 | A 0.0000000 | A 0.0000000 | A 0.0000000 | A 0.0000000 | A 0.0000000 | A 0.0000000 |
Q3s | A 0.0000000 | A 0.0000000 | A 0.0000000 | A 0.0000000 | A 0.0000000 | A 0.0000000 | A 0.0000000 | A 0.0000000 | A 0.0000000 | A 0.0000000 | A 0.0000000 | A 0.0000000 | A 0.0000000 | A 0.0000000 |
Q4o | A 0.0000000 | A 0.0000000 | A 0.0000000 | A 0.0000000 | A 0.0000000 | A 0.0000000 | A 0.0000000 | A 0.0000000 | A 0.0000000 | A 0.0000000 | A 0.0000000 | A 0.0000000 | A 0.0000000 | A 0.0000000 |
Q4s | A 0.0000000 | A 0.0000000 | A 0.0000000 | A 0.0000000 | A 0.0000000 | A 0.0000000 | A 0.0000000 | A 0.0000000 | A 0.0000000 | A 0.0000000 | A 0.0000000 | A 0.0000000 | A 0.0000000 | A 0.0000000 |
Q5o | A 0.0000000 | A 0.0000000 | A 0.0000000 | A 0.0000000 | A 0.0000000 | A 0.0000000 | A 0.0000000 | A 0.0000000 | A 0.0000000 | A 0.0000000 | A 0.0000000 | A 0.0000000 | A 0.0000000 | A 0.0000000 |
Q5s | A 0.0000000 | A 0.0000000 | A 0.0000000 | A 0.0000000 | A 0.0000000 | A 0.0000000 | A 0.0000000 | A 0.0000000 | A 0.0000000 | A 0.0000000 | A 0.0000000 | A 0.0000000 | A 0.0000000 | A 0.0000000 |
Q6o | A 0.0000000 | A 0.0000000 | A 0.0000000 | A 0.0000000 | A 0.0000000 | A 0.0000000 | A 0.0000000 | A 0.0000000 | A 0.0000000 | A 0.0000000 | A 0.0000000 | A 0.0000000 | A 0.0000000 | A 0.0000000 |
Q6s | A 0.0000000 | A 0.0000000 | A 0.0000000 | A 0.0000000 | A 0.0000000 | A 0.0000000 | A 0.0000000 | A 0.0000000 | A 0.0000000 | A 0.0000000 | A 0.0000000 | A 0.0000000 | A 0.0000000 | A 0.0000000 |
Q7o | A 0.0000000 | A 0.0000000 | A 0.0000000 | A 0.0000000 | A 0.0000000 | A 0.0000000 | A 0.0000000 | A 0.0000000 | A 0.0000000 | A 0.0000000 | A 0.0000000 | A 0.0000000 | A 0.0000000 | A 0.0000000 |
Q7s | A 0.0000000 | A 0.0000000 | A 0.0000000 | A 0.0000000 | A 0.0000000 | A 0.0000000 | A 0.0000000 | A 0.0000000 | A 0.0000000 | A 0.0000000 | A 0.0000000 | A 0.0000000 | A 0.0000000 | A 0.0000000 |
Q8o | A 0.0000000 | A 0.0000000 | A 0.0000000 | A 0.0000000 | A 0.0000000 | A 0.0000000 | A 0.0000000 | A 0.0000000 | A 0.0000000 | A 0.0000000 | A 0.0000000 | A 0.0000000 | A 0.0000000 | A 0.0000000 |
Q8s | A 0.0000000 | A 0.0000000 | A 0.0000000 | A 0.0000000 | A 0.0000000 | A 0.0000000 | A 0.0000000 | A 0.0000000 | A 0.0000000 | A 0.0000000 | A 0.0000000 | A 0.0000000 | A 0.0000000 | A 0.0000000 |
Q9o | A 0.0000000 | A 0.0000000 | A 0.0000000 | A 0.0000000 | A 0.0000000 | A 0.0000000 | A 0.0000000 | A 0.0000000 | A 0.0000000 | A 0.0000000 | A 0.0000000 | A 0.0000000 | A 0.0000000 | A 0.0000000 |
Q9s | A 0.0000000 | A 0.0000000 | A 0.0000000 | A 0.0000000 | A 0.0000000 | A 0.0000000 | A 0.0000000 | A 0.0000000 | A 0.0000000 | A 0.0000000 | A 0.0000000 | A 0.0000000 | A 0.0000000 | A 0.0000000 |
QTo | A 0.0000000 | A 0.0000000 | A 0.0000000 | A 0.0000000 | A 0.0000000 | A 0.0000000 | A 0.0000000 | A 0.0000000 | A 0.0000000 | A 0.0000000 | A 0.0000000 | A 0.0000000 | A 0.0000000 | A 0.0000000 |
QTs | A 0.0000000 | A 0.0000000 | A 0.0000000 | A 0.0000000 | A 0.0000000 | A 0.0000000 | A 0.0000000 | A 0.0000000 | A 0.0000000 | A 0.0000000 | A 0.0000000 | A 0.0000000 | A 0.0000000 | A 0.0000000 |
QJo | A 0.0000000 | A 0.0000000 | A 0.0000000 | A 0.0000000 | A 0.0000000 | A 0.0000000 | A 0.0000000 | A 0.0000000 | A 0.0000000 | A 0.0000000 | A 0.0000000 | A 0.0000000 | A 0.0000000 | A 0.0000000 |
QJs | A 0.0000000 | A 0.0000000 | A 0.0000000 | A 0.0000000 | A 0.0000000 | A 0.0000000 | A 0.0000000 | A 0.0000000 | A 0.0000000 | A 0.0000000 | A 0.0000000 | A 0.0000000 | A 0.0000000 | A 0.0000000 |
QQo | A 0.0000000 | A 0.0000000 | A 0.0000000 | A 0.0000000 | A 0.0000000 | A 0.0000000 | A 0.0000000 | A 0.0000000 | A 0.0000000 | A 0.0000000 | A 0.0000000 | A 0.0000000 | A 0.0000000 | A 0.0000000 |
K2o | A 0.0000000 | A 0.0000000 | A 0.0000000 | A 0.0000000 | A 0.0000000 | A 0.0000000 | A 0.0000000 | A 0.0000000 | A 0.0000000 | A 0.0000000 | A 0.0000000 | A 0.0000000 | A 0.0000000 | A 0.0000000 |
K2s | A 0.0000000 | A 0.0000000 | A 0.0000000 | A 0.0000000 | A 0.0000000 | A 0.0000000 | A 0.0000000 | A 0.0000000 | A 0.0000000 | A 0.0000000 | A 0.0000000 | A 0.0000000 | A 0.0000000 | A 0.0000000 |
K3o | A 0.0000000 | A 0.0000000 | A 0.0000000 | A 0.0000000 | A 0.0000000 | A 0.0000000 | A 0.0000000 | A 0.0000000 | A 0.0000000 | A 0.0000000 | A 0.0000000 | A 0.0000000 | A 0.0000000 | A 0.0000000 |
K3s | A 0.0000000 | A 0.0000000 | A 0.0000000 | A 0.0000000 | A 0.0000000 | A 0.0000000 | A 0.0000000 | A 0.0000000 | A 0.0000000 | A 0.0000000 | A 0.0000000 | A 0.0000000 | A 0.0000000 | A 0.0000000 |
K4o | A 0.0000000 | A 0.0000000 | A 0.0000000 | A 0.0000000 | A 0.0000000 | A 0.0000000 | A 0.0000000 | A 0.0000000 | A 0.0000000 | A 0.0000000 | A 0.0000000 | A 0.0000000 | A 0.0000000 | A 0.0000000 |
K4s | A 0.0000000 | A 0.0000000 | A 0.0000000 | A 0.0000000 | A 0.0000000 | A 0.0000000 | A 0.0000000 | A 0.0000000 | A 0.0000000 | A 0.0000000 | A 0.0000000 | A 0.0000000 | A 0.0000000 | A 0.0000000 |
K5o | A 0.0000000 | A 0.0000000 | A 0.0000000 | A 0.0000000 | A 0.0000000 | A 0.0000000 | A 0.0000000 | A 0.0000000 | A 0.0000000 | A 0.0000000 | A 0.0000000 | A 0.0000000 | A 0.0000000 | A 0.0000000 |
K5s | A 0.0000000 | A 0.0000000 | A 0.0000000 | A 0.0000000 | A 0.0000000 | A 0.0000000 | A 0.0000000 | A 0.0000000 | A 0.0000000 | A 0.0000000 | A 0.0000000 | A 0.0000000 | A 0.0000000 | A 0.0000000 |
K6o | A 0.0000000 | A 0.0000000 | A 0.0000000 | A 0.0000000 | A 0.0000000 | A 0.0000000 | A 0.0000000 | A 0.0000000 | A 0.0000000 | A 0.0000000 | A 0.0000000 | A 0.0000000 | A 0.0000000 | A 0.0000000 |
K6s | A 0.0000000 | A 0.0000000 | A 0.0000000 | A 0.0000000 | A 0.0000000 | A 0.0000000 | A 0.0000000 | A 0.0000000 | A 0.0000000 | A 0.0000000 | A 0.0000000 | A 0.0000000 | A 0.0000000 | A 0.0000000 |
K7o | A 0.0000000 | A 0.0000000 | A 0.0000000 | A 0.0000000 | A 0.0000000 | A 0.0000000 | A 0.0000000 | A 0.0000000 | A 0.0000000 | A 0.0000000 | A 0.0000000 | A 0.0000000 | A 0.0000000 | A 0.0000000 |
K7s | A 0.0000000 | A 0.0000000 | A 0.0000000 | A 0.0000000 | A 0.0000000 | A 0.0000000 | A 0.0000000 | A 0.0000000 | A 0.0000000 | A 0.0000000 | A 0.0000000 | A 0.0000000 | A 0.0000000 | A 0.0000000 |
K8o | A 0.0000000 | A 0.0000000 | A 0.0000000 | A 0.0000000 | A 0.0000000 | A 0.0000000 | A 0.0000000 | A 0.0000000 | A 0.0000000 | A 0.0000000 | A 0.0000000 | A 0.0000000 | A 0.0000000 | A 0.0000000 |
K8s | A 0.0000000 | A 0.0000000 | A 0.0000000 | A 0.0000000 | A 0.0000000 | A 0.0000000 | A 0.0000000 | A 0.0000000 | A 0.0000000 | A 0.0000000 | A 0.0000000 | A 0.0000000 | A 0.0000000 | A 0.0000000 |
K9o | A 0.0000000 | A 0.0000000 | A 0.0000000 | A 0.0000000 | A 0.0000000 | A 0.0000000 | A 0.0000000 | A 0.0000000 | A 0.0000000 | A 0.0000000 | A 0.0000000 | A 0.0000000 | A 0.0000000 | A 0.0000000 |
K9s | A 0.0000000 | A 0.0000000 | A 0.0000000 | A 0.0000000 | A 0.0000000 | A 0.0000000 | A 0.0000000 | A 0.0000000 | A 0.0000000 | A 0.0000000 | A 0.0000000 | A 0.0000000 | A 0.0000000 | A 0.0000000 |
KTo | A 0.0000000 | A 0.0000000 | A 0.0000000 | A 0.0000000 | A 0.0000000 | A 0.0000000 | A 0.0000000 | A 0.0000000 | A 0.0000000 | A 0.0000000 | A 0.0000000 | A 0.0000000 | A 0.0000000 | A 0.0000000 |
KTs | A 0.0000000 | A 0.0000000 | A 0.0000000 | A 0.0000000 | A 0.0000000 | A 0.0000000 | A 0.0000000 | A 0.0000000 | A 0.0000000 | A 0.0000000 | A 0.0000000 | A 0.0000000 | A 0.0000000 | A 0.0000000 |
KJo | A 0.0000000 | A 0.0000000 | A 0.0000000 | A 0.0000000 | A 0.0000000 | A 0.0000000 | A 0.0000000 | A 0.0000000 | A 0.0000000 | A 0.0000000 | A 0.0000000 | A 0.0000000 | A 0.0000000 | A 0.0000000 |
KJs | A 0.0000000 | A 0.0000000 | A 0.0000000 | A 0.0000000 | A 0.0000000 | A 0.0000000 | A 0.0000000 | A 0.0000000 | A 0.0000000 | A 0.0000000 | A 0.0000000 | A 0.0000000 | A 0.0000000 | A 0.0000000 |
KQo | A 0.0000000 | A 0.0000000 | A 0.0000000 | A 0.0000000 | A 0.0000000 | A 0.0000000 | A 0.0000000 | A 0.0000000 | A 0.0000000 | A 0.0000000 | A 0.0000000 | A 0.0000000 | A 0.0000000 | A 0.0000000 |
KQs | A 0.0000000 | A 0.0000000 | A 0.0000000 | A 0.0000000 | A 0.0000000 | A 0.0000000 | A 0.0000000 | A 0.0000000 | A 0.0000000 | A 0.0000000 | A 0.0000000 | A 0.0000000 | A 0.0000000 | A 0.0000000 |
KKo | A 0.0000000 | A 0.0000000 | A 0.0000000 | A 0.0000000 | A 0.0000000 | A 0.0000000 | A 0.0000000 | A 0.0000000 | A 0.0000000 | A 0.0000000 | A 0.0000000 | A 0.0000000 | A 0.0000000 | A 0.0000000 |
A2o | A 0.0000000 | A 0.0000000 | A 0.0000000 | A 0.0000000 | A 0.0000000 | A 0.0000000 | A 0.0000000 | A 0.0000000 | A 0.0000000 | A 0.0000000 | A 0.0000000 | A 0.0000000 | A 0.0000000 | A 0.0000000 |
A2s | A 0.0000000 | A 0.0000000 | A 0.0000000 | A 0.0000000 | A 0.0000000 | A 0.0000000 | A 0.0000000 | A 0.0000000 | A 0.0000000 | A 0.0000000 | A 0.0000000 | A 0.0000000 | A 0.0000000 | A 0.0000000 |
A3o | A 0.0000000 | A 0.0000000 | A 0.0000000 | A 0.0000000 | A 0.0000000 | A 0.0000000 | A 0.0000000 | A 0.0000000 | A 0.0000000 | A 0.0000000 | A 0.0000000 | A 0.0000000 | A 0.0000000 | A 0.0000000 |
A3s | A 0.0000000 | A 0.0000000 | A 0.0000000 | A 0.0000000 | A 0.0000000 | A 0.0000000 | A 0.0000000 | A 0.0000000 | A 0.0000000 | A 0.0000000 | A 0.0000000 | A 0.0000000 | A 0.0000000 | A 0.0000000 |
A4o | A 0.0000000 | A 0.0000000 | A 0.0000000 | A 0.0000000 | A 0.0000000 | A 0.0000000 | A 0.0000000 | A 0.0000000 | A 0.0000000 | A 0.0000000 | A 0.0000000 | A 0.0000000 | A 0.0000000 | A 0.0000000 |
A4s | A 0.0000000 | A 0.0000000 | A 0.0000000 | A 0.0000000 | A 0.0000000 | A 0.0000000 | A 0.0000000 | A 0.0000000 | A 0.0000000 | A 0.0000000 | A 0.0000000 | A 0.0000000 | A 0.0000000 | A 0.0000000 |
A5o | A 0.0000000 | A 0.0000000 | A 0.0000000 | A 0.0000000 | A 0.0000000 | A 0.0000000 | A 0.0000000 | A 0.0000000 | A 0.0000000 | A 0.0000000 | A 0.0000000 | A 0.0000000 | A 0.0000000 | A 0.0000000 |
A5s | A 0.0000000 | A 0.0000000 | A 0.0000000 | A 0.0000000 | A 0.0000000 | A 0.0000000 | A 0.0000000 | A 0.0000000 | A 0.0000000 | A 0.0000000 | A 0.0000000 | A 0.0000000 | A 0.0000000 | A 0.0000000 |
A6o | A 0.0000000 | A 0.0000000 | A 0.0000000 | A 0.0000000 | A 0.0000000 | A 0.0000000 | A 0.0000000 | A 0.0000000 | A 0.0000000 | A 0.0000000 | A 0.0000000 | A 0.0000000 | A 0.0000000 | A 0.0000000 |
A6s | A 0.0000000 | A 0.0000000 | A 0.0000000 | A 0.0000000 | A 0.0000000 | A 0.0000000 | A 0.0000000 | A 0.0000000 | A 0.0000000 | A 0.0000000 | A 0.0000000 | A 0.0000000 | A 0.0000000 | A 0.0000000 |
A7o | A 0.0000000 | A 0.0000000 | A 0.0000000 | A 0.0000000 | A 0.0000000 | A 0.0000000 | A 0.0000000 | A 0.0000000 | A 0.0000000 | A 0.0000000 | A 0.0000000 | A 0.0000000 | A 0.0000000 | A 0.0000000 |
A7s | A 0.0000000 | A 0.0000000 | A 0.0000000 | A 0.0000000 | A 0.0000000 | A 0.0000000 | A 0.0000000 | A 0.0000000 | A 0.0000000 | A 0.0000000 | A 0.0000000 | A 0.0000000 | A 0.0000000 | A 0.0000000 |
A8o | A 0.0000000 | A 0.0000000 | A 0.0000000 | A 0.0000000 | A 0.0000000 | A 0.0000000 | A 0.0000000 | A 0.0000000 | A 0.0000000 | A 0.0000000 | A 0.0000000 | A 0.0000000 | A 0.0000000 | A 0.0000000 |
A8s | A 0.0000000 | A 0.0000000 | A 0.0000000 | A 0.0000000 | A 0.0000000 | A 0.0000000 | A 0.0000000 | A 0.0000000 | A 0.0000000 | A 0.0000000 | A 0.0000000 | A 0.0000000 | A 0.0000000 | A 0.0000000 |
A9o | A 0.0000000 | A 0.0000000 | A 0.0000000 | A 0.0000000 | A 0.0000000 | A 0.0000000 | A 0.0000000 | A 0.0000000 | A 0.0000000 | A 0.0000000 | A 0.0000000 | A 0.0000000 | A 0.0000000 | A 0.0000000 |
A9s | A 0.0000000 | A 0.0000000 | A 0.0000000 | A 0.0000000 | A 0.0000000 | A 0.0000000 | A 0.0000000 | A 0.0000000 | A 0.0000000 | A 0.0000000 | A 0.0000000 | A 0.0000000 | A 0.0000000 | A 0.0000000 |
ATo | A 0.0000000 | A 0.0000000 | A 0.0000000 | A 0.0000000 | A 0.0000000 | A 0.0000000 | A 0.0000000 | A 0.0000000 | A 0.0000000 | A 0.0000000 | A 0.0000000 | A 0.0000000 | A 0.0000000 | A 0.0000000 |
ATs | A 0.0000000 | A 0.0000000 | A 0.0000000 | A 0.0000000 | A 0.0000000 | A 0.0000000 | A 0.0000000 | A 0.0000000 | A 0.0000000 | A 0.0000000 | A 0.0000000 | A 0.0000000 | A 0.0000000 | A 0.0000000 |
AJo | A 0.0000000 | A 0.0000000 | A 0.0000000 | A 0.0000000 | A 0.0000000 | A 0.0000000 | A 0.0000000 | A 0.0000000 | A 0.0000000 | A 0.0000000 | A 0.0000000 | A 0.0000000 | A 0.0000000 | A 0.0000000 |
AJs | A 0.0000000 | A 0.0000000 | A 0.0000000 | A 0.0000000 | A 0.0000000 | A 0.0000000 | A 0.0000000 | A 0.0000000 | A 0.0000000 | A 0.0000000 | A 0.0000000 | A 0.0000000 | A 0.0000000 | A 0.0000000 |
AQo | A 0.0000000 | A 0.0000000 | A 0.0000000 | A 0.0000000 | A 0.0000000 | A 0.0000000 | A 0.0000000 | A 0.0000000 | A 0.0000000 | A 0.0000000 | A 0.0000000 | A 0.0000000 | A 0.0000000 | A 0.0000000 |
AQs | A 0.0000000 | A 0.0000000 | A 0.0000000 | A 0.0000000 | A 0.0000000 | A 0.0000000 | A 0.0000000 | A 0.0000000 | A 0.0000000 | A 0.0000000 | A 0.0000000 | A 0.0000000 | A 0.0000000 | A 0.0000000 |
AKo | A 0.0000000 | A 0.0000000 | A 0.0000000 | A 0.0000000 | A 0.0000000 | A 0.0000000 | A 0.0000000 | A 0.0000000 | A 0.0000000 | A 0.0000000 | A 0.0000000 | A 0.0000000 | A 0.0000000 | A 0.0000000 |
AKs | A 0.0000000 | A 0.0000000 | A 0.0000000 | A 0.0000000 | A 0.0000000 | A 0.0000000 | A 0.0000000 | A 0.0000000 | A 0.0000000 | A 0.0000000 | A 0.0000000 | A 0.0000000 | A 0.0000000 | A 0.0000000 |
AAo | A 0.0000000 | A 0.0000000 | A 0.0000000 | A 0.0000000 | A 0.0000000 | A 0.0000000 | A 0.0000000 | A 0.0000000 | A 0.0000000 | A 0.0000000 | A 0.0000000 | A 0.0000000 | A 0.0000000 | A 0.0000000 |


Player ID: , Position: BigBlind, Holding Cards: | Q♦ | 6♥ | , Action: AllIn, 
Best Hand: 1616, Money: -1.180000, Reward: -1.180000
EG Agent 
    |     CO      |     DE      |    DE_CO    |     SB      |    SB_CO    |    SB_DE    |  SB_CO_DE   |    BB_CO    |    BB_DE    |    BB_SB    |  BB_CO_DE   |  BB_CO_SB   |  BB_DE_SB   | BB_CO_DE_SB |
22o | A 0.0000000 | A 0.0000000 | A 0.0000000 | A 0.0000000 | A 0.0000000 | A 0.0000000 | A 0.0000000 | A 0.0000000 | A 0.0000000 | A 0.0000000 | A 0.0000000 | A 0.0000000 | A 0.0000000 | A 0.0000000 |
32o | A 0.0000000 | A 0.0000000 | A 0.0000000 | A 0.0000000 | A 0.0000000 | A 0.0000000 | A 0.0000000 | A 0.0000000 | A 0.0000000 | A 0.0000000 | A 0.0000000 | A 0.0000000 | A 0.0000000 | A 0.0000000 |
32s | A 0.0000000 | A 0.0000000 | A 0.0000000 | A 0.0000000 | A 0.0000000 | A 0.0000000 | A 0.0000000 | A 0.0000000 | A 0.0000000 | A 0.0000000 | A 0.0000000 | A 0.0000000 | A 0.0000000 | A 0.0000000 |
33o | A 0.0000000 | A 0.0000000 | A 0.0000000 | A 0.0000000 | A 0.0000000 | A 0.0000000 | A 0.0000000 | A 0.0000000 | A 0.0000000 | A 0.0000000 | A 0.0000000 | A 0.0000000 | A 0.0000000 | A 0.0000000 |
42o | A 0.0000000 | A 0.0000000 | A 0.0000000 | A 0.0000000 | A 0.0000000 | A 0.0000000 | A 0.0000000 | A 0.0000000 | A 0.0000000 | A 0.0000000 | A 0.0000000 | A 0.0000000 | A 0.0000000 | A 0.0000000 |
42s | A 0.0000000 | A 0.0000000 | A 0.0000000 | A 0.0000000 | A 0.0000000 | A 0.0000000 | A 0.0000000 | A 0.0000000 | A 0.0000000 | A 0.0000000 | A 0.0000000 | A 0.0000000 | A 0.0000000 | A 0.0000000 |
43o | A 0.0000000 | A 0.0000000 | A 0.0000000 | A 0.0000000 | A 0.0000000 | A 0.0000000 | A 0.0000000 | A 0.0000000 | A 0.0000000 | A 0.0000000 | A 0.0000000 | A 0.0000000 | A 0.0000000 | A 0.0000000 |
43s | A 0.0000000 | A 0.0000000 | A 0.0000000 | A 0.0000000 | A 0.0000000 | A 0.0000000 | A 0.0000000 | A 0.0000000 | A 0.0000000 | A 0.0000000 | A 0.0000000 | A 0.0000000 | A 0.0000000 | A 0.0000000 |
44o | A 0.0000000 | A 0.0000000 | A 0.0000000 | A 0.0000000 | A 0.0000000 | A 0.0000000 | A 0.0000000 | A 0.0000000 | A 0.0000000 | A 0.0000000 | A 0.0000000 | A 0.0000000 | A 0.0000000 | A 0.0000000 |
52o | A 0.0000000 | A 0.0000000 | A 0.0000000 | A 0.0000000 | A 0.0000000 | A 0.0000000 | A 0.0000000 | A 0.0000000 | A 0.0000000 | A 0.0000000 | A 0.0000000 | A 0.0000000 | A 0.0000000 | A 0.0000000 |
52s | A 0.0000000 | A 0.0000000 | A 0.0000000 | A 0.0000000 | A 0.0000000 | A 0.0000000 | A 0.0000000 | A 0.0000000 | A 0.0000000 | A 0.0000000 | A 0.0000000 | A 0.0000000 | A 0.0000000 | A 0.0000000 |
53o | A 0.0000000 | A 0.0000000 | A 0.0000000 | A 0.0000000 | A 0.0000000 | A 0.0000000 | A 0.0000000 | A 0.0000000 | A 0.0000000 | A 0.0000000 | A 0.0000000 | A 0.0000000 | A 0.0000000 | A 0.0000000 |
53s | A 0.0000000 | A 0.0000000 | A 0.0000000 | A 0.0000000 | A 0.0000000 | A 0.0000000 | A 0.0000000 | A 0.0000000 | A 0.0000000 | A 0.0000000 | A 0.0000000 | A 0.0000000 | A 0.0000000 | A 0.0000000 |
54o | A 0.0000000 | A 0.0000000 | A 0.0000000 | A 0.0000000 | A 0.0000000 | A 0.0000000 | A 0.0000000 | A 0.0000000 | A 0.0000000 | A 0.0000000 | A 0.0000000 | A 0.0000000 | A 0.0000000 | A 0.0000000 |
54s | A 0.0000000 | A 0.0000000 | A 0.0000000 | A 0.0000000 | A 0.0000000 | A 0.0000000 | A 0.0000000 | A 0.0000000 | A 0.0000000 | A 0.0000000 | A 0.0000000 | A 0.0000000 | A 0.0000000 | A 0.0000000 |
55o | A 0.0000000 | A 0.0000000 | A 0.0000000 | A 0.0000000 | A 0.0000000 | A 0.0000000 | A 0.0000000 | A 0.0000000 | A 0.0000000 | A 0.0000000 | A 0.0000000 | A 0.0000000 | A 0.0000000 | A 0.0000000 |
62o | A 0.0000000 | A 0.0000000 | A 0.0000000 | A 0.0000000 | A 0.0000000 | A 0.0000000 | A 0.0000000 | A 0.0000000 | A 0.0000000 | A 0.0000000 | A 0.0000000 | A 0.0000000 | A 0.0000000 | A 0.0000000 |
62s | A 0.0000000 | A 0.0000000 | A 0.0000000 | A 0.0000000 | A 0.0000000 | A 0.0000000 | A 0.0000000 | A 0.0000000 | A 0.0000000 | A 0.0000000 | A 0.0000000 | A 0.0000000 | A 0.0000000 | A 0.0000000 |
63o | A 0.0000000 | A 0.0000000 | A 0.0000000 | A 0.0000000 | A 0.0000000 | A 0.0000000 | A 0.0000000 | A 0.0000000 | A 0.0000000 | A 0.0000000 | A 0.0000000 | A 0.0000000 | A 0.0000000 | A 0.0000000 |
63s | A 0.0000000 | A 0.0000000 | A 0.0000000 | A 0.0000000 | A 0.0000000 | A 0.0000000 | A 0.0000000 | A 0.0000000 | A 0.0000000 | A 0.0000000 | A 0.0000000 | A 0.0000000 | A 0.0000000 | A 0.0000000 |
64o | A 0.0000000 | A 0.0000000 | A 0.0000000 | A 0.0000000 | A 0.0000000 | A 0.0000000 | A 0.0000000 | A 0.0000000 | A 0.0000000 | A 0.0000000 | A 0.0000000 | A 0.0000000 | A 0.0000000 | A 0.0000000 |
64s | A 0.0000000 | A 0.0000000 | A 0.0000000 | A 0.0000000 | A 0.0000000 | A 0.0000000 | A 0.0000000 | A 0.0000000 | A 0.0000000 | A 0.0000000 | A 0.0000000 | A 0.0000000 | A 0.0000000 | A 0.0000000 |
65o | A 0.0000000 | A 0.0000000 | A 0.0000000 | A 0.0000000 | A 0.0000000 | A 0.0000000 | A 0.0000000 | A 0.0000000 | A 0.0000000 | A 0.0000000 | A 0.0000000 | A 0.0000000 | A 0.0000000 | A 0.0000000 |
65s | A 0.0000000 | A 0.0000000 | A 0.0000000 | A 0.0000000 | A 0.0000000 | A 0.0000000 | A 0.0000000 | A 0.0000000 | A 0.0000000 | A 0.0000000 | A 0.0000000 | A 0.0000000 | A 0.0000000 | A 0.0000000 |
66o | A 0.0000000 | A 0.0000000 | A 0.0000000 | A 0.0000000 | A 0.0000000 | A 0.0000000 | A 0.0000000 | A 0.0000000 | A 0.0000000 | A 0.0000000 | A 0.0000000 | A 0.0000000 | A 0.0000000 | A 0.0000000 |
72o | A 0.0000000 | A 0.0000000 | A 0.0000000 | A 0.0000000 | A 0.0000000 | A 0.0000000 | A 0.0000000 | A 0.0000000 | A 0.0000000 | A 0.0000000 | A 0.0000000 | A 0.0000000 | A 0.0000000 | A 0.0000000 |
72s | A 0.0000000 | A 0.0000000 | A 0.0000000 | A 0.0000000 | A 0.0000000 | A 0.0000000 | A 0.0000000 | A 0.0000000 | A 0.0000000 | A 0.0000000 | A 0.0000000 | A 0.0000000 | A 0.0000000 | A 0.0000000 |
73o | A 0.0000000 | A 0.0000000 | A 0.0000000 | A 0.0000000 | A 0.0000000 | A 0.0000000 | A 0.0000000 | A 0.0000000 | A 0.0000000 | A 0.0000000 | A 0.0000000 | A 0.0000000 | A 0.0000000 | A 0.0000000 |
73s | A 0.0000000 | A 0.0000000 | A 0.0000000 | A 0.0000000 | A 0.0000000 | A 0.0000000 | A 0.0000000 | A 0.0000000 | A 0.0000000 | A 0.0000000 | A 0.0000000 | A 0.0000000 | A 0.0000000 | A 0.0000000 |
74o | A 0.0000000 | A 0.0000000 | A 0.0000000 | A 0.0000000 | A 0.0000000 | A 0.0000000 | A 0.0000000 | A 0.0000000 | A 0.0000000 | A 0.0000000 | A 0.0000000 | A 0.0000000 | A 0.0000000 | A 0.0000000 |
74s | A 0.0000000 | A 0.0000000 | A 0.0000000 | A 0.0000000 | A 0.0000000 | A 0.0000000 | A 0.0000000 | A 0.0000000 | A 0.0000000 | A 0.0000000 | A 0.0000000 | A 0.0000000 | A 0.0000000 | A 0.0000000 |
75o | A 0.0000000 | A 0.0000000 | A 0.0000000 | A 0.0000000 | A 0.0000000 | A 0.0000000 | A 0.0000000 | A 0.0000000 | A 0.0000000 | A 0.0000000 | A 0.0000000 | A 0.0000000 | A 0.0000000 | A 0.0000000 |
75s | A 0.0000000 | A 0.0000000 | A 0.0000000 | A 0.0000000 | A 0.0000000 | A 0.0000000 | A 0.0000000 | A 0.0000000 | A 0.0000000 | A 0.0000000 | A 0.0000000 | A 0.0000000 | A 0.0000000 | A 0.0000000 |
76o | A 0.0000000 | A 0.0000000 | A 0.0000000 | A 0.0000000 | A 0.0000000 | A 0.0000000 | A 0.0000000 | A 0.0000000 | A 0.0000000 | A 0.0000000 | A 0.0000000 | A 0.0000000 | A 0.0000000 | A 0.0000000 |
76s | A 0.0000000 | A 0.0000000 | A 0.0000000 | A 0.0000000 | A 0.0000000 | A 0.0000000 | A 0.0000000 | A 0.0000000 | A 0.0000000 | A 0.0000000 | A 0.0000000 | A 0.0000000 | A 0.0000000 | A 0.0000000 |
77o | A 0.0000000 | A 0.0000000 | A 0.0000000 | A 0.0000000 | A 0.0000000 | A 0.0000000 | A 0.0000000 | A 0.0000000 | A 0.0000000 | A 0.0000000 | A 0.0000000 | A 0.0000000 | A 0.0000000 | A 0.0000000 |
82o | A 0.0000000 | A 0.0000000 | A 0.0000000 | A 0.0000000 | A 0.0000000 | A 0.0000000 | A 0.0000000 | A 0.0000000 | A 0.0000000 | A 0.0000000 | A 0.0000000 | A 0.0000000 | A 0.0000000 | A 0.0000000 |
82s | A 0.0000000 | A 0.0000000 | A 0.0000000 | A 0.0000000 | A 0.0000000 | A 0.0000000 | A 0.0000000 | A 0.0000000 | A 0.0000000 | A 0.0000000 | A 0.0000000 | A 0.0000000 | A 0.0000000 | A 0.0000000 |
83o | A 0.0000000 | A 0.0000000 | A 0.0000000 | A 0.0000000 | A 0.0000000 | A 0.0000000 | A 0.0000000 | A 0.0000000 | A 0.0000000 | A 0.0000000 | A 0.0000000 | A 0.0000000 | A 0.0000000 | A 0.0000000 |
83s | A 0.0000000 | A 0.0000000 | A 0.0000000 | A 0.0000000 | A 0.0000000 | A 0.0000000 | A 0.0000000 | A 0.0000000 | A 0.0000000 | A 0.0000000 | A 0.0000000 | A 0.0000000 | A 0.0000000 | A 0.0000000 |
84o | A 0.0000000 | A 0.0000000 | A 0.0000000 | A 0.0000000 | A 0.0000000 | A 0.0000000 | A 0.0000000 | A 0.0000000 | A 0.0000000 | A 0.0000000 | A 0.0000000 | A 0.0000000 | A 0.0000000 | A 0.0000000 |
84s | A 0.0000000 | A 0.0000000 | A 0.0000000 | A 0.0000000 | A 0.0000000 | A 0.0000000 | A 0.0000000 | A 0.0000000 | A 0.0000000 | A 0.0000000 | A 0.0000000 | A 0.0000000 | A 0.0000000 | A 0.0000000 |
85o | A 0.0000000 | A 0.0000000 | A 0.0000000 | A 0.0000000 | A 0.0000000 | A 0.0000000 | A 0.0000000 | A 0.0000000 | A 0.0000000 | A 0.0000000 | A 0.0000000 | A 0.0000000 | A 0.0000000 | A 0.0000000 |
85s | A 0.0000000 | A 0.0000000 | A 0.0000000 | A 0.0000000 | A 0.0000000 | A 0.0000000 | A 0.0000000 | A 0.0000000 | A 0.0000000 | A 0.0000000 | A 0.0000000 | A 0.0000000 | A 0.0000000 | A 0.0000000 |
86o | A 0.0000000 | A 0.0000000 | A 0.0000000 | A 0.0000000 | A 0.0000000 | A 0.0000000 | A 0.0000000 | A 0.0000000 | A 0.0000000 | A 0.0000000 | A 0.0000000 | A 0.0000000 | A 0.0000000 | A 0.0000000 |
86s | A 0.0000000 | A 0.0000000 | A 0.0000000 | A 0.0000000 | A 0.0000000 | A 0.0000000 | A 0.0000000 | A 0.0000000 | A 0.0000000 | A 0.0000000 | A 0.0000000 | A 0.0000000 | A 0.0000000 | A 0.0000000 |
87o | A 0.0000000 | A 0.0000000 | A 0.0000000 | A 0.0000000 | A 0.0000000 | A 0.0000000 | A 0.0000000 | A 0.0000000 | A 0.0000000 | A 0.0000000 | A 0.0000000 | A 0.0000000 | A 0.0000000 | A 0.0000000 |
87s | A 0.0000000 | A 0.0000000 | A 0.0000000 | A 0.0000000 | A 0.0000000 | A 0.0000000 | A 0.0000000 | A 0.0000000 | A 0.0000000 | A 0.0000000 | A 0.0000000 | A 0.0000000 | A 0.0000000 | A 0.0000000 |
88o | A 0.0000000 | A 0.0000000 | A 0.0000000 | A 0.0000000 | A 0.0000000 | A 0.0000000 | A 0.0000000 | A 0.0000000 | A 0.0000000 | A 0.0000000 | A 0.0000000 | A 0.0000000 | A 0.0000000 | A 0.0000000 |
92o | A 0.0000000 | A 0.0000000 | A 0.0000000 | A 0.0000000 | A 0.0000000 | A 0.0000000 | A 0.0000000 | A 0.0000000 | A 0.0000000 | A 0.0000000 | A 0.0000000 | A 0.0000000 | A 0.0000000 | A 0.0000000 |
92s | A 0.0000000 | A 0.0000000 | A 0.0000000 | A 0.0000000 | A 0.0000000 | A 0.0000000 | A 0.0000000 | A 0.0000000 | A 0.0000000 | A 0.0000000 | A 0.0000000 | A 0.0000000 | A 0.0000000 | A 0.0000000 |
93o | A 0.0000000 | A 0.0000000 | A 0.0000000 | A 0.0000000 | A 0.0000000 | A 0.0000000 | A 0.0000000 | A 0.0000000 | A 0.0000000 | A 0.0000000 | A 0.0000000 | A 0.0000000 | A 0.0000000 | A 0.0000000 |
93s | A 0.0000000 | A 0.0000000 | A 0.0000000 | A 0.0000000 | A 0.0000000 | A 0.0000000 | A 0.0000000 | A 0.0000000 | A 0.0000000 | A 0.0000000 | A 0.0000000 | A 0.0000000 | A 0.0000000 | A 0.0000000 |
94o | A 0.0000000 | A 0.0000000 | A 0.0000000 | A 0.0000000 | A 0.0000000 | A 0.0000000 | A 0.0000000 | A 0.0000000 | A 0.0000000 | A 0.0000000 | A 0.0000000 | A 0.0000000 | A 0.0000000 | A 0.0000000 |
94s | A 0.0000000 | A 0.0000000 | A 0.0000000 | A 0.0000000 | A 0.0000000 | A 0.0000000 | A 0.0000000 | A 0.0000000 | A 0.0000000 | A 0.0000000 | A 0.0000000 | A 0.0000000 | A 0.0000000 | A 0.0000000 |
95o | A 0.0000000 | A 0.0000000 | A 0.0000000 | A 0.0000000 | A 0.0000000 | A 0.0000000 | A 0.0000000 | A 0.0000000 | A 0.0000000 | A 0.0000000 | A 0.0000000 | A 0.0000000 | A 0.0000000 | A 0.0000000 |
95s | A 0.0000000 | A 0.0000000 | A 0.0000000 | A 0.0000000 | A 0.0000000 | A 0.0000000 | A 0.0000000 | A 0.0000000 | A 0.0000000 | A 0.0000000 | A 0.0000000 | A 0.0000000 | A 0.0000000 | A 0.0000000 |
96o | A 0.0000000 | A 0.0000000 | A 0.0000000 | A 0.0000000 | A 0.0000000 | A 0.0000000 | A 0.0000000 | A 0.0000000 | A 0.0000000 | A 0.0000000 | A 0.0000000 | A 0.0000000 | A 0.0000000 | A 0.0000000 |
96s | A 0.0000000 | A 0.0000000 | A 0.0000000 | A 0.0000000 | A 0.0000000 | A 0.0000000 | A 0.0000000 | A 0.0000000 | A 0.0000000 | A 0.0000000 | A 0.0000000 | A 0.0000000 | A 0.0000000 | A 0.0000000 |
97o | A 0.0000000 | A 0.0000000 | A 0.0000000 | A 0.0000000 | A 0.0000000 | A 0.0000000 | A 0.0000000 | A 0.0000000 | A 0.0000000 | A 0.0000000 | A 0.0000000 | A 0.0000000 | A 0.0000000 | A 0.0000000 |
97s | A 0.0000000 | A 0.0000000 | A 0.0000000 | A 0.0000000 | A 0.0000000 | A 0.0000000 | A 0.0000000 | A 0.0000000 | A 0.0000000 | A 0.0000000 | A 0.0000000 | A 0.0000000 | A 0.0000000 | A 0.0000000 |
98o | A 0.0000000 | A 0.0000000 | A 0.0000000 | A 0.0000000 | A 0.0000000 | A 0.0000000 | A 0.0000000 | A 0.0000000 | A 0.0000000 | A 0.0000000 | A 0.0000000 | A 0.0000000 | A 0.0000000 | A 0.0000000 |
98s | A 0.0000000 | A 0.0000000 | A 0.0000000 | A 0.0000000 | A 0.0000000 | A 0.0000000 | A 0.0000000 | A 0.0000000 | A 0.0000000 | A 0.0000000 | A 0.0000000 | A 0.0000000 | A 0.0000000 | A 0.0000000 |
99o | A 0.0000000 | A 0.0000000 | A 0.0000000 | A 0.0000000 | A 0.0000000 | A 0.0000000 | A 0.0000000 | A 0.0000000 | A 0.0000000 | A 0.0000000 | A 0.0000000 | A 0.0000000 | A 0.0000000 | A 0.0000000 |
T2o | A 0.0000000 | A 0.0000000 | A 0.0000000 | A 0.0000000 | A 0.0000000 | A 0.0000000 | A 0.0000000 | A 0.0000000 | A 0.0000000 | A 0.0000000 | A 0.0000000 | A 0.0000000 | A 0.0000000 | A 0.0000000 |
T2s | A 0.0000000 | A 0.0000000 | A 0.0000000 | A 0.0000000 | A 0.0000000 | A 0.0000000 | A 0.0000000 | A 0.0000000 | A 0.0000000 | A 0.0000000 | A 0.0000000 | A 0.0000000 | A 0.0000000 | A 0.0000000 |
T3o | A 0.0000000 | A 0.0000000 | A 0.0000000 | A 0.0000000 | A 0.0000000 | A 0.0000000 | A 0.0000000 | A 0.0000000 | A 0.0000000 | A 0.0000000 | A 0.0000000 | A 0.0000000 | A 0.0000000 | A 0.0000000 |
T3s | A 0.0000000 | A 0.0000000 | A 0.0000000 | A 0.0000000 | A 0.0000000 | A 0.0000000 | A 0.0000000 | A 0.0000000 | A 0.0000000 | A 0.0000000 | A 0.0000000 | A 0.0000000 | A 0.0000000 | A 0.0000000 |
T4o | A 0.0000000 | A 0.0000000 | A 0.0000000 | A 0.0000000 | A 0.0000000 | A 0.0000000 | A 0.0000000 | A 0.0000000 | A 0.0000000 | A 0.0000000 | A 0.0000000 | A 0.0000000 | A 0.0000000 | A 0.0000000 |
T4s | A 0.0000000 | A 0.0000000 | A 0.0000000 | A 0.0000000 | A 0.0000000 | A 0.0000000 | A 0.0000000 | A 0.0000000 | A 0.0000000 | A 0.0000000 | A 0.0000000 | A 0.0000000 | A 0.0000000 | A 0.0000000 |
T5o | A 0.0000000 | A 0.0000000 | A 0.0000000 | A 0.0000000 | A 0.0000000 | A 0.0000000 | A 0.0000000 | A 0.0000000 | A 0.0000000 | A 0.0000000 | A 0.0000000 | A 0.0000000 | A 0.0000000 | A 0.0000000 |
T5s | A 0.0000000 | A 0.0000000 | A 0.0000000 | A 0.0000000 | A 0.0000000 | A 0.0000000 | A 0.0000000 | A 0.0000000 | A 0.0000000 | A 0.0000000 | A 0.0000000 | A 0.0000000 | A 0.0000000 | A 0.0000000 |
T6o | A 0.0000000 | A 0.0000000 | A 0.0000000 | A 0.0000000 | A 0.0000000 | A 0.0000000 | A 0.0000000 | A 0.0000000 | A 0.0000000 | A 0.0000000 | A 0.0000000 | A 0.0000000 | A 0.0000000 | A 0.0000000 |
T6s | A 0.0000000 | A 0.0000000 | A 0.0000000 | A 0.0000000 | A 0.0000000 | A 0.0000000 | A 0.0000000 | A 0.0000000 | A 0.0000000 | A 0.0000000 | A 0.0000000 | A 0.0000000 | A 0.0000000 | A 0.0000000 |
T7o | A 0.0000000 | A 0.0000000 | A 0.0000000 | A 0.0000000 | A 0.0000000 | A 0.0000000 | A 0.0000000 | A 0.0000000 | A 0.0000000 | A 0.0000000 | A 0.0000000 | A 0.0000000 | A 0.0000000 | A 0.0000000 |
T7s | A 0.0000000 | A 0.0000000 | A 0.0000000 | A 0.0000000 | A 0.0000000 | A 0.0000000 | A 0.0000000 | A 0.0000000 | A 0.0000000 | A 0.0000000 | A 0.0000000 | A 0.0000000 | A 0.0000000 | A 0.0000000 |
T8o | A 0.0000000 | A 0.0000000 | A 0.0000000 | A 0.0000000 | A 0.0000000 | A 0.0000000 | A 0.0000000 | A 0.0000000 | A 0.0000000 | A 0.0000000 | A 0.0000000 | A 0.0000000 | A 0.0000000 | A 0.0000000 |
T8s | A 0.0000000 | A 0.0000000 | A 0.0000000 | A 0.0000000 | A 0.0000000 | A 0.0000000 | A 0.0000000 | A 0.0000000 | A 0.0000000 | A 0.0000000 | A 0.0000000 | A 0.0000000 | A 0.0000000 | A 0.0000000 |
T9o | A 0.0000000 | A 0.0000000 | A 0.0000000 | A 0.0000000 | A 0.0000000 | A 0.0000000 | A 0.0000000 | A 0.0000000 | A 0.0000000 | A 0.0000000 | A 0.0000000 | A 0.0000000 | A 0.0000000 | A 0.0000000 |
T9s | A 0.0000000 | A 0.0000000 | A 0.0000000 | A 0.0000000 | A 0.0000000 | A 0.0000000 | A 0.0000000 | A 0.0000000 | A 0.0000000 | A 0.0000000 | A 0.0000000 | A 0.0000000 | A 0.0000000 | A 0.0000000 |
TTo | A 0.0000000 | A 0.0000000 | A 0.0000000 | A 0.0000000 | A 0.0000000 | A 0.0000000 | A 0.0000000 | A 0.0000000 | A 0.0000000 | A 0.0000000 | A 0.0000000 | A 0.0000000 | A 0.0000000 | A 0.0000000 |
J2o | A 0.0000000 | A 0.0000000 | A 0.0000000 | A 0.0000000 | A 0.0000000 | A 0.0000000 | A 0.0000000 | A 0.0000000 | A 0.0000000 | A 0.0000000 | A 0.0000000 | A 0.0000000 | A 0.0000000 | A 0.0000000 |
J2s | A 0.0000000 | A 0.0000000 | A 0.0000000 | A 0.0000000 | A 0.0000000 | A 0.0000000 | A 0.0000000 | A 0.0000000 | A 0.0000000 | A 0.0000000 | A 0.0000000 | A 0.0000000 | A 0.0000000 | A 0.0000000 |
J3o | A 0.0000000 | A 0.0000000 | A 0.0000000 | A 0.0000000 | A 0.0000000 | A 0.0000000 | A 0.0000000 | A 0.0000000 | A 0.0000000 | A 0.0000000 | A 0.0000000 | A 0.0000000 | A 0.0000000 | A 0.0000000 |
J3s | A 0.0000000 | A 0.0000000 | A 0.0000000 | A 0.0000000 | A 0.0000000 | A 0.0000000 | A 0.0000000 | A 0.0000000 | A 0.0000000 | A 0.0000000 | A 0.0000000 | A 0.0000000 | A 0.0000000 | A 0.0000000 |
J4o | A 0.0000000 | A 0.0000000 | A 0.0000000 | A 0.0000000 | A 0.0000000 | A 0.0000000 | A 0.0000000 | A 0.0000000 | A 0.0000000 | A 0.0000000 | A 0.0000000 | A 0.0000000 | A 0.0000000 | A 0.0000000 |
J4s | A 0.0000000 | A 0.0000000 | A 0.0000000 | A 0.0000000 | A 0.0000000 | A 0.0000000 | A 0.0000000 | A 0.0000000 | A 0.0000000 | A 0.0000000 | A 0.0000000 | A 0.0000000 | A 0.0000000 | A 0.0000000 |
J5o | A 0.0000000 | A 0.0000000 | A 0.0000000 | A 0.0000000 | A 0.0000000 | A 0.0000000 | A 0.0000000 | A 0.0000000 | A 0.0000000 | A 0.0000000 | A 0.0000000 | A 0.0000000 | A 0.0000000 | A 0.0000000 |
J5s | A 0.0000000 | A 0.0000000 | A 0.0000000 | A 0.0000000 | A 0.0000000 | A 0.0000000 | A 0.0000000 | A 0.0000000 | A 0.0000000 | A 0.0000000 | A 0.0000000 | A 0.0000000 | A 0.0000000 | A 0.0000000 |
J6o | A 0.0000000 | A 0.0000000 | A 0.0000000 | A 0.0000000 | A 0.0000000 | A 0.0000000 | A 0.0000000 | A 0.0000000 | A 0.0000000 | A 0.0000000 | A 0.0000000 | A 0.0000000 | A 0.0000000 | A 0.0000000 |
J6s | A 0.0000000 | A 0.0000000 | A 0.0000000 | A 0.0000000 | A 0.0000000 | A 0.0000000 | A 0.0000000 | A 0.0000000 | A 0.0000000 | A 0.0000000 | A 0.0000000 | A 0.0000000 | A 0.0000000 | A 0.0000000 |
J7o | A 0.0000000 | A 0.0000000 | A 0.0000000 | A 0.0000000 | A 0.0000000 | A 0.0000000 | A 0.0000000 | A 0.0000000 | A 0.0000000 | A 0.0000000 | A 0.0000000 | A 0.0000000 | A 0.0000000 | A 0.0000000 |
J7s | A 0.0000000 | A 0.0000000 | A 0.0000000 | A 0.0000000 | A 0.0000000 | A 0.0000000 | A 0.0000000 | A 0.0000000 | A 0.0000000 | A 0.0000000 | A 0.0000000 | A 0.0000000 | A 0.0000000 | A 0.0000000 |
J8o | A 0.0000000 | A 0.0000000 | A 0.0000000 | A 0.0000000 | A 0.0000000 | A 0.0000000 | A 0.0000000 | A 0.0000000 | A 0.0000000 | A 0.0000000 | A 0.0000000 | A 0.0000000 | A 0.0000000 | A 0.0000000 |
J8s | A 0.0000000 | A 0.0000000 | A 0.0000000 | A 0.0000000 | A 0.0000000 | A 0.0000000 | A 0.0000000 | A 0.0000000 | A 0.0000000 | A 0.0000000 | A 0.0000000 | A 0.0000000 | A 0.0000000 | A 0.0000000 |
J9o | A 0.0000000 | A 0.0000000 | A 0.0000000 | A 0.0000000 | A 0.0000000 | A 0.0000000 | A 0.0000000 | A 0.0000000 | A 0.0000000 | A 0.0000000 | A 0.0000000 | A 0.0000000 | A 0.0000000 | A 0.0000000 |
J9s | A 0.0000000 | A 0.0000000 | A 0.0000000 | A 0.0000000 | A 0.0000000 | A 0.0000000 | A 0.0000000 | A 0.0000000 | A 0.0000000 | A 0.0000000 | A 0.0000000 | A 0.0000000 | A 0.0000000 | A 0.0000000 |
JTo | A 0.0000000 | A 0.0000000 | A 0.0000000 | A 0.0000000 | A 0.0000000 | A 0.0000000 | A 0.0000000 | A 0.0000000 | A 0.0000000 | A 0.0000000 | A 0.0000000 | A 0.0000000 | A 0.0000000 | A 0.0000000 |
JTs | A 0.0000000 | A 0.0000000 | A 0.0000000 | A 0.0000000 | A 0.0000000 | A 0.0000000 | A 0.0000000 | A 0.0000000 | A 0.0000000 | A 0.0000000 | A 0.0000000 | A 0.0000000 | A 0.0000000 | A 0.0000000 |
JJo | A 0.0000000 | A 0.0000000 | A 0.0000000 | A 0.0000000 | A 0.0000000 | A 0.0000000 | A 0.0000000 | A 0.0000000 | A 0.0000000 | A 0.0000000 | A 0.0000000 | A 0.0000000 | A 0.0000000 | A 0.0000000 |
Q2o | A 0.0000000 | A 0.0000000 | A 0.0000000 | A 0.0000000 | A 0.0000000 | A 0.0000000 | A 0.0000000 | A 0.0000000 | A 0.0000000 | A 0.0000000 | A 0.0000000 | A 0.0000000 | A 0.0000000 | A 0.0000000 |
Q2s | A 0.0000000 | A 0.0000000 | A 0.0000000 | A 0.0000000 | A 0.0000000 | A 0.0000000 | A 0.0000000 | A 0.0000000 | A 0.0000000 | A 0.0000000 | A 0.0000000 | A 0.0000000 | A 0.0000000 | A 0.0000000 |
Q3o | A 0.0000000 | A 0.0000000 | A 0.0000000 | A 0.0000000 | A 0.0000000 | A 0.0000000 | A 0.0000000 | A 0.0000000 | A 0.0000000 | A 0.0000000 | A 0.0000000 | A 0.0000000 | A 0.0000000 | A 0.0000000 |
Q3s | A 0.0000000 | A 0.0000000 | A 0.0000000 | A 0.0000000 | A 0.0000000 | A 0.0000000 | A 0.0000000 | A 0.0000000 | A 0.0000000 | A 0.0000000 | A 0.0000000 | A 0.0000000 | A 0.0000000 | A 0.0000000 |
Q4o | A 0.0000000 | A 0.0000000 | A 0.0000000 | A 0.0000000 | A 0.0000000 | A 0.0000000 | A 0.0000000 | A 0.0000000 | A 0.0000000 | A 0.0000000 | A 0.0000000 | A 0.0000000 | A 0.0000000 | A 0.0000000 |
Q4s | A 0.0000000 | A 0.0000000 | A 0.0000000 | A 0.0000000 | A 0.0000000 | A 0.0000000 | A 0.0000000 | A 0.0000000 | A 0.0000000 | A 0.0000000 | A 0.0000000 | A 0.0000000 | A 0.0000000 | A 0.0000000 |
Q5o | A 0.0000000 | A 0.0000000 | A 0.0000000 | A 0.0000000 | A 0.0000000 | A 0.0000000 | A 0.0000000 | A 0.0000000 | A 0.0000000 | A 0.0000000 | A 0.0000000 | A 0.0000000 | A 0.0000000 | A 0.0000000 |
Q5s | A 0.0000000 | A 0.0000000 | A 0.0000000 | A 0.0000000 | A 0.0000000 | A 0.0000000 | A 0.0000000 | A 0.0000000 | A 0.0000000 | A 0.0000000 | A 0.0000000 | A 0.0000000 | A 0.0000000 | A 0.0000000 |
Q6o | A 0.0000000 | A 0.0000000 | A 0.0000000 | A 0.0000000 | A 0.0000000 | A 0.0000000 | A 0.0000000 | A 0.0000000 | F 1.1800000 | A 0.0000000 | A 0.0000000 | A 0.0000000 | A 0.0000000 | A 0.0000000 |
Q6s | A 0.0000000 | A 0.0000000 | A 0.0000000 | A 0.0000000 | A 0.0000000 | A 0.0000000 | A 0.0000000 | A 0.0000000 | A 0.0000000 | A 0.0000000 | A 0.0000000 | A 0.0000000 | A 0.0000000 | A 0.0000000 |
Q7o | A 0.0000000 | A 0.0000000 | A 0.0000000 | A 0.0000000 | A 0.0000000 | A 0.0000000 | A 0.0000000 | A 0.0000000 | A 0.0000000 | A 0.0000000 | A 0.0000000 | A 0.0000000 | A 0.0000000 | A 0.0000000 |
Q7s | A 0.0000000 | A 0.0000000 | A 0.0000000 | A 0.0000000 | A 0.0000000 | A 0.0000000 | A 0.0000000 | A 0.0000000 | A 0.0000000 | A 0.0000000 | A 0.0000000 | A 0.0000000 | A 0.0000000 | A 0.0000000 |
Q8o | A 0.0000000 | A 0.0000000 | A 0.0000000 | A 0.0000000 | A 0.0000000 | A 0.0000000 | A 0.0000000 | A 0.0000000 | A 0.0000000 | A 0.0000000 | A 0.0000000 | A 0.0000000 | A 0.0000000 | A 0.0000000 |
Q8s | A 0.0000000 | A 0.0000000 | A 0.0000000 | A 0.0000000 | A 0.0000000 | A 0.0000000 | A 0.0000000 | A 0.0000000 | A 0.0000000 | A 0.0000000 | A 0.0000000 | A 0.0000000 | A 0.0000000 | A 0.0000000 |
Q9o | A 0.0000000 | A 0.0000000 | A 0.0000000 | A 0.0000000 | A 0.0000000 | A 0.0000000 | A 0.0000000 | A 0.0000000 | A 0.0000000 | A 0.0000000 | A 0.0000000 | A 0.0000000 | A 0.0000000 | A 0.0000000 |
Q9s | A 0.0000000 | A 0.0000000 | A 0.0000000 | A 0.0000000 | A 0.0000000 | A 0.0000000 | A 0.0000000 | A 0.0000000 | A 0.0000000 | A 0.0000000 | A 0.0000000 | A 0.0000000 | A 0.0000000 | A 0.0000000 |
QTo | A 0.0000000 | A 0.0000000 | A 0.0000000 | A 0.0000000 | A 0.0000000 | A 0.0000000 | A 0.0000000 | A 0.0000000 | A 0.0000000 | A 0.0000000 | A 0.0000000 | A 0.0000000 | A 0.0000000 | A 0.0000000 |
QTs | A 0.0000000 | A 0.0000000 | A 0.0000000 | A 0.0000000 | A 0.0000000 | A 0.0000000 | A 0.0000000 | A 0.0000000 | A 0.0000000 | A 0.0000000 | A 0.0000000 | A 0.0000000 | A 0.0000000 | A 0.0000000 |
QJo | A 0.0000000 | A 0.0000000 | A 0.0000000 | A 0.0000000 | A 0.0000000 | A 0.0000000 | A 0.0000000 | A 0.0000000 | A 0.0000000 | A 0.0000000 | A 0.0000000 | A 0.0000000 | A 0.0000000 | A 0.0000000 |
QJs | A 0.0000000 | A 0.0000000 | A 0.0000000 | A 0.0000000 | A 0.0000000 | A 0.0000000 | A 0.0000000 | A 0.0000000 | A 0.0000000 | A 0.0000000 | A 0.0000000 | A 0.0000000 | A 0.0000000 | A 0.0000000 |
QQo | A 0.0000000 | A 0.0000000 | A 0.0000000 | A 0.0000000 | A 0.0000000 | A 0.0000000 | A 0.0000000 | A 0.0000000 | A 0.0000000 | A 0.0000000 | A 0.0000000 | A 0.0000000 | A 0.0000000 | A 0.0000000 |
K2o | A 0.0000000 | A 0.0000000 | A 0.0000000 | A 0.0000000 | A 0.0000000 | A 0.0000000 | A 0.0000000 | A 0.0000000 | A 0.0000000 | A 0.0000000 | A 0.0000000 | A 0.0000000 | A 0.0000000 | A 0.0000000 |
K2s | A 0.0000000 | A 0.0000000 | A 0.0000000 | A 0.0000000 | A 0.0000000 | A 0.0000000 | A 0.0000000 | A 0.0000000 | A 0.0000000 | A 0.0000000 | A 0.0000000 | A 0.0000000 | A 0.0000000 | A 0.0000000 |
K3o | A 0.0000000 | A 0.0000000 | A 0.0000000 | A 0.0000000 | A 0.0000000 | A 0.0000000 | A 0.0000000 | A 0.0000000 | A 0.0000000 | A 0.0000000 | A 0.0000000 | A 0.0000000 | A 0.0000000 | A 0.0000000 |
K3s | A 0.0000000 | A 0.0000000 | A 0.0000000 | A 0.0000000 | A 0.0000000 | A 0.0000000 | A 0.0000000 | A 0.0000000 | A 0.0000000 | A 0.0000000 | A 0.0000000 | A 0.0000000 | A 0.0000000 | A 0.0000000 |
K4o | A 0.0000000 | A 0.0000000 | A 0.0000000 | A 0.0000000 | A 0.0000000 | A 0.0000000 | A 0.0000000 | A 0.0000000 | A 0.0000000 | A 0.0000000 | A 0.0000000 | A 0.0000000 | A 0.0000000 | A 0.0000000 |
K4s | A 0.0000000 | A 0.0000000 | A 0.0000000 | A 0.0000000 | A 0.0000000 | A 0.0000000 | A 0.0000000 | A 0.0000000 | A 0.0000000 | A 0.0000000 | A 0.0000000 | A 0.0000000 | A 0.0000000 | A 0.0000000 |
K5o | A 0.0000000 | A 0.0000000 | A 0.0000000 | A 0.0000000 | A 0.0000000 | A 0.0000000 | A 0.0000000 | A 0.0000000 | A 0.0000000 | A 0.0000000 | A 0.0000000 | A 0.0000000 | A 0.0000000 | A 0.0000000 |
K5s | A 0.0000000 | A 0.0000000 | A 0.0000000 | A 0.0000000 | A 0.0000000 | A 0.0000000 | A 0.0000000 | A 0.0000000 | A 0.0000000 | A 0.0000000 | A 0.0000000 | A 0.0000000 | A 0.0000000 | A 0.0000000 |
K6o | A 0.0000000 | A 0.0000000 | A 0.0000000 | A 0.0000000 | A 0.0000000 | A 0.0000000 | A 0.0000000 | A 0.0000000 | A 0.0000000 | A 0.0000000 | A 0.0000000 | A 0.0000000 | A 0.0000000 | A 0.0000000 |
K6s | A 0.0000000 | A 0.0000000 | A 0.0000000 | A 0.0000000 | A 0.0000000 | A 0.0000000 | A 0.0000000 | A 0.0000000 | A 0.0000000 | A 0.0000000 | A 0.0000000 | A 0.0000000 | A 0.0000000 | A 0.0000000 |
K7o | A 0.0000000 | A 0.0000000 | A 0.0000000 | A 0.0000000 | A 0.0000000 | A 0.0000000 | A 0.0000000 | A 0.0000000 | A 0.0000000 | A 0.0000000 | A 0.0000000 | A 0.0000000 | A 0.0000000 | A 0.0000000 |
K7s | A 0.0000000 | A 0.0000000 | A 0.0000000 | A 0.0000000 | A 0.0000000 | A 0.0000000 | A 0.0000000 | A 0.0000000 | A 0.0000000 | A 0.0000000 | A 0.0000000 | A 0.0000000 | A 0.0000000 | A 0.0000000 |
K8o | A 0.0000000 | A 0.0000000 | A 0.0000000 | A 0.0000000 | A 0.0000000 | A 0.0000000 | A 0.0000000 | A 0.0000000 | A 0.0000000 | A 0.0000000 | A 0.0000000 | A 0.0000000 | A 0.0000000 | A 0.0000000 |
K8s | A 0.0000000 | A 0.0000000 | A 0.0000000 | A 0.0000000 | A 0.0000000 | A 0.0000000 | A 0.0000000 | A 0.0000000 | A 0.0000000 | A 0.0000000 | A 0.0000000 | A 0.0000000 | A 0.0000000 | A 0.0000000 |
K9o | A 0.0000000 | A 0.0000000 | A 0.0000000 | A 0.0000000 | A 0.0000000 | A 0.0000000 | A 0.0000000 | A 0.0000000 | A 0.0000000 | A 0.0000000 | A 0.0000000 | A 0.0000000 | A 0.0000000 | A 0.0000000 |
K9s | A 0.0000000 | A 0.0000000 | A 0.0000000 | A 0.0000000 | A 0.0000000 | A 0.0000000 | A 0.0000000 | A 0.0000000 | A 0.0000000 | A 0.0000000 | A 0.0000000 | A 0.0000000 | A 0.0000000 | A 0.0000000 |
KTo | A 0.0000000 | A 0.0000000 | A 0.0000000 | A 0.0000000 | A 0.0000000 | A 0.0000000 | A 0.0000000 | A 0.0000000 | A 0.0000000 | A 0.0000000 | A 0.0000000 | A 0.0000000 | A 0.0000000 | A 0.0000000 |
KTs | A 0.0000000 | A 0.0000000 | A 0.0000000 | A 0.0000000 | A 0.0000000 | A 0.0000000 | A 0.0000000 | A 0.0000000 | A 0.0000000 | A 0.0000000 | A 0.0000000 | A 0.0000000 | A 0.0000000 | A 0.0000000 |
KJo | A 0.0000000 | A 0.0000000 | A 0.0000000 | A 0.0000000 | A 0.0000000 | A 0.0000000 | A 0.0000000 | A 0.0000000 | A 0.0000000 | A 0.0000000 | A 0.0000000 | A 0.0000000 | A 0.0000000 | A 0.0000000 |
KJs | A 0.0000000 | A 0.0000000 | A 0.0000000 | A 0.0000000 | A 0.0000000 | A 0.0000000 | A 0.0000000 | A 0.0000000 | A 0.0000000 | A 0.0000000 | A 0.0000000 | A 0.0000000 | A 0.0000000 | A 0.0000000 |
KQo | A 0.0000000 | A 0.0000000 | A 0.0000000 | A 0.0000000 | A 0.0000000 | A 0.0000000 | A 0.0000000 | A 0.0000000 | A 0.0000000 | A 0.0000000 | A 0.0000000 | A 0.0000000 | A 0.0000000 | A 0.0000000 |
KQs | A 0.0000000 | A 0.0000000 | A 0.0000000 | A 0.0000000 | A 0.0000000 | A 0.0000000 | A 0.0000000 | A 0.0000000 | A 0.0000000 | A 0.0000000 | A 0.0000000 | A 0.0000000 | A 0.0000000 | A 0.0000000 |
KKo | A 0.0000000 | A 0.0000000 | A 0.0000000 | A 0.0000000 | A 0.0000000 | A 0.0000000 | A 0.0000000 | A 0.0000000 | A 0.0000000 | A 0.0000000 | A 0.0000000 | A 0.0000000 | A 0.0000000 | A 0.0000000 |
A2o | A 0.0000000 | A 0.0000000 | A 0.0000000 | A 0.0000000 | A 0.0000000 | A 0.0000000 | A 0.0000000 | A 0.0000000 | A 0.0000000 | A 0.0000000 | A 0.0000000 | A 0.0000000 | A 0.0000000 | A 0.0000000 |
A2s | A 0.0000000 | A 0.0000000 | A 0.0000000 | A 0.0000000 | A 0.0000000 | A 0.0000000 | A 0.0000000 | A 0.0000000 | A 0.0000000 | A 0.0000000 | A 0.0000000 | A 0.0000000 | A 0.0000000 | A 0.0000000 |
A3o | A 0.0000000 | A 0.0000000 | A 0.0000000 | A 0.0000000 | A 0.0000000 | A 0.0000000 | A 0.0000000 | A 0.0000000 | A 0.0000000 | A 0.0000000 | A 0.0000000 | A 0.0000000 | A 0.0000000 | A 0.0000000 |
A3s | A 0.0000000 | A 0.0000000 | A 0.0000000 | A 0.0000000 | A 0.0000000 | A 0.0000000 | A 0.0000000 | A 0.0000000 | A 0.0000000 | A 0.0000000 | A 0.0000000 | A 0.0000000 | A 0.0000000 | A 0.0000000 |
A4o | A 0.0000000 | A 0.0000000 | A 0.0000000 | A 0.0000000 | A 0.0000000 | A 0.0000000 | A 0.0000000 | A 0.0000000 | A 0.0000000 | A 0.0000000 | A 0.0000000 | A 0.0000000 | A 0.0000000 | A 0.0000000 |
A4s | A 0.0000000 | A 0.0000000 | A 0.0000000 | A 0.0000000 | A 0.0000000 | A 0.0000000 | A 0.0000000 | A 0.0000000 | A 0.0000000 | A 0.0000000 | A 0.0000000 | A 0.0000000 | A 0.0000000 | A 0.0000000 |
A5o | A 0.0000000 | A 0.0000000 | A 0.0000000 | A 0.0000000 | A 0.0000000 | A 0.0000000 | A 0.0000000 | A 0.0000000 | A 0.0000000 | A 0.0000000 | A 0.0000000 | A 0.0000000 | A 0.0000000 | A 0.0000000 |
A5s | A 0.0000000 | A 0.0000000 | A 0.0000000 | A 0.0000000 | A 0.0000000 | A 0.0000000 | A 0.0000000 | A 0.0000000 | A 0.0000000 | A 0.0000000 | A 0.0000000 | A 0.0000000 | A 0.0000000 | A 0.0000000 |
A6o | A 0.0000000 | A 0.0000000 | A 0.0000000 | A 0.0000000 | A 0.0000000 | A 0.0000000 | A 0.0000000 | A 0.0000000 | A 0.0000000 | A 0.0000000 | A 0.0000000 | A 0.0000000 | A 0.0000000 | A 0.0000000 |
A6s | A 0.0000000 | A 0.0000000 | A 0.0000000 | A 0.0000000 | A 0.0000000 | A 0.0000000 | A 0.0000000 | A 0.0000000 | A 0.0000000 | A 0.0000000 | A 0.0000000 | A 0.0000000 | A 0.0000000 | A 0.0000000 |
A7o | A 0.0000000 | A 0.0000000 | A 0.0000000 | A 0.0000000 | A 0.0000000 | A 0.0000000 | A 0.0000000 | A 0.0000000 | A 0.0000000 | A 0.0000000 | A 0.0000000 | A 0.0000000 | A 0.0000000 | A 0.0000000 |
A7s | A 0.0000000 | A 0.0000000 | A 0.0000000 | A 0.0000000 | A 0.0000000 | A 0.0000000 | A 0.0000000 | A 0.0000000 | A 0.0000000 | A 0.0000000 | A 0.0000000 | A 0.0000000 | A 0.0000000 | A 0.0000000 |
A8o | A 0.0000000 | A 0.0000000 | A 0.0000000 | A 0.0000000 | A 0.0000000 | A 0.0000000 | A 0.0000000 | A 0.0000000 | A 0.0000000 | A 0.0000000 | A 0.0000000 | A 0.0000000 | A 0.0000000 | A 0.0000000 |
A8s | A 0.0000000 | A 0.0000000 | A 0.0000000 | A 0.0000000 | A 0.0000000 | A 0.0000000 | A 0.0000000 | A 0.0000000 | A 0.0000000 | A 0.0000000 | A 0.0000000 | A 0.0000000 | A 0.0000000 | A 0.0000000 |
A9o | A 0.0000000 | A 0.0000000 | A 0.0000000 | A 0.0000000 | A 0.0000000 | A 0.0000000 | A 0.0000000 | A 0.0000000 | A 0.0000000 | A 0.0000000 | A 0.0000000 | A 0.0000000 | A 0.0000000 | A 0.0000000 |
A9s | A 0.0000000 | A 0.0000000 | A 0.0000000 | A 0.0000000 | A 0.0000000 | A 0.0000000 | A 0.0000000 | A 0.0000000 | A 0.0000000 | A 0.0000000 | A 0.0000000 | A 0.0000000 | A 0.0000000 | A 0.0000000 |
ATo | A 0.0000000 | A 0.0000000 | A 0.0000000 | A 0.0000000 | A 0.0000000 | A 0.0000000 | A 0.0000000 | A 0.0000000 | A 0.0000000 | A 0.0000000 | A 0.0000000 | A 0.0000000 | A 0.0000000 | A 0.0000000 |
ATs | A 0.0000000 | A 0.0000000 | A 0.0000000 | A 0.0000000 | A 0.0000000 | A 0.0000000 | A 0.0000000 | A 0.0000000 | A 0.0000000 | A 0.0000000 | A 0.0000000 | A 0.0000000 | A 0.0000000 | A 0.0000000 |
AJo | A 0.0000000 | A 0.0000000 | A 0.0000000 | A 0.0000000 | A 0.0000000 | A 0.0000000 | A 0.0000000 | A 0.0000000 | A 0.0000000 | A 0.0000000 | A 0.0000000 | A 0.0000000 | A 0.0000000 | A 0.0000000 |
AJs | A 0.0000000 | A 0.0000000 | A 0.0000000 | A 0.0000000 | A 0.0000000 | A 0.0000000 | A 0.0000000 | A 0.0000000 | A 0.0000000 | A 0.0000000 | A 0.0000000 | A 0.0000000 | A 0.0000000 | A 0.0000000 |
AQo | A 0.0000000 | A 0.0000000 | A 0.0000000 | A 0.0000000 | A 0.0000000 | A 0.0000000 | A 0.0000000 | A 0.0000000 | A 0.0000000 | A 0.0000000 | A 0.0000000 | A 0.0000000 | A 0.0000000 | A 0.0000000 |
AQs | A 0.0000000 | A 0.0000000 | A 0.0000000 | A 0.0000000 | A 0.0000000 | A 0.0000000 | A 0.0000000 | A 0.0000000 | A 0.0000000 | A 0.0000000 | A 0.0000000 | A 0.0000000 | A 0.0000000 | A 0.0000000 |
AKo | A 0.0000000 | A 0.0000000 | A 0.0000000 | A 0.0000000 | A 0.0000000 | A 0.0000000 | A 0.0000000 | A 0.0000000 | A 0.0000000 | A 0.0000000 | A 0.0000000 | A 0.0000000 | A 0.0000000 | A 0.0000000 |
AKs | A 0.0000000 | A 0.0000000 | A 0.0000000 | A 0.0000000 | A 0.0000000 | A 0.0000000 | A 0.0000000 | A 0.0000000 | A 0.0000000 | A 0.0000000 | A 0.0000000 | A 0.0000000 | A 0.0000000 | A 0.0000000 |
AAo | A 0.0000000 | A 0.0000000 | A 0.0000000 | A 0.0000000 | A 0.0000000 | A 0.0000000 | A 0.0000000 | A 0.0000000 | A 0.0000000 | A 0.0000000 | A 0.0000000 | A 0.0000000 | A 0.0000000 | A 0.0000000 |


=====================================================================


HighCard: 20.000000
Pair: 52.500000
TwoPairs: 15.000000
Trips: 2.500000
Straight: 5.000000
Flush: 0.000000
FullHouse: 5.000000
Quads: 0.000000
StraightFlush: 0.000000

Empty-BigBlind: 0.000000
OneRaise-CutOff: 0.000000
OneRaise-Dealer: 0.000000
OneRaise-SmallBlind: 0.000000
TwoRaises-CutOff, Dealer: 0.000000
TwoRaises-CutOff, SmallBlind: 0.000000
TwoRaises-CutOff, BigBlind: 0.000000
TwoRaises-Dealer, SmallBlind: 0.000000
TwoRaises-Dealer, BigBlind: 100.000000
TwoRaises-SmallBlind, BigBlind: 0.000000
ThreeRaises-CutOff, Dealer, SmallBlind: 0.000000
ThreeRaises-CutOff, Dealer, BigBlind: 0.000000
ThreeRaises-CutOff, SmallBlind, BigBlind: 0.000000
ThreeRaises-Dealer, SmallBlind, BigBlind: 0.000000
FourRaises-CutOff, Dealer, SmallBlind, BigBlind: 0.000000

Jackpots:
CutOff:0.000000
Dealer:0.000000
SmallBlind:0.000000
BigBlind:0.000000


